id,name,total_calories,protein_g,carbohydrate_g,fat_g,saturated_fat_g,fiber_g,sugar_g,sodium_mg,cholesterol_mg,servings,meal_type,ingredients_json,nutrition_tags_json
371241,卡津小牛胫骨,927.8,132.8,17.9,32.6,12.8,1.6,2.3,788.8,533.2,4,breakfast,"[{""amount"":0.5,""name"":""黑胡椒"",""unit"":""""},{""amount"":0.5,""name"":""辣椒粉"",""unit"":""""},{""amount"":0.5,""name"":""辣椒粉"",""unit"":""""},{""amount"":1,""name"":""罗勒"",""unit"":""""},{""amount"":0.5,""name"":""百里香"",""unit"":""""},{""amount"":0.5,""name"":""面粉"",""unit"":""""},{""amount"":6,""name"":""黄油"",""unit"":""""},{""amount"":3,""name"":""洋葱"",""unit"":""""},{""amount"":1,""name"":""青椒"",""unit"":""""},{""amount"":0.5,""name"":""芹菜"",""unit"":""""},{""amount"":1,""name"":""蒜瓣"",""unit"":""""},{""amount"":3,""name"":""盐"",""unit"":""""},{""amount"":0.25,""name"":""黑胡椒"",""unit"":""""}]","[""蔬菜"",""肉"",""卡真"",""克里奥尔语"",""极低碳水化合物"",""高蛋白"",""高含量..."",""早午餐"",""少于4小时"",""小牛肉""]"
235997,龙蒿龙虾沙拉,703.1,128.9,11.2,12.8,2.2,0.3,1.5,2447.8,652,1,breakfast,"[{""amount"":4,""name"":""活龙虾"",""unit"":""""},{""amount"":1,""name"":""青葱"",""unit"":""""},{""amount"":3,""name"":""柠檬汁"",""unit"":""""},{""amount"":0.3333333333333333,""name"":""蛋黄酱"",""unit"":""""},{""amount"":0.5,""name"":""盐"",""unit"":""""},{""amount"":2,""name"":""新鲜龙蒿"",""unit"":""""},{""amount"":0.25,""name"":""黑胡椒"",""unit"":""""}]","[""龙虾"",""极低碳水化合物"",""高蛋白"",""健康"",""高含量..."",""夏季"",""早午餐"",""炉灶顶"",""少于4小时"",""简单"",""午餐/零食""]"
15329,乡村香肠,964.4,132.8,0.7,43.9,15.5,0.3,0.2,2202.7,389.9,1,breakfast,"[{""amount"":15,""name"":""猪肉"",""unit"":""""},{""amount"":4,""name"":""盐"",""unit"":""""},{""amount"":3,""name"":""鼠尾草"",""unit"":""""},{""amount"":4,""name"":""黑胡椒"",""unit"":""""}]","[""猪肉"",""禽肉"",""肉"",""极低碳水化合物"",""高蛋白"",""高含量..."",""辣味"",""少于60分钟"",""简单"",""早餐""]"
114240,热带火鸡里脊,984.5,119.2,34.2,41.5,7.1,6.5,20.1,573.2,281.5,1,breakfast,"[{""amount"":2,""name"":""火鸡里脊"",""unit"":""""},{""amount"":0.25,""name"":""芒果"",""unit"":""""},{""amount"":0.25,""name"":""红洋葱"",""unit"":""""},{""amount"":0.25,""name"":""菠萝"",""unit"":""""},{""amount"":0.25,""name"":""香蕉"",""unit"":""""},{""amount"":0.25,""name"":""青柠汁"",""unit"":""""},{""amount"":0.5,""name"":""大蒜"",""unit"":""""},{""amount"":1,""name"":""新鲜香菜"",""unit"":""""},{""amount"":1,""name"":""红糖"",""unit"":""""},{""amount"":1,""name"":""盐"",""unit"":""""},{""amount"":0.125,""name"":""胡椒"",""unit"":""""},{""amount"":0.125,""name"":""盐"",""unit"":""""},{""amount"":0.125,""name"":""辣椒粉"",""unit"":""""}]","[""肉"",""早午餐"",""少于60分钟"",""禽肉""]"
58466,西南橙香辣椒鸡配黑豆,817.2,115,35.6,20.3,4.6,8.1,11.5,600.7,290.8,1,breakfast,"[{""amount"":2,""name"":""去皮鸡肉"",""unit"":""""},{""amount"":3,""name"":""紫洋葱"",""unit"":""-4""},{""amount"":1,""name"":""蒜瓣"",""unit"":""""},{""amount"":4,""name"":""辣椒酱"",""unit"":""""},{""amount"":1.5,""name"":""黑豆"",""unit"":""""},{""amount"":0.75,""name"":""红甜椒"",""unit"":""""},{""amount"":3,""name"":""黑朗姆酒"",""unit"":""""},{""amount"":1.75,""name"":""新鲜香菜"",""unit"":""""}]","[""橙子"",""禽肉"",""黑豆"",""柑橘"",""洋葱"",""辣椒"",""豆类"",""水果"",""蔬菜"",""肉"",""高蛋白"",""健康"",""高含量..."",""工作日夜晚"",""早午餐"",""炉灶顶"",""鸡肉""]"
99424,我最爱的烤猪肉,938.9,113.8,19.4,37.7,13.6,3.1,13.4,228.1,341.1,1,breakfast,"[{""amount"":0.5,""name"":""白胡椒"",""unit"":""""},{""amount"":1,""name"":""迷迭香"",""unit"":""""},{""amount"":3.5,""name"":""去骨猪肩肉"",""unit"":""""},{""amount"":1,""name"":""苹果"",""unit"":""""},{""amount"":1,""name"":""梨"",""unit"":""""},{""amount"":1,""name"":""橘子"",""unit"":""""},{""amount"":1,""name"":""干白葡萄酒"",""unit"":""""},{""amount"":1,""name"":""水"",""unit"":""""}]","[""肉"",""高蛋白"",""高含量..."",""咸味"",""早午餐"",""烤"",""烤箱"",""新手厨师"",""少于4小时"",""简单"",""猪肉""]"
503084,B萨拉汤（摩洛哥汤）,888,61.4,143.6,11.1,1.6,59,15.7,1219.5,0,1,breakfast,"[{""amount"":1,""name"":""干蚕豆"",""unit"":""""},{""amount"":5,""name"":""水"",""unit"":""""},{""amount"":8,""name"":""蒜瓣"",""unit"":""""},{""amount"":1,""name"":""洋葱"",""unit"":""""},{""amount"":1,""name"":""橄榄油"",""unit"":""""},{""amount"":1,""name"":""盐"",""unit"":""""},{""amount"":2,""name"":""孜然"",""unit"":""""},{""amount"":2,""name"":""甜红椒粉"",""unit"":""""},{""amount"":2,""name"":""阿甘油"",""unit"":""-3""},{""amount"":0,""name"":""哈里萨辣酱"",""unit"":""""},{""amount"":0,""name"":""柠檬角"",""unit"":""""}]","[""早餐"",""豆类"",""摩洛哥"",""非洲"",""纯素"",""工作日夜晚"",""新手厨师"",""少于4小时"",""简单"",""便宜"",""自制"",""炖""]"
135495,杰基尔岛虾,959.5,101.7,41.2,30.4,16.4,4.6,3.9,1579.3,945.1,1,breakfast,"[{""amount"":2,""name"":""黄油"",""unit"":""""},{""amount"":4,""name"":""蒜瓣"",""unit"":""""},{""amount"":1,""name"":""欧芹"",""unit"":""""},{""amount"":6,""name"":""雪利酒"",""unit"":""""},{""amount"":2,""name"":""盐"",""unit"":""""},{""amount"":4,""name"":""白胡椒"",""unit"":""""},{""amount"":1,""name"":""辣椒粉"",""unit"":""""},{""amount"":1,""name"":""柠檬"",""unit"":""""}]","[""早午餐"",""少于60分钟"",""简单"",""健康""]"
392309,玛米版佛罗伦萨比目鱼,987.3,105.4,21.9,52.1,28,2.3,1.4,1901.3,247,2,breakfast,"[{""amount"":2,""name"":""大比目鱼片"",""unit"":""""},{""amount"":2,""name"":""黄油"",""unit"":""""},{""amount"":2,""name"":""面粉"",""unit"":""""},{""amount"":0.75,""name"":""牛奶"",""unit"":""""},{""amount"":1,""name"":""胡椒"",""unit"":""""},{""amount"":0.5,""name"":""盐"",""unit"":""""},{""amount"":3,""name"":""帕玛森奶酪"",""unit"":""""},{""amount"":6,""name"":""瑞士甜菜"",""unit"":""""},{""amount"":4,""name"":""蒜瓣"",""unit"":""""},{""amount"":2,""name"":""黄油"",""unit"":""""},{""amount"":1,""name"":""奶酪"",""unit"":""""}]","[""早午餐"",""少于60分钟"",""工作日夜晚""]"
337969,散装鹿肉香肠,902.9,103.5,7.9,48,20.3,0.6,6.8,341.6,379.1,1,breakfast,"[{""amount"":6,""name"":""猪肉末"",""unit"":""""},{""amount"":2,""name"":""现磨黑胡椒"",""unit"":""""},{""amount"":0.25,""name"":""碎红辣椒片"",""unit"":""""},{""amount"":1,""name"":""红糖"",""unit"":""""},{""amount"":1,""name"":""干鼠尾草"",""unit"":""""}]","[""鹿肉"",""野味"",""肉"",""少于60分钟"",""简单"",""早餐""]"
91881,虾仁雷莫拉酱,648.5,95.4,20.9,18.9,3,3.4,5.6,1283.8,698.9,1,breakfast,"[{""amount"":0.25,""name"":""蛋黄酱"",""unit"":""""},{""amount"":1,""name"":""葱"",""unit"":""""},{""amount"":0.3333333333333333,""name"":""新鲜欧芹"",""unit"":""""},{""amount"":2,""name"":""克里奥尔芥末"",""unit"":""""},{""amount"":2,""name"":""第戎芥末酱"",""unit"":""""},{""amount"":2,""name"":""柠檬汁"",""unit"":""""},{""amount"":1,""name"":""虾"",""unit"":""""}]","[""蔬菜"",""高蛋白"",""健康"",""高含量..."",""早午餐"",""少于30分钟"",""午餐/零食""]"
106879,虾糜,884,100.7,33.5,38.9,15.6,1.1,3.4,1729.1,422.2,1,breakfast,"[{""amount"":1.5,""name"":""虾"",""unit"":""""},{""amount"":1,""name"":""奶油奶酪"",""unit"":""""},{""amount"":6,""name"":""蛋黄酱"",""unit"":""""},{""amount"":0.5,""name"":""洋葱"",""unit"":""""},{""amount"":0.25,""name"":""芹菜"",""unit"":""""},{""amount"":0.25,""name"":""无味明胶"",""unit"":""""},{""amount"":2,""name"":""柠檬汁"",""unit"":""""}]","[""高含量..."",""早午餐"",""少于30分钟"",""简单"",""高蛋白""]"
323884,K&B香肠基础混合料,775,98.9,1.9,38.4,14.1,0.3,0.7,1371.7,330,1,breakfast,"[{""amount"":1.5,""name"":""瘦牛肉末"",""unit"":""""},{""amount"":2.25,""name"":""鸡肉末"",""unit"":""""},{""amount"":0.75,""name"":""猪肉末"",""unit"":""""},{""amount"":1,""name"":""水"",""unit"":""""},{""amount"":3,""name"":""蒜瓣"",""unit"":""""},{""amount"":2,""name"":""新鲜粗磨黑胡椒"",""unit"":""""},{""amount"":1,""name"":""盐"",""unit"":""""},{""amount"":2,""name"":""奶粉"",""unit"":""""},{""amount"":1,""name"":""鼠尾草"",""unit"":""""},{""amount"":1,""name"":""迷迭香"",""unit"":""""},{""amount"":1,""name"":""墨角兰"",""unit"":""""}]","[""猪肉"",""肉"",""少于60分钟"",""冷冻室"",""早餐""]"
337575,纯素通心粉配酵母,847.7,70,140.1,8.3,1.2,33.9,2,77.7,0,1,breakfast,"[{""amount"":16,""name"":""纯素蛋黄酱"",""unit"":""""},{""amount"":16,""name"":""营养酵母"",""unit"":""""},{""amount"":3,""name"":""植物奶替代品"",""unit"":""""}]","[""无乳糖"",""无蛋"",""不含..."",""咸味"",""早午餐"",""少于60分钟"",""一餐即食""]"
299482,辣金枪鱼沙拉,647.4,85.5,31.6,20.1,4.8,7.4,18.9,2146.8,131.1,2,breakfast,"[{""amount"":1,""name"":""金枪鱼"",""unit"":""""},{""amount"":1,""name"":""蛋黄酱"",""unit"":""""},{""amount"":0.3333333333333333,""name"":""洋葱粉"",""unit"":""""},{""amount"":0.5,""name"":""洋葱"",""unit"":""""},{""amount"":0.3333333333333333,""name"":""刺山柑"",""unit"":""""},{""amount"":0.3333333333333333,""name"":""盐"",""unit"":""""},{""amount"":3,""name"":""辣根"",""unit"":""""},{""amount"":0.5,""name"":""白糖"",""unit"":""""},{""amount"":0.25,""name"":""番茄膏"",""unit"":""""}]","[""金枪鱼"",""早午餐"",""少于15分钟"",""免煮"",""简单"",""午餐/零食""]"
119769,烟熏三文鱼菠菜酿鸡胸,567,83.8,27.4,12,3.2,5.6,2.3,1058,384.1,2,breakfast,"[{""amount"":2,""name"":""去骨去皮鸡胸肉"",""unit"":""""},{""amount"":0.5,""name"":""新鲜菠菜"",""unit"":""""},{""amount"":0.5,""name"":""烟熏三文鱼"",""unit"":""""},{""amount"":0.25,""name"":""罗勒青酱"",""unit"":""""},{""amount"":0.25,""name"":""黑胡椒"",""unit"":""""},{""amount"":1,""name"":""鸡蛋"",""unit"":""""}]","[""鸡胸肉"",""鸡肉"",""禽肉"",""肉"",""早午餐"",""少于60分钟"",""午餐/零食""]"
460718,卡茨的切肝,943.9,92.6,17.9,53.3,13,0.6,1.7,345.8,1422.9,1,breakfast,"[{""amount"":1,""name"":""牛肝"",""unit"":""""},{""amount"":1,""name"":""鸡肝"",""unit"":""""},{""amount"":0.3333333333333333,""name"":""菜籽油"",""unit"":""""},{""amount"":1,""name"":""黄洋葱"",""unit"":""""},{""amount"":6,""name"":""鸡脂肪"",""unit"":""""},{""amount"":2,""name"":""熟鸡蛋"",""unit"":""""},{""amount"":0,""name"":""犹太盐"",""unit"":""""},{""amount"":0,""name"":""黑胡椒粉"",""unit"":""""}]","[""鸡肝"",""鸡肉"",""牛肝"",""禽肉"",""肉"",""西南亚（中东）"",""高蛋白"",""犹太洁食"",""高含量..."",""早午餐"",""烤/炙烤"",""少于60分钟"",""烤箱"",""小型电器"",""便宜"",""自制"",""涂抹酱""]"
133195,芝麻脆皮鸡,569,86,30.4,9.1,2.2,1.3,7.1,1516.7,303.2,1,breakfast,"[{""amount"":3,""name"":""去骨去皮鸡胸肉"",""unit"":""""},{""amount"":4,""name"":""去骨去皮鸡腿肉"",""unit"":""""},{""amount"":8,""name"":""面粉"",""unit"":""""},{""amount"":2,""name"":""玉米淀粉"",""unit"":""""},{""amount"":5,""name"":""白糖"",""unit"":""""},{""amount"":2,""name"":""酱油"",""unit"":""""},{""amount"":2,""name"":""鸡蛋"",""unit"":""""},{""amount"":2,""name"":""小葱"",""unit"":""""},{""amount"":2,""name"":""蒜瓣"",""unit"":""-5""},{""amount"":0,""name"":""白芝麻"",""unit"":""""}]","[""鸡肉"",""禽肉"",""肉"",""高蛋白"",""健康"",""高含量..."",""早午餐"",""少于60分钟"",""油炸"",""简单"",""午餐/零食""]"
512692,汉堡炒菜（原始人饮食法）,836.2,70.2,64,44,25,28.8,33.2,2357.6,262.5,2,breakfast,"[{""amount"":2,""name"":""汉堡"",""unit"":""""},{""amount"":2,""name"":""甜椒"",""unit"":""""},{""amount"":1,""name"":""酱油"",""unit"":""""},{""amount"":2,""name"":""辣椒粉"",""unit"":""""},{""amount"":1,""name"":""椰子油"",""unit"":""""},{""amount"":3,""name"":""小白菜"",""unit"":""""},{""amount"":6,""name"":""姜"",""unit"":""""},{""amount"":1,""name"":""盐"",""unit"":""""},{""amount"":2,""name"":""鸡蛋"",""unit"":""""}]","[""午餐/零食"",""肉"",""加拿大"",""极低碳水化合物"",""低蛋白"",""低胆固醇"",""适合儿童"",""工作日夜晚"",""早午餐"",""少于60分钟"",""新手厨师"",""简单"",""自制"",""一餐即食""]"
275570,消防站青椒猪肉炖,668.8,81.5,21.3,28.3,6,4.9,8.7,586.3,234.7,4,breakfast,"[{""amount"":3,""name"":""阿纳海姆辣椒"",""unit"":""""},{""amount"":10,""name"":""黄洋葱"",""unit"":""""},{""amount"":2,""name"":""蒜瓣"",""unit"":""""},{""amount"":2,""name"":""鸡汤"",""unit"":""""},{""amount"":1,""name"":""面粉"",""unit"":""""},{""amount"":3,""name"":""孜然"",""unit"":""""},{""amount"":1,""name"":""橄榄油"",""unit"":""""}]","[""肉"",""墨西哥"",""南美洲"",""极低碳水化合物"",""早午餐"",""炉灶顶"",""猪肉""]"
369144,迪恩·拉姆齐风味鹿肉炖菜,927.8,75.7,100.2,26.8,4.5,16,19.5,1826.1,47.6,6,breakfast,"[{""amount"":3.5,""name"":""洋葱"",""unit"":""""},{""amount"":1,""name"":""胡萝卜"",""unit"":""""},{""amount"":5,""name"":""冷冻利马豆"",""unit"":""""},{""amount"":1,""name"":""土豆"",""unit"":""""},{""amount"":1,""name"":""弯管通心粉"",""unit"":""""},{""amount"":3,""name"":""蘑菇"",""unit"":""-4""},{""amount"":1,""name"":""炖番茄"",""unit"":""""},{""amount"":3,""name"":""水"",""unit"":""""},{""amount"":4,""name"":""大蒜粉"",""unit"":""""},{""amount"":1,""name"":""干迷迭香"",""unit"":""""},{""amount"":1,""name"":""月桂叶"",""unit"":""""},{""amount"":2,""name"":""盐"",""unit"":""""},{""amount"":1,""name"":""胡椒"",""unit"":""""},{""amount"":1,""name"":""面粉"",""unit"":""""},{""amount"":2,""name"":""特级初榨橄榄油"",""unit"":""""}]","[""一餐即食"",""鹿肉"",""麋鹿"",""驼鹿"",""野味"",""肉"",""早午餐"",""少于4小时"",""炖""]"
172118,酥脆面包糠炸虾,696.1,83,47.4,16.9,3.5,1.4,5.3,887.9,638.6,1,breakfast,"[{""amount"":2,""name"":""面粉"",""unit"":""""},{""amount"":27,""name"":""黑胡椒"",""unit"":""""},{""amount"":0.5,""name"":""调味盐"",""unit"":""""},{""amount"":0.25,""name"":""白脱牛奶"",""unit"":""""},{""amount"":1.5,""name"":""塔巴斯科辣椒酱"",""unit"":""""},{""amount"":0.5,""name"":""鸡蛋"",""unit"":""""},{""amount"":2,""name"":""黑胡椒"",""unit"":""-3""}]","[""少于30分钟"",""油炸"",""简单"",""早午餐""]"
370611,马德拉烤小牛肉配金枪鱼酱,703.6,84.9,6.8,35.3,13.9,0.5,1.8,1272.5,344.1,4,breakfast,"[{""amount"":1.5,""name"":""柠檬汁"",""unit"":""""},{""amount"":3,""name"":""水"",""unit"":""""},{""amount"":1,""name"":""鳀鱼酱"",""unit"":""""},{""amount"":1,""name"":""盐"",""unit"":""""},{""amount"":1,""name"":""胡椒"",""unit"":""""},{""amount"":0.5,""name"":""月桂叶"",""unit"":""""},{""amount"":2,""name"":""洋葱"",""unit"":""""},{""amount"":0.5,""name"":""蒜瓣"",""unit"":""""},{""amount"":2,""name"":""金枪鱼"",""unit"":""""},{""amount"":170,""name"":""鳀鱼"",""unit"":""""},{""amount"":1,""name"":""刺山柑"",""unit"":""""},{""amount"":1,""name"":""柠檬汁"",""unit"":""""},{""amount"":2,""name"":""蛋黄酱"",""unit"":""""},{""amount"":3,""name"":""柠檬片"",""unit"":""""},{""amount"":3,""name"":""欧芹"",""unit"":""""}]","[""小牛肉"",""肉"",""葡萄牙语"",""欧洲"",""早午餐"",""金枪鱼""]"
305514,巴西鸡肉小吃（炸鸡腿球）,934.9,83.8,60.9,37.4,20.6,2.5,2.6,646.4,401,1,breakfast,"[{""amount"":1.5,""name"":""鸡排"",""unit"":""""},{""amount"":1,""name"":""水"",""unit"":""-2""},{""amount"":1,""name"":""洋葱"",""unit"":""""},{""amount"":2,""name"":""蒜瓣"",""unit"":""""},{""amount"":1,""name"":""牛奶"",""unit"":""""},{""amount"":1,""name"":""黄油"",""unit"":""""},{""amount"":2.5,""name"":""辣椒酱"",""unit"":""""},{""amount"":0.5,""name"":""莎莎酱"",""unit"":""""}]","[""禽肉"",""肉"",""巴西的"",""南美洲"",""适合儿童"",""早午餐"",""少于60分钟"",""午餐/零食""]"
56492,松子黄油鳕鱼,852,85.1,3.5,54.9,26.9,0.7,1,535.8,305.3,2,breakfast,"[{""amount"":3.5,""name"":""黄油"",""unit"":""""},{""amount"":2,""name"":""柠檬汁"",""unit"":""""},{""amount"":4,""name"":""松子"",""unit"":""""},{""amount"":4,""name"":""鳕鱼片"",""unit"":""""},{""amount"":0,""name"":""绿叶菜"",""unit"":""""},{""amount"":0,""name"":""柠檬角"",""unit"":""""}]","[""绿叶蔬菜"",""水果"",""蔬菜"",""坚果"",""希腊"",""澳大利亚"",""欧洲"",""极低碳水化合物"",""春季"",""夏季"",""圣帕特里克节"",""早午餐"",""少于15分钟"",""新手厨师"",""炉灶顶"",""简单"",""一餐即食""]"
86016,椒盐脆皮牛排,895.9,84.6,1.1,59.1,20.1,0.4,0.4,345.8,272,1,breakfast,"[{""amount"":4,""name"":""芥末酱"",""unit"":""-5""},{""amount"":0.3333333333333333,""name"":""粗盐"",""unit"":""""},{""amount"":0.3333333333333333,""name"":""黑胡椒粒"",""unit"":""""}]","[""肉"",""早午餐"",""少于60分钟"",""简单"",""牛排""]"
246182,火腿瑞士干酪卷,934.8,83.6,9.6,61,25.9,2.3,4.6,1110.7,474.2,1,breakfast,"[{""amount"":1,""name"":""芥末"",""unit"":""""},{""amount"":2,""name"":""熟火腿"",""unit"":""""},{""amount"":0.5,""name"":""瑞士奶酪"",""unit"":""""},{""amount"":0.5,""name"":""甜椒丁"",""unit"":""""},{""amount"":0.25,""name"":""莳萝腌黄瓜"",""unit"":""""},{""amount"":0.25,""name"":""鸡蛋"",""unit"":""""}]","[""早午餐"",""少于4小时"",""简单"",""一餐即食""]"
189991,三文鱼配扁豆,700.4,63.8,58.3,23.3,3.6,21,11.3,1288.7,119.4,4,breakfast,"[{""amount"":0.5,""name"":""绿扁豆"",""unit"":""""},{""amount"":0.25,""name"":""橄榄油"",""unit"":""""},{""amount"":2,""name"":""黄洋葱"",""unit"":""""},{""amount"":2,""name"":""韭葱"",""unit"":""""},{""amount"":1,""name"":""新鲜百里香叶"",""unit"":""""},{""amount"":2,""name"":""犹太盐"",""unit"":""""},{""amount"":0.75,""name"":""现磨黑胡椒"",""unit"":""""},{""amount"":1,""name"":""鲜蒜"",""unit"":""""},{""amount"":1.5,""name"":""芹菜"",""unit"":""""},{""amount"":1.5,""name"":""胡萝卜"",""unit"":""""},{""amount"":1.5,""name"":""番茄膏"",""unit"":""""},{""amount"":2,""name"":""红酒醋"",""unit"":""""},{""amount"":2,""name"":""三文鱼柳"",""unit"":""""}]","[""午餐/零食"",""扁豆"",""豆类"",""蔬菜"",""早午餐"",""少于60分钟"",""一餐即食""]"
98944,汉堡香肠,990.3,85.1,2.3,68.6,26.6,0.7,0.5,300.3,308.4,1,breakfast,"[{""amount"":5,""name"":""碎牛肉"",""unit"":""""},{""amount"":5,""name"":""黑胡椒粉"",""unit"":""""},{""amount"":2.5,""name"":""大蒜粉"",""unit"":""""},{""amount"":2.5,""name"":""芥菜籽"",""unit"":""""},{""amount"":2.5,""name"":""烟熏液"",""unit"":""""}]","[""肉"",""早午餐"",""午餐/零食""]"
112827,绿扁豆泥,706.3,42.8,101.2,15.8,2.2,47.8,6.4,1190.7,0,1,breakfast,"[{""amount"":0.75,""name"":""干绿小扁豆"",""unit"":""""},{""amount"":2,""name"":""干棕扁豆"",""unit"":""""},{""amount"":0.5,""name"":""水"",""unit"":""""},{""amount"":1,""name"":""洋葱"",""unit"":""""},{""amount"":1,""name"":""蒜瓣"",""unit"":""""},{""amount"":1,""name"":""橄榄油"",""unit"":""""},{""amount"":3,""name"":""干酵母"",""unit"":""""},{""amount"":0.5,""name"":""生抽"",""unit"":""""},{""amount"":1,""name"":""盐"",""unit"":""""},{""amount"":0.125,""name"":""禽肉调味料"",""unit"":""""},{""amount"":1,""name"":""多香果"",""unit"":""""},{""amount"":1,""name"":""鼠尾草"",""unit"":""""},{""amount"":0,""name"":""孜然"",""unit"":""""},{""amount"":0,""name"":""莳萝"",""unit"":""""}]","[""扁豆"",""豆类"",""欧洲"",""低胆固醇"",""健康"",""早午餐"",""少于60分钟"",""便宜"",""午餐/零食""]"
222602,菊苣核桃山羊奶酪酿,450,27.3,80,10.5,1.6,64.4,15,452.2,0,1,breakfast,"[{""amount"":0.3333333333333333,""name"":""核桃"",""unit"":""""},{""amount"":2,""name"":""蜂蜜"",""unit"":""""},{""amount"":0.25,""name"":""比利时菊苣"",""unit"":""""},{""amount"":3,""name"":""新鲜细香葱"",""unit"":""""},{""amount"":16,""name"":""粗黑胡椒碎"",""unit"":""""}]","[""不含..."",""春季"",""夏季"",""早午餐"",""少于30分钟"",""无蛋""]"
99158,自制鸡肉饺子汤,903.6,76.4,76.7,31.4,14.6,7.7,9.7,2226.8,237.6,4,breakfast,"[{""amount"":3,""name"":""鸡大腿"",""unit"":""""},{""amount"":4,""name"":""胡萝卜"",""unit"":""""},{""amount"":5,""name"":""芹菜"",""unit"":""""},{""amount"":1,""name"":""黄甜洋葱"",""unit"":""""},{""amount"":1,""name"":""大蒜"",""unit"":""""},{""amount"":16,""name"":""水"",""unit"":""""},{""amount"":2,""name"":""黑胡椒"",""unit"":""""},{""amount"":1,""name"":""肉桂棒"",""unit"":""""},{""amount"":2,""name"":""黄油"",""unit"":""""},{""amount"":2,""name"":""鸡胸肉"",""unit"":""""},{""amount"":3,""name"":""胡萝卜"",""unit"":""""},{""amount"":2,""name"":""芹菜"",""unit"":""""},{""amount"":1,""name"":""洋葱"",""unit"":""""},{""amount"":2,""name"":""盐"",""unit"":""""},{""amount"":2,""name"":""通用面粉"",""unit"":""""},{""amount"":1,""name"":""泡打粉"",""unit"":""""},{""amount"":0.5,""name"":""盐"",""unit"":""""},{""amount"":3,""name"":""黄油"",""unit"":""""},{""amount"":1,""name"":""牛奶"",""unit"":""""}]","[""鸡肉"",""禽肉"",""蔬菜"",""肉"",""低胆固醇"",""无蛋"",""适合幼儿"",""健康"",""适合儿童"",""不含..."",""早午餐"",""炉灶顶"",""便宜"",""清汤""]"
240793,多莉·帕顿的香煎鲶鱼,736.2,78,15.6,38,8.8,1.5,0.1,267.2,230.7,6,breakfast,"[{""amount"":6.5,""name"":""鲶鱼片"",""unit"":""""},{""amount"":1,""name"":""起酥油"",""unit"":""""},{""amount"":0,""name"":""白玉米面"",""unit"":""""},{""amount"":0,""name"":""柠檬角"",""unit"":""""}]","[""鲶鱼"",""极低碳水化合物"",""适合儿童"",""早午餐"",""少于30分钟"",""简单"",""午餐/零食""]"
515186,鸡肉法士达,421.9,73.5,7.3,9.1,2,1.9,3.7,981.9,217.9,1,breakfast,"[{""amount"":3,""name"":""去骨去皮鸡胸肉"",""unit"":""""},{""amount"":1,""name"":""海盐"",""unit"":""""},{""amount"":1,""name"":""胡椒"",""unit"":""""},{""amount"":2,""name"":""是拉差辣椒酱"",""unit"":""""},{""amount"":1,""name"":""大蒜"",""unit"":""""},{""amount"":0.75,""name"":""樱桃番茄"",""unit"":""""},{""amount"":0.5,""name"":""新鲜香菜"",""unit"":""""},{""amount"":1,""name"":""红甜椒"",""unit"":""""},{""amount"":1,""name"":""洋葱"",""unit"":""""}]","[""蔬菜"",""肉"",""墨西哥"",""工作日夜晚"",""早午餐"",""少于4小时"",""简单"",""便宜"",""自制"",""午餐/零食""]"
149834,欧仁妮鸡,896.6,80.7,49.3,37.7,19.9,2.1,3.8,1365.3,299.3,1,breakfast,"[{""amount"":8,""name"":""去骨去皮鸡胸肉"",""unit"":""""},{""amount"":8,""name"":""瑞士奶酪"",""unit"":""""},{""amount"":8,""name"":""面粉"",""unit"":""""},{""amount"":1,""name"":""鸡蛋"",""unit"":""""},{""amount"":1,""name"":""水"",""unit"":""""},{""amount"":1,""name"":""白葡萄酒"",""unit"":""""},{""amount"":1,""name"":""黄油"",""unit"":""""},{""amount"":0.5,""name"":""伍斯特酱"",""unit"":""""},{""amount"":4,""name"":""牛肉高汤"",""unit"":""""}]","[""鸡肉"",""禽肉"",""肉"",""早午餐"",""新手厨师"",""少于4小时"",""简单"",""鸡胸肉""]"
177618,低碳西兰花鸡肉披萨,560.4,75.8,12.3,22.2,12.6,2.6,3.4,1113.8,163.8,6,breakfast,"[{""amount"":8,""name"":""脱脂奶油奶酪"",""unit"":""""},{""amount"":1,""name"":""鸡蛋替代品"",""unit"":""""},{""amount"":0.3333333333333333,""name"":""低碳水牛奶"",""unit"":""""},{""amount"":2,""name"":""去骨去皮鸡胸肉"",""unit"":""""},{""amount"":1,""name"":""西兰花"",""unit"":""""},{""amount"":3,""name"":""部分脱脂马苏里拉奶酪"",""unit"":""""}]","[""鸡肉"",""禽肉"",""奶酪"",""蔬菜"",""肉"",""不含..."",""家常菜聚餐"",""早午餐"",""少于60分钟"",""鸡胸肉""]"
234216,V氏烤牙买加风味猪里脊配菠萝芒果猕猴桃莎莎,531.1,52,72.9,10.7,3.3,31.5,16.3,509.6,122.8,1,breakfast,"[{""amount"":1,""name"":""洋葱"",""unit"":""""},{""amount"":0.5,""name"":""葱"",""unit"":""""},{""amount"":0.3333333333333333,""name"":""新鲜百里香叶"",""unit"":""""},{""amount"":0.25,""name"":""蒜瓣"",""unit"":""""},{""amount"":4,""name"":""鲜青柠汁"",""unit"":""""},{""amount"":2,""name"":""苏格兰帽椒"",""unit"":""""},{""amount"":2,""name"":""哈瓦那辣椒"",""unit"":""""},{""amount"":1,""name"":""鲜姜"",""unit"":""-3""},{""amount"":1,""name"":""芫荽粉"",""unit"":""""},{""amount"":2,""name"":""现磨黑胡椒"",""unit"":""""},{""amount"":2,""name"":""多香果粉"",""unit"":""""},{""amount"":1,""name"":""孜然"",""unit"":""""},{""amount"":1,""name"":""盐"",""unit"":""""},{""amount"":1,""name"":""肉豆蔻粉"",""unit"":""""},{""amount"":0.5,""name"":""肉桂粉"",""unit"":""""},{""amount"":0.5,""name"":""新鲜菠萝"",""unit"":""""},{""amount"":2,""name"":""新鲜芒果"",""unit"":""""},{""amount"":1,""name"":""猕猴桃"",""unit"":""""},{""amount"":1,""name"":""紫洋葱"",""unit"":""""},{""amount"":0.3333333333333333,""name"":""新鲜香菜"",""unit"":""""},{""amount"":0.25,""name"":""鲜姜"",""unit"":""""},{""amount"":1,""name"":""青柠汁"",""unit"":""""},{""amount"":1,""name"":""朗姆酒"",""unit"":""""}]","[""肉"",""加勒比"",""健康"",""早午餐"",""少于60分钟"",""新手厨师"",""简单"",""猪肉""]"
388978,虾黄油,982.1,83,24.1,60.5,24.3,0.5,5.8,1535.3,839.2,1,breakfast,"[{""amount"":0.75,""name"":""虾"",""unit"":""""},{""amount"":1,""name"":""奶油奶酪"",""unit"":""""},{""amount"":1,""name"":""洋葱"",""unit"":""""},{""amount"":0.25,""name"":""蛋黄酱"",""unit"":""""},{""amount"":0.25,""name"":""蒜瓣"",""unit"":""""},{""amount"":1,""name"":""盐"",""unit"":""""},{""amount"":0.125,""name"":""胡椒"",""unit"":""""},{""amount"":0.125,""name"":""伍斯特酱"",""unit"":""""}]","[""工作日夜晚"",""早午餐"",""少于30分钟"",""免煮"",""涂抹酱""]"
173528,埃及蚕豆泥,704,44.6,100.1,16.2,2.3,42.6,9.8,23.1,0,1,breakfast,"[{""amount"":1.5,""name"":""干蚕豆"",""unit"":""""},{""amount"":2,""name"":""蚕豆"",""unit"":""""},{""amount"":1,""name"":""蒜瓣"",""unit"":""""},{""amount"":0.25,""name"":""柠檬汁"",""unit"":""""},{""amount"":0.5,""name"":""橄榄油"",""unit"":""""},{""amount"":0,""name"":""孜然"",""unit"":""""}]","[""豆类"",""西南亚（中东）"",""亚洲"",""纯素"",""低胆固醇"",""高纤维"",""高蛋白"",""健康"",""高含量..."",""辣味"",""早午餐"",""少于60分钟"",""新手厨师"",""简单"",""便宜"",""早餐""]"
318072,意大利乳清干酪菠菜鸡肉馅贝壳面,885,75.4,86.9,25.5,12.7,6.3,18.1,1841.6,136.6,1,breakfast,"[{""amount"":300,""name"":""巨型意面壳"",""unit"":""""},{""amount"":500,""name"":""去皮鸡胸肉"",""unit"":""""},{""amount"":500,""name"":""菠菜"",""unit"":""""},{""amount"":250,""name"":""瑞可塔奶酪"",""unit"":""""},{""amount"":500,""name"":""白软干酪"",""unit"":""""},{""amount"":700,""name"":""帕玛森奶酪"",""unit"":""""},{""amount"":500,""name"":""罗勒叶"",""unit"":""""}]","[""贝壳意面"",""澳大利亚"",""早午餐"",""少于4小时"",""简单"",""一餐即食""]"
70692,正宗辣味克里奥尔虾,784.3,74.8,19.4,45,6.4,3.9,7.3,1126.8,662.6,1,breakfast,"[{""amount"":3,""name"":""虾"",""unit"":""""},{""amount"":3,""name"":""甜椒"",""unit"":""""},{""amount"":1,""name"":""番茄膏"",""unit"":""""},{""amount"":1,""name"":""葱"",""unit"":""""},{""amount"":2,""name"":""蒜瓣"",""unit"":""-3""},{""amount"":0.75,""name"":""面粉"",""unit"":""""},{""amount"":4,""name"":""开水"",""unit"":""""}]","[""炖"",""一餐即食"",""克里奥尔语"",""极低碳水化合物"",""辣味"",""咸味"",""工作日夜晚"",""早午餐"",""炉灶顶"",""少于4小时"",""秋葵浓汤""]"
341937,波多黎各海鲜饭,912.2,72.9,75.2,33.5,8.6,7.6,5.9,915.5,218.4,6,breakfast,"[{""amount"":1,""name"":""洋葱"",""unit"":""""},{""amount"":2,""name"":""蒜瓣"",""unit"":""""},{""amount"":4,""name"":""橄榄油"",""unit"":""""},{""amount"":1.5,""name"":""鸡杂"",""unit"":""""},{""amount"":4,""name"":""去骨猪排"",""unit"":""""},{""amount"":1,""name"":""甜红椒粉"",""unit"":""""},{""amount"":1,""name"":""姜黄"",""unit"":""""},{""amount"":1,""name"":""盐"",""unit"":""""},{""amount"":4,""name"":""番茄"",""unit"":""""},{""amount"":1,""name"":""鸡汤"",""unit"":""""},{""amount"":2,""name"":""中粒米"",""unit"":""""},{""amount"":0.5,""name"":""虾"",""unit"":""""},{""amount"":1,""name"":""冷冻利马豆"",""unit"":""""}]","[""鸡肉"",""禽肉"",""肉"",""波多黎各"",""加勒比"",""家常菜聚餐"",""早午餐"",""新手厨师"",""少于4小时"",""简单"",""便宜"",""一餐即食""]"
158088,鸡肉条,692.5,72.1,68.3,12.6,4.2,4.6,9.1,820.5,252.6,1,breakfast,"[{""amount"":4,""name"":""去皮鸡胸肉"",""unit"":""""},{""amount"":3,""name"":""芫荽粉"",""unit"":""""},{""amount"":1,""name"":""辣椒粉"",""unit"":""""},{""amount"":2,""name"":""孜然粉"",""unit"":""""},{""amount"":0.5,""name"":""通用面粉"",""unit"":""""},{""amount"":3,""name"":""鸡蛋"",""unit"":""""},{""amount"":2,""name"":""柠檬片"",""unit"":""""},{""amount"":1,""name"":""香菜"",""unit"":""""},{""amount"":1.25,""name"":""原味酸奶"",""unit"":""""},{""amount"":2,""name"":""柠檬汁"",""unit"":""""},{""amount"":4,""name"":""香菜"",""unit"":""""},{""amount"":4,""name"":""欧芹"",""unit"":""""}]","[""鸡肉"",""禽肉"",""肉"",""高蛋白"",""健康"",""高含量..."",""早午餐"",""少于30分钟"",""油炸"",""鸡胸肉""]"
245513,橙香鸡肉沙拉,700.8,62.2,40.7,34.6,5.3,17.9,14.3,248.4,136.9,2,breakfast,"[{""amount"":150,""name"":""四季豆"",""unit"":""""},{""amount"":1,""name"":""茴香球茎"",""unit"":""""},{""amount"":1,""name"":""牛油果"",""unit"":""""},{""amount"":100,""name"":""西洋菜"",""unit"":""""},{""amount"":2,""name"":""橙子"",""unit"":""""},{""amount"":2,""name"":""橄榄油"",""unit"":""""},{""amount"":2,""name"":""现磨黑胡椒"",""unit"":""""},{""amount"":0,""name"":""去皮鸡胸肉"",""unit"":""""}]","[""鸡胸肉"",""鸡肉"",""禽肉"",""蔬菜"",""肉"",""低胆固醇"",""健康"",""早午餐"",""少于15分钟"",""简单"",""午餐/零食""]"
8859,烤牛肉杂烩配烤小洋葱和酸豆,718.6,69.6,69.6,19.6,7.2,8.6,2.8,1170.7,160.9,1,breakfast,"[{""amount"":1,""name"":""烤牛肉"",""unit"":""""},{""amount"":1.5,""name"":""土豆"",""unit"":""""},{""amount"":5,""name"":""土豆泥"",""unit"":""""},{""amount"":0.5,""name"":""火葱"",""unit"":""""},{""amount"":2,""name"":""刺山柑"",""unit"":""""},{""amount"":2.5,""name"":""烤大蒜"",""unit"":""""}]","[""早餐"",""午餐/零食"",""土豆"",""蔬菜"",""低胆固醇"",""健康"",""春季"",""冬季"",""少于60分钟"",""烤箱"",""一餐即食""]"
119889,墨西哥脆皮烤鸡,428.5,71.6,12.5,8.2,2.3,0.8,3.6,379.6,192.9,4,breakfast,"[{""amount"":1,""name"":""去皮鸡肉"",""unit"":""""},{""amount"":1,""name"":""盐"",""unit"":""""},{""amount"":2,""name"":""大蒜粉"",""unit"":""-3""}]","[""禽肉"",""肉"",""高蛋白"",""健康"",""高含量..."",""早午餐"",""烤箱"",""少于4小时"",""简单"",""便宜"",""鸡肉""]"
165562,低碳水4X4鸡胸肉L-C-F,692.5,76.6,5.2,39.1,17.6,0.6,1.7,641.4,219.2,1,breakfast,"[{""amount"":4,""name"":""去骨去皮鸡胸肉半块"",""unit"":""""},{""amount"":4,""name"":""培根"",""unit"":""""},{""amount"":4,""name"":""瑞士奶酪"",""unit"":""""},{""amount"":4,""name"":""蘑菇"",""unit"":""""}]","[""鸡肉"",""禽肉"",""奶酪"",""肉"",""极低碳水化合物"",""高蛋白"",""无蛋"",""不含..."",""高含量..."",""早午餐"",""少于30分钟"",""新手厨师"",""简单"",""午餐/零食""]"
121262,龙舌兰酒酸橙烤大比目鱼,459.7,71.2,3.9,7.9,1.1,1.1,0.6,766.4,109,4,breakfast,"[{""amount"":3,""name"":""青柠"",""unit"":""""},{""amount"":2,""name"":""海盐"",""unit"":""""},{""amount"":1,""name"":""新鲜研磨黑胡椒"",""unit"":""""},{""amount"":1,""name"":""青柠角"",""unit"":""""}]","[""加拿大"",""早午餐"",""少于60分钟"",""大比目鱼""]"
236597,香辣鸡肉卷,977.9,73.8,81.4,37.9,10.4,6.5,7.1,1093,185.6,1,breakfast,"[{""amount"":4,""name"":""墨西哥薄饼"",""unit"":""""},{""amount"":4,""name"":""去骨鸡胸肉"",""unit"":""-6""},{""amount"":3,""name"":""生菜"",""unit"":""-4""},{""amount"":1,""name"":""番茄"",""unit"":""""},{""amount"":1,""name"":""奶酪"",""unit"":""""},{""amount"":0,""name"":""洋葱"",""unit"":""""},{""amount"":0,""name"":""特级初榨橄榄油"",""unit"":""""},{""amount"":0,""name"":""胡椒"",""unit"":""""},{""amount"":0,""name"":""酸奶油"",""unit"":""""}]","[""肉"",""早午餐"",""少于30分钟"",""简单"",""午餐/零食""]"
124854,鸡肉芦笋荷兰酱千层面,720.2,73.5,35.6,30.6,13.8,4,6.1,754.7,200.8,1,breakfast,"[{""amount"":3,""name"":""洋葱"",""unit"":""""},{""amount"":2.5,""name"":""火鸡胸肉"",""unit"":""""},{""amount"":3,""name"":""干罗勒"",""unit"":""""},{""amount"":8,""name"":""干牛至"",""unit"":""-10""},{""amount"":2.5,""name"":""马苏里拉奶酪"",""unit"":""""},{""amount"":1,""name"":""帕玛森奶酪"",""unit"":""""},{""amount"":1,""name"":""新鲜芦笋"",""unit"":""""}]","[""咸味"",""早午餐"",""烤箱"",""少于4小时"",""蔬菜""]"
254098,鸡肉辣椒,572.3,63.1,48.2,14.2,3.2,13.6,6,1171,188.9,1,breakfast,"[{""amount"":1,""name"":""橄榄油"",""unit"":""""},{""amount"":2,""name"":""洋葱"",""unit"":""""},{""amount"":2,""name"":""大蒜"",""unit"":""""},{""amount"":1,""name"":""孜然粉"",""unit"":""""},{""amount"":1,""name"":""盐"",""unit"":""""},{""amount"":0.125,""name"":""去骨去皮鸡腿肉"",""unit"":""""},{""amount"":2,""name"":""大北方豆"",""unit"":""""},{""amount"":2,""name"":""青辣椒"",""unit"":""""},{""amount"":2,""name"":""鸡汤"",""unit"":""""},{""amount"":2,""name"":""新鲜香菜"",""unit"":""""}]","[""禽肉"",""肉"",""适合儿童"",""早午餐"",""少于60分钟"",""新手厨师"",""简单"",""鸡肉""]"
68192,猪肉芹菜蛋柠檬汤,720.4,71.5,18.4,39.5,18.1,6.3,9.1,540.4,306.1,1,breakfast,"[{""amount"":4.5,""name"":""芹菜及叶"",""unit"":""- 5""},{""amount"":3,""name"":""猪肉"",""unit"":""""},{""amount"":0.5,""name"":""黄油"",""unit"":""""},{""amount"":3,""name"":""洋葱"",""unit"":""""},{""amount"":2,""name"":""鸡蛋"",""unit"":""""},{""amount"":2,""name"":""玉米淀粉"",""unit"":""""}]","[""柠檬"",""猪肉"",""柑橘"",""洋葱"",""水果"",""蔬菜"",""肉"",""希腊"",""欧洲"",""极低碳水化合物"",""家常菜聚餐"",""春季"",""夏季"",""冬季"",""咸味"",""早午餐"",""少于60分钟"",""一餐即食""]"
145097,马斯卡彭菠菜烤三文鱼,794.8,74.6,32.1,39.6,17.9,2.8,0.5,890.5,234.6,1,breakfast,"[{""amount"":1,""name"":""新鲜菠菜叶"",""unit"":""""},{""amount"":0.5,""name"":""费城奶油奶酪"",""unit"":""""},{""amount"":0.5,""name"":""马斯卡彭奶酪"",""unit"":""""},{""amount"":0.125,""name"":""肉豆蔻粉"",""unit"":""""},{""amount"":6,""name"":""三文鱼柳"",""unit"":""-8""},{""amount"":1,""name"":""橄榄油"",""unit"":""""},{""amount"":2.6666666666666665,""name"":""黄油"",""unit"":""""},{""amount"":0.5,""name"":""帕玛森奶酪"",""unit"":""""}]","[""早午餐"",""少于60分钟"",""烤箱"",""一餐即食""]"
116452,大力水手增肌三明治——菠菜鸡肉,634.2,67.8,41.7,21.9,4,6.7,5.3,608.5,237.4,2,breakfast,"[{""amount"":1,""name"":""去骨去皮鸡胸肉"",""unit"":""""},{""amount"":1,""name"":""鸡蛋"",""unit"":""""},{""amount"":2,""name"":""水"",""unit"":""""},{""amount"":0.75,""name"":""蒜瓣"",""unit"":""""},{""amount"":2,""name"":""新鲜菠菜"",""unit"":""""},{""amount"":2,""name"":""冷冻菠菜"",""unit"":""""},{""amount"":1,""name"":""柠檬汁"",""unit"":""""},{""amount"":2,""name"":""肉豆蔻"",""unit"":""""},{""amount"":0.25,""name"":""波特贝拉蘑菇"",""unit"":""""},{""amount"":2,""name"":""甜洋葱"",""unit"":""-4""},{""amount"":4,""name"":""番茄"",""unit"":""""},{""amount"":4,""name"":""奶酪"",""unit"":""""},{""amount"":4,""name"":""佛卡夏面包"",""unit"":""""},{""amount"":1,""name"":""佛卡夏面包"",""unit"":""""}]","[""蔬菜"",""早午餐"",""少于30分钟"",""炉灶顶"",""午餐/零食""]"
281340,澳拜客牛排馆爱丽丝泉烤鸡,730.4,74.2,41.5,29.8,15,1.3,38.6,1144.2,223.2,4,breakfast,"[{""amount"":4,""name"":""去皮鸡胸肉"",""unit"":""""},{""amount"":0.5,""name"":""脱脂蛋黄酱"",""unit"":""""},{""amount"":0.5,""name"":""蜂蜜"",""unit"":""""},{""amount"":8,""name"":""盐"",""unit"":""""},{""amount"":2,""name"":""黑胡椒粉"",""unit"":""""},{""amount"":2,""name"":""灰普朗第戎芥末酱"",""unit"":""""},{""amount"":1,""name"":""白醋"",""unit"":""""},{""amount"":2,""name"":""黄油"",""unit"":""""},{""amount"":2,""name"":""科尔比-蒙特里杰克奶酪"",""unit"":""""},{""amount"":2,""name"":""辣椒粉"",""unit"":""""},{""amount"":0,""name"":""新鲜欧芹"",""unit"":""""}]","[""鸡肉"",""禽肉"",""肉"",""早午餐"",""少于60分钟"",""鸡胸肉""]"
374728,香辣手撕猪肉,942.4,75.1,42.3,50.8,17,3.5,7,1969.4,204.1,1,breakfast,"[{""amount"":3,""name"":""烧烤酱"",""unit"":""""},{""amount"":750,""name"":""洋葱"",""unit"":""""}]","[""午餐/零食"",""猪肉"",""肉"",""早午餐"",""新手厨师"",""简单"",""便宜"",""一餐即食""]"
130556,醋栗蘸酱鸡块,876.4,69.1,87,29.9,4.5,7.8,45.9,1840.4,131.7,1,breakfast,"[{""amount"":2,""name"":""去骨去皮鸡胸肉"",""unit"":""""},{""amount"":0.25,""name"":""面粉"",""unit"":""""},{""amount"":0.5,""name"":""盐"",""unit"":""""},{""amount"":1,""name"":""胡椒"",""unit"":""""},{""amount"":0.5,""name"":""白芝麻"",""unit"":""""},{""amount"":4,""name"":""红醋栗果冻"",""unit"":""""},{""amount"":1.5,""name"":""酱油"",""unit"":""""},{""amount"":1,""name"":""鲜姜"",""unit"":""""}]","[""鸡肉"",""禽肉"",""肉"",""早午餐"",""少于60分钟"",""新手厨师"",""简单"",""便宜"",""鸡胸肉""]"
193769,香煎金枪鱼排配牛油果莎莎酱,821.5,68.8,11.6,55.8,9.4,7.7,2.4,196.6,107.7,2,breakfast,"[{""amount"":1,""name"":""红甜椒"",""unit"":""""},{""amount"":1,""name"":""红洋葱"",""unit"":""""},{""amount"":1,""name"":""橄榄油"",""unit"":""""},{""amount"":4,""name"":""犹太盐"",""unit"":""""},{""amount"":4,""name"":""黄鳍金枪鱼排"",""unit"":""""},{""amount"":1,""name"":""牛油果"",""unit"":""""},{""amount"":1,""name"":""新鲜番茄"",""unit"":""""},{""amount"":2,""name"":""新鲜香菜茎"",""unit"":""""}]","[""早午餐"",""少于30分钟"",""新手厨师"",""简单"",""金枪鱼""]"
149224,妈妈的秘制杂烩,685.8,60.9,49.9,27.3,8.5,15.8,7.3,191.3,147.4,1,breakfast,"[{""amount"":2,""name"":""橄榄油"",""unit"":""-3""},{""amount"":0.5,""name"":""菜籽油"",""unit"":""""},{""amount"":0.5,""name"":""洋葱"",""unit"":""""},{""amount"":3,""name"":""甜椒"",""unit"":""-4""},{""amount"":2,""name"":""蒜瓣"",""unit"":""""},{""amount"":2,""name"":""大北方豆"",""unit"":""""},{""amount"":1,""name"":""番茄"",""unit"":""""}]","[""肉"",""早午餐"",""少于60分钟"",""简单"",""豆类""]"
280942,南卡罗来纳玉米肉饼,627.8,69.7,31.3,23.4,7.9,3,0.3,148,194.9,6,breakfast,"[{""amount"":3,""name"":""猪肉"",""unit"":""""},{""amount"":2,""name"":""玉米面"",""unit"":""""},{""amount"":0.25,""name"":""玉米糊"",""unit"":""""},{""amount"":0,""name"":""盐"",""unit"":""""},{""amount"":0,""name"":""胡椒"",""unit"":""""},{""amount"":0,""name"":""洋葱"",""unit"":""""}]","[""猪肉"",""肉"",""高蛋白"",""不含..."",""高含量..."",""咸味"",""少于4小时"",""便宜"",""早餐""]"
328244,菲罗鸡肉卷,893.4,73.7,45.9,45.5,22,4.4,1.4,1416.2,219.9,4,breakfast,"[{""amount"":4,""name"":""去皮鸡胸肉"",""unit"":""""},{""amount"":2,""name"":""橄榄油"",""unit"":""""},{""amount"":1,""name"":""冷冻菠菜"",""unit"":""""},{""amount"":0.5,""name"":""盐"",""unit"":""""},{""amount"":1,""name"":""新鲜蘑菇"",""unit"":""""},{""amount"":2,""name"":""大蒜"",""unit"":""""},{""amount"":3,""name"":""干罗勒"",""unit"":""""},{""amount"":1,""name"":""帕玛森奶酪"",""unit"":""""},{""amount"":16,""name"":""酥皮面团"",""unit"":""""},{""amount"":0.5,""name"":""黄油"",""unit"":""""},{""amount"":1,""name"":""白芝麻"",""unit"":""""}]","[""禽肉"",""蔬菜"",""肉"",""高蛋白"",""高含量..."",""早午餐"",""少于4小时"",""一餐即食""]"
114199,德文郡苹果酒炖猪肉,826.1,67,63,34.3,14,9.3,34.8,214.4,220.6,1,breakfast,"[{""amount"":1,""name"":""猪肉"",""unit"":""""},{""amount"":0.25,""name"":""面粉"",""unit"":""""},{""amount"":2,""name"":""肉桂"",""unit"":""""},{""amount"":4,""name"":""烹饪苹果"",""unit"":""""},{""amount"":1,""name"":""黄油"",""unit"":""""},{""amount"":1,""name"":""橄榄油"",""unit"":""""},{""amount"":2,""name"":""烈性苹果酒"",""unit"":""""},{""amount"":1,""name"":""芹菜"",""unit"":""""},{""amount"":1,""name"":""洋葱"",""unit"":""""},{""amount"":0.3333333333333333,""name"":""对半奶油"",""unit"":""""},{""amount"":0,""name"":""欧芹"",""unit"":""""}]","[""苹果"",""水果"",""肉"",""欧洲"",""适合儿童"",""早午餐"",""少于4小时"",""简单"",""猪肉""]"
156662,地中海番茄卡拉马塔橄榄蘑菇鸡肉,666,69.4,14.2,37,13.5,3.8,7.7,690.4,208.5,4,breakfast,"[{""amount"":8,""name"":""去骨鸡胸肉"",""unit"":""""},{""amount"":1.5,""name"":""橄榄油"",""unit"":""""},{""amount"":1,""name"":""白蘑菇"",""unit"":""""},{""amount"":2,""name"":""洋葱"",""unit"":""""},{""amount"":1,""name"":""鲜蒜"",""unit"":""-2""},{""amount"":1.5,""name"":""鸡汤"",""unit"":""""},{""amount"":0.75,""name"":""卡拉马塔橄榄"",""unit"":""""},{""amount"":3,""name"":""李子番茄"",""unit"":""""},{""amount"":2,""name"":""刺山柑"",""unit"":""""},{""amount"":3,""name"":""黄油"",""unit"":""""},{""amount"":2,""name"":""圣女果"",""unit"":""""},{""amount"":0.25,""name"":""新鲜欧芹"",""unit"":""""}]","[""禽肉"",""蔬菜"",""肉"",""欧洲"",""极低碳水化合物"",""早午餐"",""少于60分钟"",""炉灶顶"",""简单"",""鸡肉""]"
196892,甜葡萄干鸡肉沙拉,537.3,67.4,58.2,4.1,1,2,34.3,630.5,165,4,breakfast,"[{""amount"":0.75,""name"":""荸荠片"",""unit"":""""},{""amount"":4,""name"":""金葡萄干"",""unit"":""""},{""amount"":0.5,""name"":""第戎芥末酱"",""unit"":""""},{""amount"":3,""name"":""白兰地"",""unit"":""""},{""amount"":2,""name"":""波本威士忌"",""unit"":""""},{""amount"":0.5,""name"":""盐"",""unit"":""""},{""amount"":1,""name"":""现磨黑胡椒"",""unit"":""""},{""amount"":2.5,""name"":""碎红辣椒片"",""unit"":""""},{""amount"":0,""name"":""去皮鸡胸肉"",""unit"":""""}]","[""禽肉"",""肉"",""高蛋白"",""健康"",""高含量..."",""早午餐"",""少于30分钟"",""鸡肉""]"
164621,简易阿罗哈鸡肉,948.4,74.5,13.8,64.4,17.9,1.4,7.3,924,305.9,1,breakfast,"[{""amount"":1.5,""name"":""新鲜菠萝"",""unit"":""""},{""amount"":0.75,""name"":""烧烤酱"",""unit"":""""},{""amount"":1,""name"":""酱油"",""unit"":""""},{""amount"":0.5,""name"":""姜粉"",""unit"":""""},{""amount"":3.5,""name"":""鸡翅"",""unit"":""""}]","[""鸡肉"",""菠萝"",""禽肉"",""热带水果"",""水果"",""肉"",""极低碳水化合物"",""早午餐"",""少于60分钟"",""新手厨师"",""简单"",""便宜"",""午餐/零食""]"
126100,泰德·肯尼迪最爱的龙虾沙拉,528,62.8,39.3,15.2,2.5,8.3,5.4,944.5,289.4,1,breakfast,"[{""amount"":6,""name"":""玉米"",""unit"":""""},{""amount"":4,""name"":""龙虾肉"",""unit"":""""},{""amount"":2,""name"":""番茄"",""unit"":""""},{""amount"":2,""name"":""牛油果"",""unit"":""""},{""amount"":1,""name"":""蛋黄酱"",""unit"":""""},{""amount"":2,""name"":""牛奶"",""unit"":""""},{""amount"":0.5,""name"":""新鲜莳萝"",""unit"":""""}]","[""龙虾"",""玉米"",""蔬菜"",""健康"",""夏季"",""早午餐"",""冷藏"",""少于4小时"",""简单"",""午餐/零食""]"
178199,牛排培根炒蛋,840.5,73.6,9.4,54.9,20.7,2,4.2,1927.1,191.1,4,breakfast,"[{""amount"":10,""name"":""培根"",""unit"":""""},{""amount"":2,""name"":""洋葱"",""unit"":""""},{""amount"":1.5,""name"":""蒜瓣"",""unit"":""""},{""amount"":2,""name"":""塞拉诺辣椒"",""unit"":""""},{""amount"":4,""name"":""红甜椒"",""unit"":""""},{""amount"":1,""name"":""青椒"",""unit"":""""},{""amount"":1,""name"":""水"",""unit"":""""},{""amount"":4,""name"":""盐"",""unit"":""""},{""amount"":2,""name"":""香菜"",""unit"":""""},{""amount"":2,""name"":""青柠汁"",""unit"":""""},{""amount"":2,""name"":""蒙特利杰克奶酪"",""unit"":""""}]","[""牛排"",""猪肉"",""奶酪"",""肉"",""加勒比"",""极低碳水化合物"",""高蛋白"",""高含量..."",""辣味"",""少于60分钟"",""炉灶顶"",""早餐""]"
78694,金枪鱼青豆番茄沙拉,531.8,64.8,16.2,22.5,4.4,5.7,6.5,898,276.4,2,breakfast,"[{""amount"":1,""name"":""橄榄油浸金枪鱼"",""unit"":""""},{""amount"":2,""name"":""番茄"",""unit"":""""},{""amount"":2,""name"":""熟鸡蛋"",""unit"":""""},{""amount"":3,""name"":""红洋葱"",""unit"":""-4""},{""amount"":1,""name"":""干牛至"",""unit"":""""},{""amount"":1,""name"":""鲜榨柠檬汁"",""unit"":""-2""},{""amount"":8,""name"":""四季豆"",""unit"":""""},{""amount"":0,""name"":""柠檬角"",""unit"":""""}]","[""金枪鱼"",""蔬菜"",""欧洲"",""极低碳水化合物"",""早午餐"",""少于15分钟"",""新手厨师"",""简单"",""午餐/零食""]"
462023,果阿风味手撕猪肉,950.9,75.1,16.2,62.8,21.7,0.9,10.6,680,261.9,1,breakfast,"[{""amount"":3.5,""name"":""辣椒粉"",""unit"":""""},{""amount"":1,""name"":""黑胡椒"",""unit"":""""},{""amount"":0.5,""name"":""孜然粉"",""unit"":""""},{""amount"":0.75,""name"":""白糖"",""unit"":""""},{""amount"":4,""name"":""伍斯特酱"",""unit"":""""},{""amount"":2,""name"":""蚝油"",""unit"":""""},{""amount"":1,""name"":""烧烤酱"",""unit"":""""},{""amount"":0.3333333333333333,""name"":""预调黄芥末"",""unit"":""""},{""amount"":1,""name"":""蒜瓣"",""unit"":""""},{""amount"":2,""name"":""姜"",""unit"":""""},{""amount"":1.5,""name"":""白蒸馏醋"",""unit"":""""},{""amount"":1,""name"":""大蒜粉"",""unit"":""""},{""amount"":0.5,""name"":""辣椒粉"",""unit"":""""}]","[""猪肉"",""肉"",""亚洲"",""印度"",""高蛋白"",""高含量..."",""早午餐"",""高压锅"",""烘焙"",""烤箱"",""炉灶顶"",""便宜"",""午餐/零食""]"
350942,芒果牛油果莎莎水煮三文鱼,485.1,64.8,13.7,18.5,2.9,4.4,8.2,220.6,165.4,4,breakfast,"[{""amount"":1,""name"":""芒果"",""unit"":""""},{""amount"":1,""name"":""牛油果"",""unit"":""""},{""amount"":1,""name"":""葱"",""unit"":""""},{""amount"":1,""name"":""柠檬汁"",""unit"":""""},{""amount"":2,""name"":""三氯蔗糖代糖"",""unit"":""""},{""amount"":2,""name"":""辣椒"",""unit"":""""},{""amount"":1,""name"":""水"",""unit"":""""},{""amount"":2,""name"":""三文鱼柳"",""unit"":""""}]","[""早午餐"",""少于30分钟"",""简单"",""午餐/零食""]"
119654,烤波本蒜香鸡,800.5,72.4,4,44.3,10.9,0.5,0.7,2217.6,220.3,4,breakfast,"[{""amount"":0.5,""name"":""酱油"",""unit"":""""},{""amount"":0.5,""name"":""波本威士忌"",""unit"":""""},{""amount"":4,""name"":""蒜瓣"",""unit"":""-6""},{""amount"":1,""name"":""姜"",""unit"":""""},{""amount"":3,""name"":""橄榄油"",""unit"":""""},{""amount"":2.5,""name"":""鸡杂"",""unit"":""- 3""}]","[""鸡肉"",""禽肉"",""肉"",""极低碳水化合物"",""高蛋白"",""高含量..."",""早午餐"",""少于4小时"",""简单"",""午餐/零食""]"
497221,椰香青柠三文鱼,608.4,68.3,23.7,27,11.1,2.7,17.5,250,146.3,4,breakfast,"[{""amount"":4,""name"":""青柠叶"",""unit"":""""},{""amount"":1,""name"":""红辣椒"",""unit"":""""},{""amount"":2,""name"":""椰奶"",""unit"":""""},{""amount"":165,""name"":""三文鱼柳"",""unit"":""""},{""amount"":4,""name"":""黎巴嫩黄瓜"",""unit"":""""},{""amount"":2,""name"":""芒果"",""unit"":""""},{""amount"":1,""name"":""蒸米饭"",""unit"":""""},{""amount"":1,""name"":""青柠角"",""unit"":""""}]","[""春季"",""夏季"",""工作日夜晚"",""早午餐"",""少于30分钟"",""午餐/零食""]"
116506,烤三文鱼配烟熏番茄辣椒酱,480.7,65.6,11.7,18.2,2.8,3,7,442.9,165.4,4,breakfast,"[{""amount"":2,""name"":""特级初榨橄榄油"",""unit"":""""},{""amount"":0.5,""name"":""红洋葱"",""unit"":""""},{""amount"":2,""name"":""大蒜"",""unit"":""""},{""amount"":1,""name"":""干牛至"",""unit"":""""},{""amount"":1,""name"":""整颗番茄"",""unit"":""""},{""amount"":1,""name"":""阿斗波酱烟熏辣椒"",""unit"":""""},{""amount"":0.5,""name"":""细砂糖"",""unit"":""""},{""amount"":0.5,""name"":""犹太盐"",""unit"":""""},{""amount"":0.25,""name"":""黑胡椒"",""unit"":""""},{""amount"":4,""name"":""三文鱼柳"",""unit"":""""},{""amount"":0,""name"":""特级初榨橄榄油"",""unit"":""""},{""amount"":0,""name"":""犹太盐"",""unit"":""""},{""amount"":0,""name"":""现磨黑胡椒"",""unit"":""""}]","[""蔬菜"",""辣味"",""早午餐"",""少于60分钟"",""炉灶顶"",""简单"",""一餐即食""]"
235236,金枪鱼米粒面沙拉,723.5,65.5,64,21.6,5.7,7.4,2.6,1822,71.9,4,breakfast,"[{""amount"":3,""name"":""鸡汤"",""unit"":""""},{""amount"":1,""name"":""鸟形意面"",""unit"":""""},{""amount"":0.25,""name"":""红酒醋"",""unit"":""""},{""amount"":12,""name"":""橄榄油浸金枪鱼"",""unit"":""""},{""amount"":15.5,""name"":""鹰嘴豆"",""unit"":""""},{""amount"":1,""name"":""圣女果"",""unit"":""""},{""amount"":1,""name"":""黄甜椒"",""unit"":""""},{""amount"":0.5,""name"":""红甜椒"",""unit"":""""},{""amount"":0.5,""name"":""红洋葱"",""unit"":""""},{""amount"":0.5,""name"":""新鲜罗勒"",""unit"":""""},{""amount"":0,""name"":""欧芹"",""unit"":""""},{""amount"":0,""name"":""菲达奶酪"",""unit"":""""}]","[""豆类"",""欧洲"",""家常菜聚餐"",""早午餐"",""少于30分钟"",""新手厨师"",""简单"",""金枪鱼""]"
310109,锡纸烤三文鱼排,390.5,67.2,2,11,1.8,0.3,0.6,2224.3,165.4,4,breakfast,"[{""amount"":4,""name"":""三文鱼柳"",""unit"":""""},{""amount"":0.5,""name"":""酱油"",""unit"":""""},{""amount"":0.25,""name"":""水"",""unit"":""""},{""amount"":0,""name"":""大蒜粉"",""unit"":""""},{""amount"":0,""name"":""黑胡椒"",""unit"":""""}]","[""无乳糖"",""高蛋白"",""无蛋"",""健康"",""不含..."",""高含量..."",""咸味"",""早午餐"",""新手厨师"",""少于4小时"",""简单"",""极低碳水化合物""]"
495818,咖喱鸡蛋沙拉,535,47,54.8,22.9,5.1,28.8,24.8,262,312,1,breakfast,"[{""amount"":5,""name"":""鸡蛋"",""unit"":""""},{""amount"":1.5,""name"":""咖喱粉"",""unit"":""""},{""amount"":3,""name"":""原味酸奶"",""unit"":""""},{""amount"":2,""name"":""盐"",""unit"":""""},{""amount"":0.5,""name"":""洋葱"",""unit"":""""},{""amount"":0.5,""name"":""苹果"",""unit"":""""},{""amount"":0.25,""name"":""山核桃"",""unit"":""""},{""amount"":1,""name"":""新鲜细香葱"",""unit"":""""}]","[""少于15分钟"",""简单"",""早餐""]"
84848,麋鹿大麦砂锅,562.1,60.5,57,10.8,4.1,11.7,11.6,2485.8,140.1,1,breakfast,"[{""amount"":1.5,""name"":""洋葱"",""unit"":""""},{""amount"":1,""name"":""芹菜"",""unit"":""""},{""amount"":0.5,""name"":""月桂叶"",""unit"":""""},{""amount"":1,""name"":""珍珠大麦"",""unit"":""""},{""amount"":1,""name"":""玉米"",""unit"":""""},{""amount"":0.75,""name"":""盐"",""unit"":""""},{""amount"":0.5,""name"":""胡椒"",""unit"":""""},{""amount"":0.5,""name"":""黄油"",""unit"":""""},{""amount"":1,""name"":""人造黄油"",""unit"":""""},{""amount"":0.25,""name"":""番茄"",""unit"":""""},{""amount"":1,""name"":""水"",""unit"":""""},{""amount"":2,""name"":""青椒"",""unit"":""""}]","[""麋鹿"",""牛内脏"",""烤牛肉"",""驼鹿"",""谷物"",""野味"",""肉"",""家常菜聚餐"",""早午餐"",""烤箱"",""新手厨师"",""少于4小时"",""简单"",""便宜"",""鹿肉""]"
127702,豌豆土豆浓汤,876.9,45.3,141.3,16.1,7.3,35.6,23.4,832.8,37.3,1,breakfast,"[{""amount"":3,""name"":""黄油"",""unit"":""""},{""amount"":1,""name"":""洋葱"",""unit"":""""},{""amount"":4,""name"":""胡萝卜"",""unit"":""""},{""amount"":2,""name"":""芹菜茎"",""unit"":""""},{""amount"":1,""name"":""月桂叶"",""unit"":""""},{""amount"":2,""name"":""育空黄金土豆"",""unit"":""""}]","[""蔬菜"",""低胆固醇"",""健康"",""咸味"",""早午餐"",""少于4小时"",""简单"",""便宜"",""土豆""]"
108175,蜜味中式鸡肉沙拉,477.1,61.8,21.2,15.8,4.2,7.1,11.2,270.1,170.2,1,breakfast,"[{""amount"":1,""name"":""绿叶生菜"",""unit"":""""},{""amount"":0.5,""name"":""紫甘蓝"",""unit"":""""},{""amount"":0.25,""name"":""胡萝卜"",""unit"":""""},{""amount"":1,""name"":""芹菜"",""unit"":""""},{""amount"":1,""name"":""豆芽"",""unit"":""""},{""amount"":1,""name"":""馄饨皮"",""unit"":""""}]","[""绿叶蔬菜"",""辣椒"",""蔬菜"",""亚洲"",""早午餐"",""少于30分钟"",""小型电器"",""午餐/零食""]"
434107,雪松木板烤三文鱼配柑橘烧烤酱,605.4,67,49.9,14.3,2.6,1.7,33.6,788.4,146.3,6,breakfast,"[{""amount"":1,""name"":""红洋葱"",""unit"":""""},{""amount"":2,""name"":""大蒜"",""unit"":""""},{""amount"":3,""name"":""小葱"",""unit"":""""},{""amount"":1.5,""name"":""烧烤酱"",""unit"":""""},{""amount"":0.5,""name"":""橙子果酱"",""unit"":""""},{""amount"":0.25,""name"":""新鲜莳萝"",""unit"":""""},{""amount"":2,""name"":""黑胡椒"",""unit"":""""},{""amount"":1,""name"":""盐"",""unit"":""""},{""amount"":6,""name"":""三文鱼柳"",""unit"":""""}]","[""少于30分钟"",""早午餐""]"
359899,米兰式猪排配奶油酸豆酱,826.5,69.8,42.9,40.1,11.6,2.8,3,1140.7,292.1,1,breakfast,"[{""amount"":6,""name"":""去骨猪排"",""unit"":""""},{""amount"":0.75,""name"":""面粉"",""unit"":""""},{""amount"":0.5,""name"":""盐"",""unit"":""""},{""amount"":0.5,""name"":""黑胡椒"",""unit"":""""},{""amount"":2,""name"":""鸡蛋"",""unit"":""""},{""amount"":1,""name"":""大蒜粉"",""unit"":""""},{""amount"":0.5,""name"":""辣椒粉"",""unit"":""""},{""amount"":0.25,""name"":""马斯卡彭奶酪"",""unit"":""""},{""amount"":3,""name"":""蛋黄酱"",""unit"":""""},{""amount"":0.6666666666666666,""name"":""重奶油"",""unit"":""""},{""amount"":3,""name"":""刺山柑"",""unit"":""""},{""amount"":2,""name"":""平叶欧芹"",""unit"":""""},{""amount"":0.25,""name"":""柠檬"",""unit"":""""},{""amount"":2,""name"":""盐"",""unit"":""""},{""amount"":1,""name"":""黑胡椒"",""unit"":""""}]","[""肉"",""欧洲"",""早午餐"",""少于30分钟"",""炉灶顶"",""简单"",""猪肉""]"
128449,葡萄核桃鸡肉沙拉,489.7,66.6,16,16.5,5.5,0.9,9.6,360.1,190.7,8,breakfast,"[{""amount"":5,""name"":""去骨去皮鸡胸肉"",""unit"":""""},{""amount"":1,""name"":""葡萄"",""unit"":""""},{""amount"":3,""name"":""芹菜茎"",""unit"":""""},{""amount"":0.75,""name"":""红洋葱"",""unit"":""""},{""amount"":0.75,""name"":""蛋黄酱"",""unit"":""""},{""amount"":0.5,""name"":""法式酸奶油"",""unit"":""""},{""amount"":0,""name"":""核桃"",""unit"":""""}]","[""鸡肉"",""禽肉"",""肉"",""高蛋白"",""高含量..."",""家常菜聚餐"",""早午餐"",""少于60分钟"",""简单"",""鸡胸肉""]"
155510,孟买羊肉咖喱,891.4,71.1,22.2,57.2,25.6,4.4,12.1,1397,272.4,1,breakfast,"[{""amount"":500,""name"":""羔羊肉"",""unit"":""""},{""amount"":1,""name"":""洋葱"",""unit"":""""},{""amount"":1,""name"":""蒜瓣"",""unit"":""""},{""amount"":1.5,""name"":""酥油"",""unit"":""""},{""amount"":1,""name"":""芫荽粉"",""unit"":""""},{""amount"":1,""name"":""孜然粉"",""unit"":""""},{""amount"":1,""name"":""姜黄粉"",""unit"":""""},{""amount"":1,""name"":""新鲜粗磨黑胡椒"",""unit"":""""},{""amount"":1.5,""name"":""葛拉姆马萨拉"",""unit"":""""},{""amount"":2,""name"":""辣椒"",""unit"":""""},{""amount"":2,""name"":""月桂叶"",""unit"":""""},{""amount"":1,""name"":""肉桂棒"",""unit"":""""},{""amount"":100,""name"":""脱脂酸奶"",""unit"":""""},{""amount"":225,""name"":""番茄"",""unit"":""""},{""amount"":1,""name"":""盐"",""unit"":""""}]","[""羔羊/绵羊"",""肉"",""亚洲"",""印度"",""咸味"",""早午餐"",""少于4小时"",""咖喱""]"
161761,西南风味火腿鸡蛋配莎莎酱,377.9,65.2,8.2,7.7,2.5,1.4,5.1,2333,47.5,2,breakfast,"[{""amount"":2,""name"":""脱脂白软干酪"",""unit"":""""},{""amount"":12,""name"":""瘦火腿"",""unit"":""""},{""amount"":1,""name"":""莎莎酱"",""unit"":""""}]","[""少于60分钟"",""早餐""]"
159106,阿玛雷托猪里脊配日晒番茄,841.4,72.1,18.4,53.2,28.2,2,14.7,315.1,316,2,breakfast,"[{""amount"":2,""name"":""青葱"",""unit"":""""},{""amount"":2,""name"":""杏仁利口酒"",""unit"":""""},{""amount"":1,""name"":""半釉汁"",""unit"":""""},{""amount"":2,""name"":""红醋栗"",""unit"":""""},{""amount"":0.5,""name"":""日晒番茄干"",""unit"":""""},{""amount"":0.25,""name"":""无盐黄油"",""unit"":""""}]","[""蔬菜"",""肉"",""欧洲"",""早午餐"",""少于60分钟"",""简单"",""猪肉""]"
175494,意大利蛋花汤（斯特拉恰泰拉）,899.1,70.6,24,55.8,15.3,2.7,9.6,2195.1,305.9,6,breakfast,"[{""amount"":6,""name"":""鸡蛋"",""unit"":""""},{""amount"":3,""name"":""鸟形意面"",""unit"":""""},{""amount"":3,""name"":""帕玛森-雷吉亚诺奶酪"",""unit"":""""},{""amount"":3,""name"":""意大利欧芹"",""unit"":""""},{""amount"":1,""name"":""肉豆蔻"",""unit"":""""},{""amount"":1,""name"":""特级初榨橄榄油"",""unit"":""""},{""amount"":2,""name"":""鸡翅"",""unit"":""""},{""amount"":3.5,""name"":""胡萝卜"",""unit"":""""},{""amount"":3,""name"":""洋葱"",""unit"":""""},{""amount"":2,""name"":""蒜瓣"",""unit"":""""},{""amount"":2,""name"":""芹菜茎"",""unit"":""""},{""amount"":4,""name"":""番茄膏"",""unit"":""""},{""amount"":2,""name"":""黑胡椒粒"",""unit"":""""},{""amount"":1,""name"":""欧芹茎"",""unit"":""""},{""amount"":1,""name"":""鸡汤"",""unit"":""""}]","[""欧洲"",""早午餐"",""少于4小时"",""便宜"",""库存""]"
58371,自制面条鸡汤面,952.3,70.7,38,55.3,15.7,3,3.2,1546.3,419.9,1,breakfast,"[{""amount"":5,""name"":""洋葱"",""unit"":""""},{""amount"":1,""name"":""胡萝卜"",""unit"":""""},{""amount"":1,""name"":""欧芹"",""unit"":""""},{""amount"":3,""name"":""盐"",""unit"":""""},{""amount"":1,""name"":""胡椒"",""unit"":""""},{""amount"":0.5,""name"":""低筋面粉"",""unit"":""""},{""amount"":1.25,""name"":""盐"",""unit"":""""},{""amount"":0.25,""name"":""鸡蛋"",""unit"":""""},{""amount"":1,""name"":""无盐黄油"",""unit"":""""},{""amount"":1.5,""name"":""水"",""unit"":""""},{""amount"":2.5,""name"":""烤土豆"",""unit"":""""},{""amount"":2,""name"":""芹菜"",""unit"":""""},{""amount"":0.5,""name"":""新鲜百里香枝"",""unit"":""""}]","[""鸡肉"",""禽肉"",""肉"",""适合儿童"",""工作日夜晚"",""早午餐"",""炉灶顶"",""小型电器"",""少于4小时"",""一餐即食""]"
279861,整烤三文鱼,671.4,67.9,2.2,42,8.1,0.9,0,201.4,200.7,1,breakfast,"[{""amount"":6,""name"":""柠檬"",""unit"":""-8""},{""amount"":1.5,""name"":""橄榄油"",""unit"":""""}]","[""高蛋白"",""高含量..."",""早午餐"",""少于60分钟"",""烤箱"",""新手厨师"",""简单"",""极低碳水化合物""]"
140396,渔夫派,952.6,63,95.7,36.1,19.9,13.6,8.2,473.3,220.1,1,breakfast,"[{""amount"":5,""name"":""土豆"",""unit"":""""},{""amount"":3,""name"":""黄油"",""unit"":""""},{""amount"":0.25,""name"":""牛奶"",""unit"":""- 1/2""},{""amount"":2,""name"":""新鲜菠菜"",""unit"":""""},{""amount"":1.5,""name"":""橄榄油"",""unit"":""""},{""amount"":1,""name"":""洋葱"",""unit"":""-2""},{""amount"":1,""name"":""胡萝卜"",""unit"":""""},{""amount"":1,""name"":""鲜豌豆"",""unit"":""""},{""amount"":1,""name"":""对半奶油"",""unit"":""""},{""amount"":1,""name"":""切达干酪（陈年）"",""unit"":""""},{""amount"":1,""name"":""英式干芥末粉"",""unit"":""""},{""amount"":1,""name"":""肉豆蔻"",""unit"":""""},{""amount"":1,""name"":""平叶欧芹"",""unit"":""""},{""amount"":1,""name"":""帕玛森奶酪"",""unit"":""""}]","[""白鱼"",""加拿大"",""欧洲"",""早午餐"",""少于30分钟"",""简单"",""一餐即食""]"
379614,烤菠菜芦笋意面,780.9,66.6,65.8,29.9,8.6,4.3,3.2,1133.3,152.6,1,breakfast,"[{""amount"":1.5,""name"":""鸡胸肉"",""unit"":""""},{""amount"":8,""name"":""冷冻菠菜"",""unit"":""""},{""amount"":1,""name"":""芦笋"",""unit"":""""},{""amount"":4,""name"":""番茄"",""unit"":""-5""},{""amount"":2,""name"":""帕玛森奶酪"",""unit"":""""},{""amount"":4,""name"":""盐"",""unit"":""""},{""amount"":0.25,""name"":""胡椒"",""unit"":""""},{""amount"":1,""name"":""蒜瓣"",""unit"":""""},{""amount"":0.5,""name"":""罗勒"",""unit"":""""},{""amount"":1.5,""name"":""橄榄油"",""unit"":""""}]","[""鸡胸肉"",""鸡肉"",""意大利面"",""禽肉"",""蔬菜"",""肉"",""无蛋"",""不含..."",""工作日夜晚"",""早午餐"",""少于60分钟"",""简单"",""便宜"",""一餐即食""]"
356234,索伦托酿鸡胸,665.2,66.4,10.9,39.5,15.2,4.2,2.7,774.9,246.1,1,breakfast,"[{""amount"":1,""name"":""蒜瓣"",""unit"":""""},{""amount"":1,""name"":""洋葱"",""unit"":""""},{""amount"":1,""name"":""冷冻菠菜碎"",""unit"":""""},{""amount"":3,""name"":""新鲜欧芹"",""unit"":""""},{""amount"":2,""name"":""新鲜罗勒"",""unit"":""""},{""amount"":2,""name"":""干罗勒"",""unit"":""""},{""amount"":1,""name"":""瑞可塔奶酪"",""unit"":""""},{""amount"":1,""name"":""马苏里拉奶酪"",""unit"":""""},{""amount"":0.5,""name"":""帕玛森奶酪"",""unit"":""""},{""amount"":0.25,""name"":""鸡蛋"",""unit"":""""},{""amount"":1,""name"":""盐"",""unit"":""""},{""amount"":0.5,""name"":""胡椒"",""unit"":""""},{""amount"":2,""name"":""鸡胸肉"",""unit"":""""}]","[""鸡肉"",""禽肉"",""肉"",""欧洲"",""极低碳水化合物"",""早午餐"",""少于60分钟"",""简单"",""鸡胸肉""]"
78569,佛罗伦萨酿鸡胸,439.8,64.4,19.8,9.3,2.6,1.2,2.1,421,348.4,1,breakfast,"[{""amount"":4,""name"":""去骨去皮鸡胸肉"",""unit"":""""},{""amount"":1,""name"":""鸡蛋"",""unit"":""""}]","[""鸡肉"",""禽肉"",""肉"",""家常菜聚餐"",""春季"",""夏季"",""冬季"",""圣诞"",""早午餐"",""少于60分钟"",""烤箱"",""简单"",""便宜"",""鸡胸肉""]"
57504,维罗妮卡三文鱼柳配覆盆子、猕猴桃和胡椒粒酱,536.1,64.8,10.1,25.3,10.5,3.1,4.8,246.3,213.8,4,breakfast,"[{""amount"":4,""name"":""三文鱼柳"",""unit"":""""},{""amount"":1,""name"":""黄油"",""unit"":""""},{""amount"":0.5,""name"":""重奶油"",""unit"":""""},{""amount"":1,""name"":""覆盆子"",""unit"":""""},{""amount"":0.25,""name"":""白糖"",""unit"":""""},{""amount"":1,""name"":""青胡椒粒"",""unit"":""""},{""amount"":2,""name"":""猕猴桃"",""unit"":""""}]","[""猕猴桃"",""浆果"",""热带水果"",""水果"",""早午餐"",""少于30分钟"",""烤箱"",""炉灶顶"",""覆盆子""]"
274942,荞麦可丽饼配烟熏三文鱼,752.8,51.5,78.8,29.1,7.6,23.4,4.5,1296.1,143.3,2,breakfast,"[{""amount"":1,""name"":""荞麦面粉"",""unit"":""""},{""amount"":1,""name"":""脱脂牛奶"",""unit"":""""},{""amount"":1,""name"":""淡味里科塔奶酪"",""unit"":""""},{""amount"":0.5,""name"":""蒜瓣"",""unit"":""""},{""amount"":1,""name"":""干大蒜"",""unit"":""""},{""amount"":2,""name"":""欧芹"",""unit"":""""},{""amount"":0.5,""name"":""现磨黑胡椒"",""unit"":""""},{""amount"":2,""name"":""柠檬皮屑"",""unit"":""""},{""amount"":1,""name"":""橄榄油"",""unit"":""""},{""amount"":1,""name"":""洋蓟心"",""unit"":""""},{""amount"":250,""name"":""烟熏三文鱼"",""unit"":""""}]","[""少于30分钟"",""早餐""]"
61136,白豆金枪鱼沙拉,794.1,58.4,40.2,44.3,6.5,14.2,7.7,1516.1,52.6,4,breakfast,"[{""amount"":2,""name"":""白腰豆"",""unit"":""""},{""amount"":2,""name"":""白肉金枪鱼"",""unit"":""""},{""amount"":2,""name"":""番茄"",""unit"":""""},{""amount"":0.5,""name"":""红洋葱"",""unit"":""""},{""amount"":0.5,""name"":""卡拉马塔橄榄"",""unit"":""""},{""amount"":2,""name"":""鲜榨柠檬汁"",""unit"":""""},{""amount"":1,""name"":""第戎芥末酱"",""unit"":""""},{""amount"":0.5,""name"":""橄榄油"",""unit"":""""},{""amount"":0.5,""name"":""新鲜罗勒"",""unit"":""""},{""amount"":0,""name"":""生菜叶"",""unit"":""""}]","[""豆类"",""蔬菜"",""欧洲"",""低胆固醇"",""早午餐"",""少于15分钟"",""简单"",""金枪鱼""]"
81806,魔鬼辣椒鸡,781,65.9,19.1,49.2,12.3,5,9.8,1512.5,219.3,4,breakfast,"[{""amount"":4,""name"":""青椒"",""unit"":""""},{""amount"":4,""name"":""青椒"",""unit"":""""},{""amount"":0.75,""name"":""洋葱"",""unit"":""""},{""amount"":0.25,""name"":""人造黄油"",""unit"":""""},{""amount"":0.75,""name"":""鸡蛋"",""unit"":""""},{""amount"":1.5,""name"":""番茄酱"",""unit"":""""},{""amount"":1,""name"":""切达奶酪"",""unit"":""""}]","[""猪肉"",""禽肉"",""奶酪"",""辣椒"",""蔬菜"",""肉"",""家常菜聚餐"",""早午餐"",""少于60分钟"",""烤箱"",""新手厨师"",""炉灶顶"",""简单"",""便宜"",""鸡肉""]"
202979,乔西的慢炖海鲜汤,667.1,64.2,27.2,26.7,5,4.1,6.4,1173.6,214.8,1,breakfast,"[{""amount"":4,""name"":""葡萄酒"",""unit"":""""},{""amount"":2,""name"":""特级初榨橄榄油"",""unit"":""""},{""amount"":0.5,""name"":""洋葱"",""unit"":""""},{""amount"":1,""name"":""蒜瓣"",""unit"":""""},{""amount"":4,""name"":""意大利欧芹"",""unit"":""""},{""amount"":1,""name"":""茴香"",""unit"":""""},{""amount"":2,""name"":""胡萝卜"",""unit"":""""},{""amount"":1,""name"":""芹菜"",""unit"":""""},{""amount"":1,""name"":""贻贝"",""unit"":""""},{""amount"":2,""name"":""大虾"",""unit"":""""},{""amount"":2,""name"":""碎番茄"",""unit"":""""},{""amount"":1,""name"":""青柠"",""unit"":""""},{""amount"":1,""name"":""意大利欧芹"",""unit"":""""},{""amount"":1,""name"":""帕玛森奶酪"",""unit"":""""},{""amount"":0.5,""name"":""盐"",""unit"":""""},{""amount"":0.5,""name"":""黑胡椒"",""unit"":""""}]","[""贻贝"",""早午餐"",""少于4小时"",""清汤""]"
186368,克罗克特酿彩椒,885.6,67.8,34.1,51.8,20.1,4.8,8.5,530.3,231.3,2,breakfast,"[{""amount"":2,""name"":""青椒"",""unit"":""""},{""amount"":2,""name"":""洋葱"",""unit"":""""},{""amount"":1.5,""name"":""碎牛肉"",""unit"":""""},{""amount"":0.75,""name"":""熟米饭"",""unit"":""""},{""amount"":1,""name"":""番茄丁"",""unit"":""""},{""amount"":0.25,""name"":""碎番茄"",""unit"":""""},{""amount"":0.75,""name"":""盐"",""unit"":""""},{""amount"":1,""name"":""美式奶酪"",""unit"":""""},{""amount"":0.3333333333333333,""name"":""切碎的红甜椒"",""unit"":""""},{""amount"":0,""name"":""水"",""unit"":""""}]","[""大米"",""辣椒"",""蔬菜"",""肉"",""低蛋白"",""低胆固醇"",""早午餐"",""新手厨师"",""简单"",""便宜"",""一餐即食""]"
105387,健身增肌能量煎饼,826.1,53,111.3,19.4,4.9,20.2,1.7,348.3,377.6,1,breakfast,"[{""amount"":6,""name"":""燕麦"",""unit"":""""},{""amount"":2,""name"":""肉桂"",""unit"":""""},{""amount"":1,""name"":""人造甜味剂"",""unit"":""""}]","[""少于15分钟"",""新手厨师"",""简单"",""早餐""]"
73352,超快鸡肉辣椒白豆炖菜,669.6,58,59.3,22.6,10.9,12.7,6.9,650.3,123.6,6,breakfast,"[{""amount"":2,""name"":""白腰豆"",""unit"":""""},{""amount"":1.5,""name"":""去骨去皮鸡胸肉"",""unit"":""""},{""amount"":1,""name"":""橄榄油"",""unit"":""""},{""amount"":1,""name"":""洋葱"",""unit"":""""},{""amount"":2,""name"":""大蒜"",""unit"":""""},{""amount"":3.5,""name"":""青辣椒"",""unit"":""""},{""amount"":2,""name"":""孜然粉"",""unit"":""""},{""amount"":2.5,""name"":""辣椒粉"",""unit"":""""},{""amount"":0.25,""name"":""特锐切达奶酪"",""unit"":""""},{""amount"":2,""name"":""酸奶油"",""unit"":""""}]","[""鸡肉"",""禽肉"",""豆类"",""肉"",""家常菜聚餐"",""辣味"",""早午餐"",""少于30分钟"",""新手厨师"",""简单"",""便宜"",""炖""]"
224671,墨西哥卷饼店风味塔可,933.4,61.1,82.2,41.6,11.1,12.5,6.1,1931.5,93,1,breakfast,"[{""amount"":3,""name"":""白醋"",""unit"":""""},{""amount"":0.3333333333333333,""name"":""酱油"",""unit"":""""},{""amount"":0.5,""name"":""蒜瓣"",""unit"":""""},{""amount"":4,""name"":""青柠汁"",""unit"":""""},{""amount"":2,""name"":""橄榄油"",""unit"":""""},{""amount"":0.5,""name"":""盐"",""unit"":""""},{""amount"":1,""name"":""黑胡椒粉"",""unit"":""""},{""amount"":1,""name"":""白胡椒"",""unit"":""""},{""amount"":1,""name"":""大蒜粉"",""unit"":""""},{""amount"":1,""name"":""辣椒粉"",""unit"":""""},{""amount"":1,""name"":""干牛至"",""unit"":""""},{""amount"":1,""name"":""孜然粉"",""unit"":""""},{""amount"":1,""name"":""辣椒粉"",""unit"":""""},{""amount"":1,""name"":""新鲜香菜"",""unit"":""""},{""amount"":1,""name"":""青柠汁"",""unit"":""""},{""amount"":0.5,""name"":""番茄"",""unit"":""""},{""amount"":1,""name"":""蒜瓣"",""unit"":""""},{""amount"":2,""name"":""玉米饼"",""unit"":""""},{""amount"":2,""name"":""科蒂哈奶酪"",""unit"":""""},{""amount"":1,""name"":""青柠"",""unit"":""""}]","[""牛排"",""肉"",""墨西哥"",""低胆固醇"",""健康"",""辣味"",""早午餐"",""少于4小时"",""便宜"",""午餐/零食""]"
389645,菲律宾甜腌肉,707.8,67.1,58.1,21.9,7.7,0.6,55.1,1447.3,194.9,4,breakfast,"[{""amount"":2,""name"":""猪肉"",""unit"":""""},{""amount"":0.75,""name"":""粗黑胡椒碎"",""unit"":""""},{""amount"":1,""name"":""犹太盐"",""unit"":""""},{""amount"":3,""name"":""大蒜粉"",""unit"":""""},{""amount"":2,""name"":""白糖"",""unit"":""""}]","[""肉"",""亚洲"",""高蛋白"",""健康"",""高含量..."",""家常菜聚餐"",""早餐""]"
78835,Legal海鲜的新英格兰蛤蜊浓汤,616.7,64.9,35.2,22.6,9.9,2.5,2.5,812.7,205,8,breakfast,"[{""amount"":4,""name"":""小颈蛤"",""unit"":""""},{""amount"":1,""name"":""水"",""unit"":""""},{""amount"":1,""name"":""大蒜"",""unit"":""""},{""amount"":2,""name"":""咸猪肉"",""unit"":""""},{""amount"":2,""name"":""洋葱"",""unit"":""""},{""amount"":3,""name"":""通用面粉"",""unit"":""""},{""amount"":4.5,""name"":""蛤蜊高汤"",""unit"":""""},{""amount"":3,""name"":""土豆"",""unit"":""""}]","[""早午餐"",""少于4小时"",""杂烩汤""]"
244969,柑橘油醋汁烤鸡沙拉脆饼,859.9,64.8,56.6,42.2,16.8,7.6,7.1,1967.2,153.1,4,breakfast,"[{""amount"":6,""name"":""去骨去皮鸡胸肉"",""unit"":""""},{""amount"":1,""name"":""犹太盐"",""unit"":""""},{""amount"":0.5,""name"":""面粉玉米饼"",""unit"":""""},{""amount"":8,""name"":""奶酪"",""unit"":""""},{""amount"":12,""name"":""混合嫩生菜和春季绿叶菜"",""unit"":""""},{""amount"":6,""name"":""玉米粒"",""unit"":""""},{""amount"":0.5,""name"":""莎莎酱"",""unit"":""""},{""amount"":0.5,""name"":""番茄莎莎酱"",""unit"":""""},{""amount"":4,""name"":""奇米丘里酱"",""unit"":""""},{""amount"":8,""name"":""牛油果"",""unit"":""""},{""amount"":0.25,""name"":""橄榄油"",""unit"":""""},{""amount"":1,""name"":""第戎芥末酱"",""unit"":""""},{""amount"":2,""name"":""蜂蜜"",""unit"":""""},{""amount"":0.6666666666666666,""name"":""大蒜"",""unit"":""""},{""amount"":0.3333333333333333,""name"":""青葱"",""unit"":""""},{""amount"":1,""name"":""新鲜香菜"",""unit"":""""}]","[""鸡肉"",""禽肉"",""肉"",""加勒比"",""早午餐"",""少于30分钟"",""新手厨师"",""简单"",""鸡胸肉""]"
65996,蔬菜酿龙利鱼,477,63.8,13.4,16.2,8.4,1.6,2.4,606.6,187,4,breakfast,"[{""amount"":0.25,""name"":""黄油"",""unit"":""""},{""amount"":0.5,""name"":""人造黄油"",""unit"":""""},{""amount"":0.25,""name"":""胡萝卜"",""unit"":""""},{""amount"":1,""name"":""芹菜"",""unit"":""""},{""amount"":0.5,""name"":""欧芹"",""unit"":""""},{""amount"":2,""name"":""香菜"",""unit"":""""},{""amount"":0.25,""name"":""辣椒粉"",""unit"":""""},{""amount"":0.125,""name"":""辣椒粉"",""unit"":""""},{""amount"":0.25,""name"":""盐"",""unit"":""""},{""amount"":1,""name"":""柠檬汁"",""unit"":""""},{""amount"":8,""name"":""龙利鱼柳"",""unit"":""""},{""amount"":0.25,""name"":""干白葡萄酒"",""unit"":""""},{""amount"":4,""name"":""柠檬片"",""unit"":""""}]","[""蔬菜"",""高蛋白"",""犹太洁食"",""高含量..."",""早午餐"",""少于30分钟"",""辣椒""]"
361379,美味扁豆沙拉,578.2,38.2,72.6,15.9,3.4,36,3,834.2,224.1,4,breakfast,"[{""amount"":4,""name"":""水"",""unit"":""""},{""amount"":1,""name"":""干扁豆"",""unit"":""""},{""amount"":3,""name"":""蒜瓣"",""unit"":""""},{""amount"":1,""name"":""盐"",""unit"":""""},{""amount"":0.5,""name"":""黑胡椒粉"",""unit"":""""},{""amount"":2,""name"":""特级初榨橄榄油"",""unit"":""""},{""amount"":1,""name"":""柠檬"",""unit"":""""},{""amount"":4,""name"":""鸡蛋"",""unit"":""""}]","[""扁豆"",""豆类"",""早午餐"",""少于60分钟"",""便宜"",""午餐/零食""]"
62243,香辣腌鱼,389.3,61.8,15.6,7,1.6,2,7.4,1876.7,230.5,2,breakfast,"[{""amount"":500,""name"":""盐"",""unit"":""""},{""amount"":1,""name"":""面粉"",""unit"":""""},{""amount"":1.5,""name"":""鸡蛋"",""unit"":""""},{""amount"":1,""name"":""辣椒酱"",""unit"":""""},{""amount"":3.5,""name"":""番茄酱"",""unit"":""""},{""amount"":1,""name"":""柠檬汁"",""unit"":""""},{""amount"":2,""name"":""白糖"",""unit"":""""},{""amount"":1,""name"":""小葱"",""unit"":""""}]","[""亚洲"",""辣味"",""甜味"",""早午餐"",""少于30分钟"",""新手厨师"",""油炸"",""简单"",""便宜"",""中文""]"
154582,肉饼库克先生三明治,878.3,67.3,30.7,53.9,25.9,5.3,6.1,854.7,239.2,4,breakfast,"[{""amount"":2,""name"":""第戎芥末酱"",""unit"":""""},{""amount"":2,""name"":""辣椒酱"",""unit"":""""},{""amount"":3,""name"":""黄油"",""unit"":""""},{""amount"":8,""name"":""番茄"",""unit"":""""},{""amount"":8,""name"":""格鲁耶尔奶酪"",""unit"":""""}]","[""欧洲"",""高蛋白"",""适合儿童"",""高含量..."",""早午餐"",""少于15分钟"",""简单"",""午餐/零食""]"
57767,泰式蘑菇煎蛋卷,925.4,48.3,159.4,26.1,6,27.3,68.7,1038.2,423,2,breakfast,"[{""amount"":1,""name"":""红洋葱"",""unit"":""""},{""amount"":1,""name"":""红辣椒"",""unit"":""""},{""amount"":10,""name"":""黄瓜"",""unit"":""""},{""amount"":1,""name"":""鸡蛋"",""unit"":""""},{""amount"":4,""name"":""生菜"",""unit"":""""}]","[""早午餐"",""少于30分钟"",""炉灶顶"",""早餐""]"
133185,牧场煎蛋卷,773.9,49.8,75.8,30.7,13.1,25.1,4.3,2381.8,699,1,breakfast,"[{""amount"":1,""name"":""莎莎酱"",""unit"":""""},{""amount"":0.25,""name"":""蒙特利杰克奶酪"",""unit"":""""},{""amount"":3,""name"":""鸡蛋"",""unit"":""""},{""amount"":3,""name"":""水"",""unit"":""""},{""amount"":1,""name"":""盐"",""unit"":""""},{""amount"":0.125,""name"":""新鲜研磨黑胡椒"",""unit"":""""},{""amount"":1,""name"":""黄油"",""unit"":""""},{""amount"":0,""name"":""人造黄油"",""unit"":""""},{""amount"":0,""name"":""酸奶油"",""unit"":""""}]","[""少于60分钟"",""炉灶顶"",""早餐""]"
198825,蜂蜜香菜鸡翅,993.2,70.3,29.2,65.3,17.6,1.1,25.7,1801.3,291.3,1,breakfast,"[{""amount"":1,""name"":""犹太盐"",""unit"":""""},{""amount"":1,""name"":""辣椒粉"",""unit"":""""},{""amount"":1,""name"":""白糖"",""unit"":""""},{""amount"":0.25,""name"":""胡椒"",""unit"":""""},{""amount"":0.25,""name"":""姜黄"",""unit"":""""},{""amount"":0.25,""name"":""肉桂"",""unit"":""""},{""amount"":0.25,""name"":""大蒜粉"",""unit"":""""},{""amount"":0.125,""name"":""辣椒粉"",""unit"":""""},{""amount"":5,""name"":""鸡翅"",""unit"":""""},{""amount"":2,""name"":""蜂蜜"",""unit"":""-4""},{""amount"":0.5,""name"":""低钠酱油"",""unit"":""""},{""amount"":0.25,""name"":""玉米淀粉"",""unit"":""""},{""amount"":1,""name"":""辣椒粉"",""unit"":""""},{""amount"":0.5,""name"":""鲜青柠汁"",""unit"":""""},{""amount"":0.5,""name"":""芫荽粉"",""unit"":""""},{""amount"":0.5,""name"":""姜粉"",""unit"":""""}]","[""鸡肉"",""禽肉"",""肉"",""波利尼西亚"",""早午餐"",""少于60分钟"",""午餐/零食""]"
237329,夏日沙拉,764.3,57.5,66.2,33.4,18.9,15.2,12,1349,104.9,2,breakfast,"[{""amount"":4,""name"":""生菜"",""unit"":""""},{""amount"":0.25,""name"":""甜洋葱"",""unit"":""""},{""amount"":6,""name"":""金枪鱼"",""unit"":""""},{""amount"":1,""name"":""番茄"",""unit"":""""},{""amount"":12,""name"":""芦笋"",""unit"":""""},{""amount"":2,""name"":""新土豆"",""unit"":""""},{""amount"":1,""name"":""西葫芦"",""unit"":""""},{""amount"":1,""name"":""刺山柑"",""unit"":""""},{""amount"":1,""name"":""奶酪"",""unit"":""""}]","[""蔬菜"",""欧洲"",""夏季"",""早午餐"",""少于30分钟"",""金枪鱼""]"
109455,金枪鱼甜玉米烤土豆配田园沙拉,769.7,60.1,80.2,23.2,5.6,8.9,7.2,708.9,96.3,1,breakfast,"[{""amount"":1,""name"":""金枪鱼"",""unit"":""""},{""amount"":0.25,""name"":""甜玉米"",""unit"":""""},{""amount"":2,""name"":""好乐门蛋黄酱"",""unit"":""""},{""amount"":0.125,""name"":""盐"",""unit"":""""},{""amount"":0.25,""name"":""白糖"",""unit"":""""},{""amount"":0.5,""name"":""黄油"",""unit"":""""},{""amount"":1,""name"":""人造黄油"",""unit"":""""},{""amount"":0,""name"":""土豆"",""unit"":""""}]","[""金枪鱼"",""欧洲"",""低胆固醇"",""健康"",""适合儿童"",""早午餐"",""少于15分钟"",""新手厨师"",""简单"",""午餐/零食""]"
156186,新鲜番茄红甜椒黑豆辣酱,841,57,52.9,46.4,15.5,16.1,19.1,1602.1,153.8,1,breakfast,"[{""amount"":4,""name"":""碎牛肉"",""unit"":""-6""},{""amount"":2,""name"":""大蒜"",""unit"":""""},{""amount"":1,""name"":""洋葱"",""unit"":""""},{""amount"":2,""name"":""水"",""unit"":""""},{""amount"":2,""name"":""孜然"",""unit"":""""},{""amount"":2,""name"":""辣椒粉"",""unit"":""""},{""amount"":2,""name"":""干牛至"",""unit"":""""},{""amount"":2,""name"":""盐"",""unit"":""""},{""amount"":2,""name"":""辣椒粉"",""unit"":""""},{""amount"":1,""name"":""番茄膏"",""unit"":""""},{""amount"":2,""name"":""白糖"",""unit"":""""},{""amount"":3,""name"":""新鲜番茄"",""unit"":""""},{""amount"":3,""name"":""红甜椒"",""unit"":""""},{""amount"":3,""name"":""罐装黑豆"",""unit"":""""},{""amount"":2,""name"":""牛肉高汤"",""unit"":""""},{""amount"":3,""name"":""切达奶酪"",""unit"":""""},{""amount"":3,""name"":""酸奶油"",""unit"":""""}]","[""肉"",""低胆固醇"",""健康"",""早午餐"",""少于30分钟"",""新手厨师"",""炉灶顶"",""简单"",""蔬菜""]"
443193,牧场蛋,832.3,50.9,88.8,31.9,13.9,23.3,6.7,835.9,670.7,2,breakfast,"[{""amount"":6,""name"":""玉米饼"",""unit"":""""},{""amount"":6,""name"":""鸡蛋"",""unit"":""""},{""amount"":2,""name"":""黑豆"",""unit"":""""},{""amount"":1,""name"":""奶酪"",""unit"":""""},{""amount"":12,""name"":""青辣椒酱"",""unit"":""""},{""amount"":2,""name"":""烟熏辣椒"",""unit"":""""},{""amount"":2,""name"":""小葱"",""unit"":""""},{""amount"":1,""name"":""香菜"",""unit"":""""}]","[""少于60分钟"",""早餐""]"
190292,印度风味烤鸡,898.5,67,33,55,15.2,2.8,16.9,643.8,255.4,4,breakfast,"[{""amount"":3,""name"":""酱油"",""unit"":""""},{""amount"":1.5,""name"":""粗黑胡椒碎"",""unit"":""""},{""amount"":2,""name"":""蜂蜜"",""unit"":""""},{""amount"":3,""name"":""咖喱叶"",""unit"":""""},{""amount"":12,""name"":""大蒜"",""unit"":""""},{""amount"":1,""name"":""大蒜"",""unit"":""""},{""amount"":1,""name"":""黄洋葱"",""unit"":""""},{""amount"":10,""name"":""橄榄油"",""unit"":""""}]","[""禽肉"",""肉"",""亚洲"",""早午餐"",""新手厨师"",""少于4小时"",""简单"",""便宜"",""鸡肉""]"
379733,芥末腌虾,437.1,61.2,5.2,18.3,2.7,2,0.8,1220.2,552.1,1,breakfast,"[{""amount"":0.25,""name"":""龙蒿醋"",""unit"":""""},{""amount"":0.25,""name"":""红酒醋"",""unit"":""""},{""amount"":1,""name"":""黑胡椒"",""unit"":""""},{""amount"":0.25,""name"":""芥末粉"",""unit"":""""},{""amount"":1,""name"":""盐"",""unit"":""""},{""amount"":2,""name"":""特级初榨橄榄油"",""unit"":""""},{""amount"":0.25,""name"":""平叶欧芹"",""unit"":""""},{""amount"":0.25,""name"":""蒜瓣"",""unit"":""""},{""amount"":0.25,""name"":""葱"",""unit"":""""},{""amount"":2,""name"":""柠檬"",""unit"":""""},{""amount"":1,""name"":""蒜瓣"",""unit"":""""},{""amount"":1,""name"":""虾"",""unit"":""""}]","[""早午餐""]"
78611,弗朗西斯卡鸡肉,736.3,60.3,21,37.5,8.4,8,4.2,712.3,146.7,1,breakfast,"[{""amount"":2,""name"":""橄榄油"",""unit"":""""},{""amount"":8,""name"":""去骨去皮鸡胸肉"",""unit"":""""},{""amount"":4,""name"":""蘑菇"",""unit"":""""},{""amount"":3,""name"":""去核黑橄榄"",""unit"":""""},{""amount"":1,""name"":""洋蓟心"",""unit"":""""},{""amount"":1,""name"":""鳀鱼柳"",""unit"":""""},{""amount"":1.5,""name"":""黄油"",""unit"":""""},{""amount"":0.5,""name"":""白葡萄酒"",""unit"":""""},{""amount"":0,""name"":""欧芹"",""unit"":""""}]","[""禽肉"",""肉"",""欧洲"",""咸味"",""早午餐"",""少于60分钟"",""炉灶顶"",""鸡肉""]"
63251,蒜香香草虾,870.8,70,6.3,58.5,25.5,0.2,0.7,754.4,609.9,1,breakfast,"[{""amount"":3,""name"":""大虾"",""unit"":""""},{""amount"":0.3333333333333333,""name"":""橄榄油"",""unit"":""""},{""amount"":5,""name"":""大蒜"",""unit"":""""},{""amount"":0.75,""name"":""干白葡萄酒"",""unit"":""""},{""amount"":1.5,""name"":""鲜榨柠檬汁"",""unit"":""""},{""amount"":0.75,""name"":""黄油"",""unit"":""""},{""amount"":2,""name"":""欧芹"",""unit"":""""},{""amount"":1,""name"":""新鲜细香葱"",""unit"":""""},{""amount"":0.5,""name"":""干龙蒿"",""unit"":""""}]","[""高蛋白"",""高含量..."",""早午餐"",""少于30分钟"",""极低碳水化合物""]"
119837,烤猪里脊配布朗贝蒂馅料,846.4,66.6,29.4,47.4,16.7,2.5,20.3,586.1,328.1,6,breakfast,"[{""amount"":4,""name"":""盐"",""unit"":""""},{""amount"":1,""name"":""姜粉"",""unit"":""""},{""amount"":1,""name"":""胡椒"",""unit"":""""},{""amount"":0.25,""name"":""洋葱"",""unit"":""""},{""amount"":1,""name"":""苹果"",""unit"":""""},{""amount"":4,""name"":""干白葡萄酒"",""unit"":""""},{""amount"":3,""name"":""葡萄干"",""unit"":""""},{""amount"":1,""name"":""白糖"",""unit"":""""},{""amount"":0.5,""name"":""鸡蛋"",""unit"":""""},{""amount"":2,""name"":""牛奶"",""unit"":""""}]","[""猪肉"",""苹果"",""水果"",""肉"",""早午餐"",""少于4小时"",""简单"",""一餐即食""]"
393996,酸奶油烤大比目鱼,583.3,65,9.2,31,16,0.8,1.5,339.4,143.7,1,breakfast,"[{""amount"":2,""name"":""大比目鱼片"",""unit"":""""},{""amount"":2,""name"":""酸奶油"",""unit"":""""},{""amount"":4,""name"":""莳萝腌黄瓜"",""unit"":""""},{""amount"":4,""name"":""洋葱"",""unit"":""""},{""amount"":4,""name"":""青椒"",""unit"":""""},{""amount"":2,""name"":""欧芹"",""unit"":""""},{""amount"":2,""name"":""柠檬汁"",""unit"":""""},{""amount"":2,""name"":""大蒜"",""unit"":""""},{""amount"":0.5,""name"":""芥末粉"",""unit"":""""},{""amount"":0.5,""name"":""罗勒"",""unit"":""""},{""amount"":0.5,""name"":""辣椒粉"",""unit"":""""}]","[""早午餐"",""少于60分钟"",""简单"",""工作日夜晚""]"
271754,塞图巴尔烤沙丁鱼,630.7,63.7,6.3,32.8,4.4,1.1,2.8,1297.6,362.3,4,breakfast,"[{""amount"":2.25,""name"":""盐"",""unit"":""""},{""amount"":1,""name"":""胡椒"",""unit"":""""},{""amount"":1.25,""name"":""橄榄油"",""unit"":""""},{""amount"":2,""name"":""番茄"",""unit"":""""},{""amount"":1,""name"":""蒜瓣"",""unit"":""""},{""amount"":4,""name"":""洋葱"",""unit"":""""},{""amount"":4,""name"":""新鲜欧芹"",""unit"":""""},{""amount"":1,""name"":""新鲜莳萝"",""unit"":""""},{""amount"":0,""name"":""干白葡萄酒"",""unit"":""""}]","[""葡萄牙语"",""欧洲"",""极低碳水化合物"",""高蛋白"",""高含量..."",""早午餐"",""少于60分钟"",""新手厨师"",""简单"",""午餐/零食""]"
115224,芒果鸡肉沙拉配酪乳酱,458.2,58.4,39.5,7.5,2.1,5,34.4,196.6,146.6,4,breakfast,"[{""amount"":1.5,""name"":""芒果"",""unit"":""""},{""amount"":2,""name"":""荔枝"",""unit"":""""},{""amount"":12,""name"":""生菜叶"",""unit"":""""},{""amount"":2,""name"":""低脂白脱牛奶"",""unit"":""""},{""amount"":4,""name"":""脱脂原味酸奶"",""unit"":""-6""},{""amount"":0.5,""name"":""脱脂酸奶"",""unit"":""""},{""amount"":0.5,""name"":""柠檬"",""unit"":""""},{""amount"":1,""name"":""新鲜莳萝"",""unit"":""""},{""amount"":0.5,""name"":""干莳萝"",""unit"":""""},{""amount"":1,""name"":""孜然"",""unit"":""""},{""amount"":1,""name"":""盐"",""unit"":""""},{""amount"":0,""name"":""黑胡椒"",""unit"":""""}]","[""鸡肉"",""芒果"",""禽肉"",""热带水果"",""水果"",""肉"",""甜味"",""早午餐"",""少于30分钟"",""冷藏"",""鸡胸肉""]"
119910,啤酒浸布法罗辣鸡翅,963.8,70.2,5.1,68.3,21.8,0.2,0.4,1468.5,311.6,6,breakfast,"[{""amount"":2,""name"":""啤酒"",""unit"":""""},{""amount"":1,""name"":""鸡翅"",""unit"":""""},{""amount"":2,""name"":""盐"",""unit"":""""},{""amount"":1,""name"":""卡宴辣椒酱"",""unit"":""""},{""amount"":0.75,""name"":""黄油"",""unit"":""""}]","[""禽肉"",""肉"",""极低碳水化合物"",""早午餐"",""简单"",""鸡肉""]"
67563,金枪鱼炖菜,721.9,59.8,54,29.2,5.5,7.1,8,382.4,86.1,4,breakfast,"[{""amount"":5,""name"":""橄榄油"",""unit"":""""},{""amount"":1,""name"":""洋葱"",""unit"":""""},{""amount"":2,""name"":""大蒜"",""unit"":""""},{""amount"":7,""name"":""番茄丁"",""unit"":""""},{""amount"":1.5,""name"":""土豆"",""unit"":""""},{""amount"":3,""name"":""青甜椒"",""unit"":""""},{""amount"":1.25,""name"":""水"",""unit"":""""},{""amount"":2,""name"":""金枪鱼"",""unit"":""""}]","[""午餐/零食"",""金枪鱼"",""西班牙语"",""欧洲"",""低胆固醇"",""健康"",""咸味"",""工作日夜晚"",""早午餐"",""炉灶顶"",""少于4小时"",""炖""]"
507676,黑麦谷物麦片,816.5,23.5,196.5,2.2,0.3,56,2.5,1359.2,0,1,breakfast,"[{""amount"":4,""name"":""水"",""unit"":""""},{""amount"":1,""name"":""肉桂"",""unit"":""""},{""amount"":1,""name"":""豆蔻"",""unit"":""""},{""amount"":0,""name"":""浆果"",""unit"":""""}]","[""谷物"",""纯素"",""少于15分钟"",""早餐""]"
420085,烤红椒香草酱炙三文鱼,589,63.5,0.2,35.8,5.2,0.2,0,213.7,165.4,8,breakfast,"[{""amount"":1,""name"":""橄榄油"",""unit"":""""},{""amount"":0.6666666666666666,""name"":""新鲜罗勒"",""unit"":""""},{""amount"":4,""name"":""新鲜百里香"",""unit"":""""},{""amount"":4,""name"":""新鲜迷迭香"",""unit"":""""},{""amount"":4,""name"":""盐"",""unit"":""""},{""amount"":0.5,""name"":""胡椒"",""unit"":""""},{""amount"":1,""name"":""三文鱼柳"",""unit"":""""},{""amount"":8,""name"":""橄榄油"",""unit"":""""}]","[""少于30分钟"",""简单"",""早午餐""]"
97216,爷爷的西葫芦派,763.1,63.4,29.7,44.4,22.1,6.5,13.3,1780.4,722.5,1,breakfast,"[{""amount"":1,""name"":""西葫芦"",""unit"":""""},{""amount"":3,""name"":""洋葱"",""unit"":""""},{""amount"":1,""name"":""新鲜罗勒"",""unit"":""""},{""amount"":0.5,""name"":""鸡蛋"",""unit"":""""},{""amount"":3,""name"":""帕玛森奶酪"",""unit"":""""},{""amount"":1,""name"":""橄榄油"",""unit"":""""}]","[""午餐/零食"",""欧洲"",""夏季"",""早午餐"",""烤箱"",""少于4小时"",""咸味馅饼""]"
58178,加拿大风味三文鱼排,581.4,63.5,14.7,27.4,5.5,0.1,12.3,243.5,173,4,breakfast,"[{""amount"":4,""name"":""三文鱼柳"",""unit"":""""},{""amount"":0.25,""name"":""干白葡萄酒"",""unit"":""""},{""amount"":0.25,""name"":""枫糖浆"",""unit"":""""},{""amount"":0.25,""name"":""特级初榨橄榄油"",""unit"":""""},{""amount"":0.5,""name"":""第戎芥末酱"",""unit"":""""},{""amount"":0.5,""name"":""牛至"",""unit"":""""},{""amount"":0.25,""name"":""百里香"",""unit"":""""},{""amount"":0.25,""name"":""莳萝"",""unit"":""""},{""amount"":0.25,""name"":""大蒜"",""unit"":""""},{""amount"":1,""name"":""黄油"",""unit"":""""},{""amount"":1,""name"":""柠檬"",""unit"":""""}]","[""少于60分钟"",""早午餐""]"
338929,蒙特克里斯托分层烤面包（纽威-风味波烤箱版）,907.4,68.8,50.8,46.4,25.5,2.1,5.3,2493.5,296.1,6,breakfast,"[{""amount"":20,""name"":""火腿"",""unit"":""""},{""amount"":1.5,""name"":""瑞士奶酪"",""unit"":""""},{""amount"":25,""name"":""牛奶"",""unit"":""""},{""amount"":1,""name"":""鸡蛋"",""unit"":""""},{""amount"":4,""name"":""第戎芥末酱"",""unit"":""""},{""amount"":3,""name"":""盐"",""unit"":""""},{""amount"":1,""name"":""胡椒"",""unit"":""""}]","[""奶酪"",""肉"",""高蛋白"",""高含量..."",""早餐""]"
145139,炸牡蛎穷小子三明治,705.8,61.9,76.2,15.5,3.3,3.5,0.3,644.5,300,1,breakfast,"[{""amount"":6,""name"":""通用面粉"",""unit"":""""},{""amount"":3,""name"":""玉米淀粉"",""unit"":""""},{""amount"":1,""name"":""玉米面"",""unit"":""""}]","[""蔬菜"",""卡真"",""早午餐"",""少于30分钟"",""新手厨师"",""牡蛎"",""简单"",""午餐/零食""]"
97018,意式慢炖肉丸,878.4,66.7,26.6,53.3,20.7,3.2,8.2,1647,287.4,1,breakfast,"[{""amount"":1,""name"":""鸡蛋"",""unit"":""""},{""amount"":0.5,""name"":""盐"",""unit"":""""},{""amount"":0.5,""name"":""碎红辣椒片"",""unit"":""""},{""amount"":0.25,""name"":""蒜瓣"",""unit"":""""},{""amount"":2,""name"":""洋葱"",""unit"":""""},{""amount"":0.25,""name"":""瘦牛肉末"",""unit"":""""},{""amount"":1,""name"":""帕玛森奶酪"",""unit"":""""},{""amount"":1,""name"":""番茄酱"",""unit"":""""},{""amount"":0.5,""name"":""红酒"",""unit"":""""}]","[""肉"",""辣味"",""早午餐"",""简单"",""午餐/零食""]"
393040,香草烤鸡,993,69.5,6.7,75,25.5,1.5,2.7,376,322.5,2,breakfast,"[{""amount"":800,""name"":""整鸡"",""unit"":""""},{""amount"":1,""name"":""洋葱"",""unit"":""""},{""amount"":4,""name"":""柠檬片"",""unit"":""""},{""amount"":2,""name"":""黄油"",""unit"":""""},{""amount"":1,""name"":""迷迭香"",""unit"":""""},{""amount"":1,""name"":""百里香"",""unit"":""""},{""amount"":1,""name"":""牛至"",""unit"":""""}]","[""整鸡"",""鸡肉"",""禽肉"",""肉"",""咸味"",""早午餐"",""少于60分钟"",""一餐即食""]"
336189,蒙特利尔风味软韧贝果——三明治最佳之选！,315.3,61.1,15,1.6,0.2,0.9,3.1,606.9,0,12,breakfast,"[{""amount"":34,""name"":""高筋面粉"",""unit"":""""},{""amount"":3,""name"":""白糖"",""unit"":""""},{""amount"":2,""name"":""盐"",""unit"":""""},{""amount"":1,""name"":""温水"",""unit"":""""}]","[""午餐/零食"",""加拿大"",""低胆固醇"",""高蛋白"",""健康"",""高含量..."",""少于4小时"",""早餐""]"
181441,简易海鲜恩奇拉达,986.5,68,48.3,57.7,33.6,5.2,2.4,1423.8,209.4,1,breakfast,"[{""amount"":4,""name"":""红鲷鱼片"",""unit"":""""},{""amount"":12,""name"":""玉米饼"",""unit"":""""},{""amount"":1,""name"":""面粉"",""unit"":""""},{""amount"":0.5,""name"":""辣椒粉"",""unit"":""""},{""amount"":1,""name"":""孜然"",""unit"":""""},{""amount"":1,""name"":""黄油"",""unit"":""""},{""amount"":0.75,""name"":""青椒丁"",""unit"":""""},{""amount"":0.75,""name"":""蒙特利杰克奶酪"",""unit"":""""},{""amount"":0,""name"":""切达奶酪"",""unit"":""""}]","[""墨西哥"",""高含量..."",""辣味"",""早午餐"",""少于60分钟"",""简单"",""一餐即食""]"
187661,中式鸡肉沙拉,880.5,61.9,30.5,59,11.8,7.5,16.4,1288.2,145.3,1,breakfast,"[{""amount"":2.5,""name"":""紫甘蓝"",""unit"":""""},{""amount"":0.5,""name"":""胡萝卜"",""unit"":""""},{""amount"":0.3333333333333333,""name"":""葱"",""unit"":""""},{""amount"":1,""name"":""低钠酱油"",""unit"":""""},{""amount"":3,""name"":""低钠酱油"",""unit"":""""},{""amount"":3.5,""name"":""细砂糖"",""unit"":""""},{""amount"":1,""name"":""犹太盐"",""unit"":""""},{""amount"":1,""name"":""蒜瓣"",""unit"":""""},{""amount"":0.25,""name"":""鲜姜"",""unit"":""""},{""amount"":3,""name"":""香菜叶"",""unit"":""""},{""amount"":1,""name"":""奶油花生酱"",""unit"":""""},{""amount"":2,""name"":""鲜榨柠檬汁"",""unit"":""""},{""amount"":1,""name"":""鸡胸肉"",""unit"":""""},{""amount"":0.3333333333333333,""name"":""花生"",""unit"":""""}]","[""鸡胸肉"",""鸡肉"",""禽肉"",""肉"",""中文"",""亚洲"",""早午餐"",""少于30分钟"",""简单"",""一餐即食""]"
132751,夏日鸡肉三明治,805.9,52.2,49.3,47.7,8.6,18.4,6.2,527.2,121.4,1,breakfast,"[{""amount"":2,""name"":""蛋黄酱"",""unit"":""""},{""amount"":1,""name"":""牛油果"",""unit"":""""},{""amount"":1,""name"":""生菜"",""unit"":""""},{""amount"":1,""name"":""葱"",""unit"":""""}]","[""禽肉"",""水果"",""肉"",""澳大利亚"",""无乳糖"",""无蛋"",""不含..."",""夏季"",""早午餐"",""少于15分钟"",""免煮"",""新手厨师"",""简单"",""便宜"",""午餐/零食""]"
276427,3-2-1慢炖锅烤牛肉,461.4,62,9.7,19.6,7.1,0.6,5.9,1052.9,161.7,1,breakfast,"[{""amount"":4,""name"":""烤牛肉"",""unit"":""-5""},{""amount"":3,""name"":""牛肉高汤"",""unit"":""""}]","[""午餐/零食"",""烤牛肉"",""肉"",""高蛋白"",""高含量..."",""早午餐"",""新手厨师"",""简单"",""一餐即食""]"
245862,金枪鱼帕尼尼,607.1,60.5,29.5,27.2,8.1,4.8,3.5,1273.9,80.9,4,breakfast,"[{""amount"":0.75,""name"":""卡拉马塔橄榄"",""unit"":""""},{""amount"":2,""name"":""蒜瓣"",""unit"":""""},{""amount"":3,""name"":""柠檬皮屑"",""unit"":""""},{""amount"":2,""name"":""迷迭香"",""unit"":""""},{""amount"":8,""name"":""橄榄油浸金枪鱼"",""unit"":""""}]","[""金枪鱼"",""高蛋白"",""高含量..."",""早午餐"",""少于15分钟"",""新手厨师"",""炉灶顶"",""简单"",""午餐/零食""]"
248493,黑莓鸡肉沙拉,673.1,61.2,52.5,23.6,12.4,5.7,4.3,1563.3,149.7,1,breakfast,"[{""amount"":6,""name"":""去骨去皮鸡胸肉"",""unit"":""""},{""amount"":3,""name"":""黑莓油醋汁"",""unit"":""""},{""amount"":1,""name"":""波特贝拉蘑菇"",""unit"":""""},{""amount"":2,""name"":""罗克福奶酪"",""unit"":""""},{""amount"":2,""name"":""蜜糖山核桃"",""unit"":""""},{""amount"":2,""name"":""番茄"",""unit"":""""},{""amount"":2,""name"":""胡萝卜"",""unit"":""""},{""amount"":2,""name"":""烤面包丁"",""unit"":""""}]","[""鸡肉"",""禽肉"",""肉"",""早午餐"",""鸡胸肉""]"
71359,柠檬酸豆汁三文鱼,699.9,65.2,4.1,44.9,12.9,0.4,0.5,394.2,202.5,4,breakfast,"[{""amount"":0.25,""name"":""新鲜欧芹叶"",""unit"":""""},{""amount"":0.25,""name"":""新鲜罗勒叶"",""unit"":""""},{""amount"":2,""name"":""火葱"",""unit"":""""},{""amount"":3,""name"":""橄榄油"",""unit"":""""},{""amount"":3,""name"":""三文鱼柳"",""unit"":""""},{""amount"":4,""name"":""鲜榨柠檬汁"",""unit"":""""},{""amount"":2.5,""name"":""干白葡萄酒"",""unit"":""""},{""amount"":0.25,""name"":""半对半淡奶油"",""unit"":""""},{""amount"":0.25,""name"":""鳀鱼柳"",""unit"":""""},{""amount"":0.25,""name"":""第戎芥末酱"",""unit"":""""},{""amount"":1,""name"":""无盐黄油"",""unit"":""""},{""amount"":1,""name"":""刺山柑"",""unit"":""""},{""amount"":4,""name"":""盐"",""unit"":""""},{""amount"":1.5,""name"":""辣椒粉"",""unit"":""""}]","[""无壳鱼类"",""极低碳水化合物"",""高蛋白"",""高含量..."",""工作日夜晚"",""早午餐"",""烤/炙烤"",""烤箱"",""少于4小时"",""酱料""]"
401539,青口贝焗烤,671,65.3,20.1,34.9,13,0.3,1.2,1759.9,180.1,1,breakfast,"[{""amount"":4,""name"":""贻贝"",""unit"":""""},{""amount"":6,""name"":""培根"",""unit"":""""},{""amount"":2,""name"":""柠檬汁"",""unit"":""""},{""amount"":0.5,""name"":""洋葱"",""unit"":""""},{""amount"":1,""name"":""切达奶酪"",""unit"":""""}]","[""贻贝"",""奶酪"",""加拿大"",""咸味"",""工作日夜晚"",""早午餐"",""少于60分钟"",""一餐即食""]"
326327,酿蟹,450.4,62.3,3.1,19.3,8,0.4,1.6,1974.7,386,1,breakfast,"[{""amount"":4,""name"":""猪肉"",""unit"":""""},{""amount"":200,""name"":""鸡蛋"",""unit"":""""},{""amount"":300,""name"":""椰浆"",""unit"":""""},{""amount"":2,""name"":""花椒粒"",""unit"":""""},{""amount"":2,""name"":""鱼露"",""unit"":""""},{""amount"":1,""name"":""盐"",""unit"":""""}]","[""蟹"",""猪肉"",""肉"",""泰国"",""亚洲"",""早午餐"",""少于30分钟"",""简单"",""便宜"",""午餐/零食""]"
213709,Emeril海鲜炸什锦,779.6,63.7,58.3,30.8,5.8,2.1,9,1091.2,312.3,1,breakfast,"[{""amount"":2,""name"":""面粉"",""unit"":""""},{""amount"":0.5,""name"":""橄榄油"",""unit"":""""},{""amount"":3,""name"":""水"",""unit"":""""},{""amount"":1,""name"":""贻贝"",""unit"":""""},{""amount"":2,""name"":""大虾"",""unit"":""""},{""amount"":2,""name"":""鲈鱼片"",""unit"":""""},{""amount"":1,""name"":""洋葱"",""unit"":""""},{""amount"":1,""name"":""西葫芦"",""unit"":""""},{""amount"":8,""name"":""蒜泥蛋黄酱"",""unit"":""-10""},{""amount"":1,""name"":""帕玛森-雷吉亚诺奶酪"",""unit"":""""},{""amount"":1,""name"":""欧芹"",""unit"":""""}]","[""欧洲"",""早午餐"",""少于60分钟"",""鲈鱼""]"
223490,扇贝鲷鱼酸橘汁腌鱼,507.1,53.9,38.4,18.1,2.8,10.6,11.1,294,90.9,1,breakfast,"[{""amount"":4,""name"":""鲜扇贝"",""unit"":""""},{""amount"":4,""name"":""红鲷鱼片"",""unit"":""""},{""amount"":0.5,""name"":""鲜青柠汁"",""unit"":""""},{""amount"":1,""name"":""番茄"",""unit"":""""},{""amount"":0.5,""name"":""牛油果"",""unit"":""""},{""amount"":1,""name"":""红洋葱"",""unit"":""""},{""amount"":2,""name"":""新鲜香菜"",""unit"":""""},{""amount"":2,""name"":""鲜青柠汁"",""unit"":""""},{""amount"":3,""name"":""盐"",""unit"":""""},{""amount"":0,""name"":""黑胡椒粉"",""unit"":""""},{""amount"":0,""name"":""结球生菜"",""unit"":""""}]","[""南美洲"",""低胆固醇"",""健康"",""早午餐"",""免煮"",""新手厨师"",""少于4小时"",""简单"",""墨西哥""]"
88145,咆哮叉番茄沙拉,984.3,60.8,59.4,60,37.3,15,30.1,1591.7,225.8,1,breakfast,"[{""amount"":1,""name"":""瑞可塔奶酪"",""unit"":""""},{""amount"":1,""name"":""大蒜"",""unit"":""""},{""amount"":0.5,""name"":""盐"",""unit"":""""},{""amount"":0.25,""name"":""胡椒"",""unit"":""""},{""amount"":1,""name"":""新鲜罗勒叶"",""unit"":""""},{""amount"":6,""name"":""番茄"",""unit"":""""},{""amount"":0,""name"":""生菜叶"",""unit"":""""},{""amount"":0,""name"":""罗勒叶"",""unit"":""""}]","[""蔬菜"",""早午餐"",""少于15分钟"",""简单"",""午餐/零食""]"
130044,红豆炖秋葵,921.1,43.3,157.1,15.6,2.5,29.9,3.1,18.4,0,1,breakfast,"[{""amount"":4,""name"":""橄榄油"",""unit"":""""},{""amount"":2,""name"":""洋葱"",""unit"":""""},{""amount"":2,""name"":""鲜姜"",""unit"":""""},{""amount"":2,""name"":""干牛至"",""unit"":""""},{""amount"":0.5,""name"":""辣椒粉"",""unit"":""""},{""amount"":0.25,""name"":""肉桂粉"",""unit"":""""},{""amount"":4,""name"":""红豆"",""unit"":""""},{""amount"":0.25,""name"":""酱油（无麸质）"",""unit"":""""},{""amount"":2,""name"":""罗望子酱"",""unit"":""""},{""amount"":8,""name"":""蔬菜高汤"",""unit"":""-16""},{""amount"":2,""name"":""鸡汤"",""unit"":""""},{""amount"":0,""name"":""秋葵"",""unit"":""""},{""amount"":0,""name"":""熟糙米"",""unit"":""""}]","[""炖"",""豆类"",""蔬菜"",""无乳糖"",""纯素"",""无蛋"",""不含..."",""早午餐"",""少于30分钟"",""炉灶顶"",""简单"",""便宜"",""秋葵浓汤""]"
112298,地中海风味鳕鱼片,409,57.5,16,12.6,1.9,4.1,5.7,312.4,129.2,2,breakfast,"[{""amount"":600,""name"":""鳕鱼片"",""unit"":""""},{""amount"":5,""name"":""百里香叶"",""unit"":""""},{""amount"":5,""name"":""中筋面粉"",""unit"":""""},{""amount"":20,""name"":""特级初榨橄榄油"",""unit"":""""},{""amount"":5,""name"":""大蒜"",""unit"":""""},{""amount"":10,""name"":""刺山柑"",""unit"":""""},{""amount"":20,""name"":""罗勒叶"",""unit"":""""},{""amount"":200,""name"":""樱桃番茄"",""unit"":""""},{""amount"":50,""name"":""番茄泥"",""unit"":""""},{""amount"":4,""name"":""去核黑橄榄"",""unit"":""""},{""amount"":20,""name"":""欧芹"",""unit"":""""},{""amount"":20,""name"":""欧芹"",""unit"":""""}]","[""健康"",""早午餐"",""少于30分钟"",""新手厨师"",""简单"",""极低碳水化合物""]"
281690,地中海烤鸡胸肉沙拉,744.1,57.8,31.2,44.7,6.5,8.9,17.6,241.8,131.7,1,breakfast,"[{""amount"":2,""name"":""去骨去皮鸡胸肉"",""unit"":""""},{""amount"":1,""name"":""橄榄油"",""unit"":""""},{""amount"":0.25,""name"":""孜然粉"",""unit"":""""},{""amount"":1,""name"":""盐"",""unit"":""""},{""amount"":2,""name"":""胡椒"",""unit"":""""},{""amount"":1,""name"":""长叶生菜"",""unit"":""""},{""amount"":1,""name"":""樱桃番茄"",""unit"":""""},{""amount"":1,""name"":""黄瓜"",""unit"":""""},{""amount"":2,""name"":""红洋葱"",""unit"":""""},{""amount"":2,""name"":""胡萝卜"",""unit"":""""},{""amount"":0.5,""name"":""特级初榨橄榄油"",""unit"":""""},{""amount"":1,""name"":""柠檬皮屑"",""unit"":""""},{""amount"":0.25,""name"":""柠檬汁"",""unit"":""""},{""amount"":1,""name"":""第戎芥末酱"",""unit"":""""},{""amount"":2,""name"":""蜂蜜"",""unit"":""""},{""amount"":2,""name"":""新鲜莳萝"",""unit"":""""},{""amount"":0,""name"":""盐"",""unit"":""""},{""amount"":0,""name"":""胡椒"",""unit"":""""}]","[""鸡胸肉"",""鸡肉"",""禽肉"",""绿叶蔬菜"",""蔬菜"",""肉"",""欧洲"",""犹太洁食"",""早午餐"",""少于60分钟"",""炉灶顶"",""简单"",""沙拉酱""]"
520137,剩火鸡馅玉米饼配腌卷心菜,876.5,57,104.8,25.5,11.8,13.5,19.3,2450.7,138.2,1,breakfast,"[{""amount"":2,""name"":""胡萝卜"",""unit"":""""},{""amount"":1,""name"":""红甜椒"",""unit"":""""},{""amount"":1,""name"":""红洋葱"",""unit"":""""},{""amount"":0.5,""name"":""绿甘蓝"",""unit"":""""},{""amount"":1.5,""name"":""白醋"",""unit"":""""},{""amount"":1,""name"":""水"",""unit"":""""},{""amount"":1,""name"":""红糖"",""unit"":""""},{""amount"":0.5,""name"":""盐"",""unit"":""""},{""amount"":0.5,""name"":""干牛至叶"",""unit"":""""},{""amount"":0.5,""name"":""碎红辣椒片"",""unit"":""""},{""amount"":0.25,""name"":""芫荽粉"",""unit"":""""},{""amount"":0.25,""name"":""孜然粉"",""unit"":""""},{""amount"":1.5,""name"":""科蒂哈奶酪"",""unit"":""""},{""amount"":1,""name"":""盐"",""unit"":""""},{""amount"":1,""name"":""黑胡椒粉"",""unit"":""""},{""amount"":1,""name"":""番茄丁"",""unit"":""""},{""amount"":1,""name"":""蒜瓣"",""unit"":""""},{""amount"":2,""name"":""甜洋葱"",""unit"":""""},{""amount"":1,""name"":""干牛至"",""unit"":""""},{""amount"":1,""name"":""肉桂粉"",""unit"":""""},{""amount"":0.5,""name"":""马萨玉米粉"",""unit"":""""},{""amount"":0.125,""name"":""温水"",""unit"":""""},{""amount"":3.5,""name"":""盐"",""unit"":""""},{""amount"":2.25,""name"":""橄榄油"",""unit"":""""}]","[""肉"",""墨西哥"",""低胆固醇"",""健康"",""适合儿童"",""工作日夜晚"",""早午餐"",""少于4小时"",""便宜"",""自制"",""禽肉""]"
85474,圣塔菲炖菜,863.1,57.7,49.9,48.4,18.1,13,12.6,606,177.1,4,breakfast,"[{""amount"":1,""name"":""炖牛肉肉块"",""unit"":""""},{""amount"":1.5,""name"":""炖番茄"",""unit"":""""},{""amount"":1,""name"":""胡萝卜"",""unit"":""""},{""amount"":2,""name"":""洋葱"",""unit"":""""},{""amount"":1,""name"":""青辣椒"",""unit"":""""},{""amount"":1,""name"":""水"",""unit"":""""},{""amount"":2,""name"":""通用面粉"",""unit"":""""},{""amount"":0.5,""name"":""菜豆"",""unit"":""""}]","[""洋葱"",""豆类"",""蔬菜"",""肉"",""适合儿童"",""早午餐"",""新手厨师"",""炉灶顶"",""少于4小时"",""简单"",""便宜"",""炖""]"
234419,红薯顶鱼派,738.9,61.8,53.3,30.1,17.1,5.7,7.7,919,239.8,4,breakfast,"[{""amount"":50,""name"":""黄油"",""unit"":""""},{""amount"":1,""name"":""小葱"",""unit"":""""},{""amount"":50,""name"":""中筋面粉"",""unit"":""""},{""amount"":400,""name"":""牛奶"",""unit"":""""},{""amount"":500,""name"":""鳕鱼"",""unit"":""""},{""amount"":200,""name"":""黑线鳕鱼片"",""unit"":""""},{""amount"":150,""name"":""虎虾"",""unit"":""""},{""amount"":200,""name"":""烟熏三文鱼"",""unit"":""""},{""amount"":1,""name"":""莳萝"",""unit"":""""},{""amount"":1,""name"":""欧芹"",""unit"":""""},{""amount"":1,""name"":""柠檬皮屑"",""unit"":""""},{""amount"":700,""name"":""红薯"",""unit"":""""},{""amount"":40,""name"":""黄油"",""unit"":""""},{""amount"":50,""name"":""切达奶酪"",""unit"":""""}]","[""午餐/零食"",""早午餐"",""少于4小时"",""简单"",""一餐即食""]"
495223,边境以南米粒面沙拉,900.6,57.9,109.6,25.1,12.8,11.8,5.1,775.3,109.3,1,breakfast,"[{""amount"":1,""name"":""柠檬，汁和皮"",""unit"":""""},{""amount"":1,""name"":""鸟形意面"",""unit"":""""},{""amount"":2,""name"":""火葱"",""unit"":""""},{""amount"":16,""name"":""黑豆"",""unit"":""""},{""amount"":2,""name"":""科尔比-蒙特里杰克奶酪"",""unit"":""""},{""amount"":15.5,""name"":""盐"",""unit"":""""},{""amount"":2,""name"":""现磨黑胡椒"",""unit"":""""},{""amount"":8,""name"":""圣女果"",""unit"":""""}]","[""适合幼儿"",""适合儿童"",""工作日夜晚"",""早午餐"",""少于60分钟"",""简单"",""便宜"",""午餐/零食""]"
119915,柠檬水煮三文鱼,796.5,64.3,65.7,30.8,4.7,0.2,53.1,635.5,180.6,4,breakfast,"[{""amount"":1,""name"":""蛋黄酱"",""unit"":""""},{""amount"":1,""name"":""黑胡椒"",""unit"":""""},{""amount"":0.25,""name"":""水"",""unit"":""""},{""amount"":0.25,""name"":""三文鱼柳"",""unit"":""""}]","[""柠檬"",""柑橘"",""水果"",""早午餐"",""少于4小时"",""简单"",""午餐/零食""]"
507096,迪安的蛤蜊炸饼,757,61.9,93.3,12.9,5,3.3,2.2,1821.1,287.2,1,breakfast,"[{""amount"":0.75,""name"":""面粉"",""unit"":""""},{""amount"":0.5,""name"":""牛奶"",""unit"":""""},{""amount"":1,""name"":""鸡蛋"",""unit"":""""},{""amount"":1,""name"":""蛤蜊"",""unit"":""""},{""amount"":2,""name"":""蒜瓣"",""unit"":""""},{""amount"":0.25,""name"":""洋葱"",""unit"":""""}]","[""早午餐"",""少于30分钟"",""简单"",""健康""]"
198033,简便快捷奶油火鸡,748.5,66.3,16.3,45.8,25.6,1,1.9,1080.4,245.5,1,breakfast,"[{""amount"":5,""name"":""黄油"",""unit"":""""},{""amount"":1.5,""name"":""新鲜蘑菇"",""unit"":""""},{""amount"":4,""name"":""面粉"",""unit"":""""},{""amount"":1,""name"":""鸡高汤粉"",""unit"":""-2""},{""amount"":1.5,""name"":""对半奶油"",""unit"":""""},{""amount"":0.5,""name"":""罐装鸡汤"",""unit"":""""},{""amount"":1,""name"":""切碎的甜椒"",""unit"":""""},{""amount"":0.25,""name"":""帕玛森奶酪"",""unit"":""- 1/3""},{""amount"":4,""name"":""调味盐"",""unit"":""""},{""amount"":0,""name"":""黑胡椒"",""unit"":""""}]","[""肉"",""适合儿童"",""早午餐"",""少于30分钟"",""炉灶顶"",""简单"",""便宜"",""禽肉""]"
57376,马德拉酱烤火鸡胸肉,550.4,62.4,1.6,30.6,10.2,0.1,0,168.9,203.5,8,breakfast,"[{""amount"":2,""name"":""新鲜平叶欧芹"",""unit"":""""},{""amount"":1,""name"":""新鲜百里香"",""unit"":""""},{""amount"":2,""name"":""菜籽油"",""unit"":""""},{""amount"":2,""name"":""无盐黄油"",""unit"":""""},{""amount"":5,""name"":""鸡肉"",""unit"":""""},{""amount"":1.5,""name"":""火鸡高汤"",""unit"":""""},{""amount"":2,""name"":""通用面粉"",""unit"":""""},{""amount"":2,""name"":""马德拉酒"",""unit"":""""}]","[""禽肉"",""肉"",""春季"",""冬季"",""圣诞"",""感恩节"",""咸味"",""工作日夜晚"",""早午餐"",""少于4小时"",""一餐即食""]"
88142,姜汁奶酪酸豆角,634.1,31.2,116,7.3,1.1,41.2,2.6,821.7,0,1,breakfast,"[{""amount"":1,""name"":""姜"",""unit"":""""},{""amount"":2,""name"":""橄榄油"",""unit"":""""},{""amount"":2,""name"":""青柠"",""unit"":""""},{""amount"":1,""name"":""蚝油"",""unit"":""""},{""amount"":2,""name"":""鼠尾草德比奶酪"",""unit"":""""},{""amount"":2,""name"":""奶酪"",""unit"":""""}]","[""亚洲"",""早午餐"",""少于30分钟"",""新手厨师"",""简单"",""蔬菜""]"
448482,意式豆汤面（旧世界风味）,840,46.3,139.3,11.8,2.2,23.8,8.9,453.3,7.2,1,breakfast,"[{""amount"":2,""name"":""特级初榨橄榄油"",""unit"":""""},{""amount"":0.125,""name"":""意式培根"",""unit"":""""},{""amount"":1,""name"":""洋葱"",""unit"":""""},{""amount"":1,""name"":""胡萝卜"",""unit"":""""},{""amount"":1,""name"":""月桂叶"",""unit"":""""},{""amount"":3,""name"":""蒜瓣"",""unit"":""-4""},{""amount"":3,""name"":""白腰豆"",""unit"":""""},{""amount"":1,""name"":""番茄酱"",""unit"":""""},{""amount"":2,""name"":""干百里香"",""unit"":""-4""},{""amount"":0.25,""name"":""海盐"",""unit"":""""},{""amount"":0.5,""name"":""新鲜研磨黑胡椒"",""unit"":""""}]","[""欧洲"",""早午餐"",""少于4小时"",""自制"",""豆类""]"
40856,火腿苹果早午餐千层派,976.6,66,55.6,54.3,25.4,4,37.4,635.5,424.5,1,breakfast,"[{""amount"":2,""name"":""熟火腿"",""unit"":""""},{""amount"":3,""name"":""切达奶酪"",""unit"":""""},{""amount"":12,""name"":""苹果"",""unit"":""""},{""amount"":4,""name"":""白糖"",""unit"":""-5""},{""amount"":0.5,""name"":""面粉"",""unit"":""""},{""amount"":0.25,""name"":""肉桂"",""unit"":""""},{""amount"":1,""name"":""肉豆蔻"",""unit"":""""},{""amount"":0.5,""name"":""鸡蛋"",""unit"":""""},{""amount"":6,""name"":""牛奶"",""unit"":""""},{""amount"":2,""name"":""红糖"",""unit"":""""}]","[""早餐"",""火腿"",""猪肉"",""苹果"",""水果"",""肉"",""家常菜聚餐"",""工作日夜晚"",""早午餐"",""烤箱"",""少于4小时"",""简单"",""便宜"",""一餐即食""]"
81543,填馅康沃尔母鸡配蔓越莓釉,768.5,58.9,82.6,17.9,5.1,6.8,16.8,1225,225.1,4,breakfast,"[{""amount"":2.25,""name"":""蔓越莓"",""unit"":""""},{""amount"":0.75,""name"":""干红葡萄酒"",""unit"":""""},{""amount"":3,""name"":""蜂蜜"",""unit"":""""},{""amount"":1,""name"":""橄榄油"",""unit"":""""},{""amount"":1,""name"":""黄油"",""unit"":""""},{""amount"":0.3333333333333333,""name"":""洋葱"",""unit"":""""},{""amount"":0.3333333333333333,""name"":""芹菜"",""unit"":""""},{""amount"":0.3333333333333333,""name"":""蔓越莓"",""unit"":""""},{""amount"":2,""name"":""鸡汤"",""unit"":""""},{""amount"":0.25,""name"":""欧芹"",""unit"":""""},{""amount"":0.25,""name"":""干鼠尾草"",""unit"":""""},{""amount"":1,""name"":""干百里香"",""unit"":""""},{""amount"":0.25,""name"":""盐"",""unit"":""""},{""amount"":0.5,""name"":""现磨黑胡椒"",""unit"":""""}]","[""禽肉"",""洋葱"",""蔬菜"",""肉"",""春季"",""冬季"",""圣诞"",""感恩节"",""咸味"",""早午餐"",""烤"",""烤箱"",""炉灶顶"",""少于4小时"",""简单"",""鸡肉""]"
224672,免烤一锅通心粉,738.9,63,59.4,26.4,13.2,2.2,7.2,1013.2,124.5,1,breakfast,"[{""amount"":1,""name"":""水"",""unit"":""""},{""amount"":2,""name"":""笔管面"",""unit"":""""},{""amount"":2,""name"":""干罗勒"",""unit"":""""},{""amount"":8,""name"":""大蒜粉"",""unit"":""""},{""amount"":1,""name"":""洋葱粉"",""unit"":""""},{""amount"":0.5,""name"":""部分脱脂马苏里拉奶酪"",""unit"":""""},{""amount"":0.5,""name"":""帕玛森奶酪"",""unit"":""""},{""amount"":1,""name"":""低脂小凝乳白软干酪"",""unit"":""""}]","[""适合幼儿"",""适合儿童"",""早午餐"",""少于60分钟"",""简单"",""便宜"",""一餐即食""]"
480556,加勒比虾沙拉,371.4,55,29.1,4.5,0.6,6.5,13.6,2242.9,479,2,breakfast,"[{""amount"":1,""name"":""番茄"",""unit"":""""},{""amount"":1,""name"":""洋葱"",""unit"":""""},{""amount"":1,""name"":""青椒"",""unit"":""""},{""amount"":1,""name"":""橙子"",""unit"":""""},{""amount"":1,""name"":""柠檬"",""unit"":""""},{""amount"":1,""name"":""青柠"",""unit"":""""},{""amount"":1,""name"":""红辣椒碎"",""unit"":""""},{""amount"":1,""name"":""盐"",""unit"":""""}]","[""少于15分钟"",""新手厨师"",""简单"",""早午餐""]"
338331,三重辣味烧烤猪肉三明治,951,52,91.2,48.8,14.6,20.1,44.2,1796.2,149.7,1,breakfast,"[{""amount"":4,""name"":""烧烤酱"",""unit"":""""},{""amount"":2,""name"":""芥末酱"",""unit"":""""},{""amount"":1,""name"":""红辣椒碎"",""unit"":""""},{""amount"":0.3333333333333333,""name"":""洋葱"",""unit"":""""},{""amount"":1,""name"":""烟熏液"",""unit"":""""}]","[""午餐/零食"",""早午餐"",""新手厨师"",""简单"",""一餐即食""]"
86542,迈克尔辣炖菜,902.8,62.4,24.2,59.1,19.7,6,6.7,329,206.9,10,breakfast,"[{""amount"":2,""name"":""辣椒粉"",""unit"":""""},{""amount"":1,""name"":""牛至"",""unit"":""""},{""amount"":12,""name"":""辣椒粉"",""unit"":""""},{""amount"":0.25,""name"":""孜然"",""unit"":""""},{""amount"":0.25,""name"":""鸡高汤块"",""unit"":""""},{""amount"":3,""name"":""啤酒"",""unit"":""""},{""amount"":2,""name"":""水"",""unit"":""""},{""amount"":2,""name"":""猪肉末"",""unit"":""""},{""amount"":2,""name"":""牛肩肉"",""unit"":""""},{""amount"":2,""name"":""瘦牛肉末"",""unit"":""""},{""amount"":0.5,""name"":""洋葱"",""unit"":""""},{""amount"":4,""name"":""大蒜"",""unit"":""""},{""amount"":10,""name"":""番茄泥"",""unit"":""""},{""amount"":1,""name"":""青椒"",""unit"":""""},{""amount"":1,""name"":""马萨面粉"",""unit"":""""}]","[""猪肉"",""肉"",""冬季"",""辣味"",""早午餐"",""炉灶顶"",""少于4小时"",""炖""]"
439198,P90X鸡肉炒蛋—二级,367.3,59.7,2.5,11.1,3,0,2.4,619.4,72.6,1,breakfast,"[{""amount"":10,""name"":""鸡胸肉"",""unit"":""""},{""amount"":4,""name"":""脱脂帕玛森奶酪"",""unit"":""""},{""amount"":4,""name"":""新鲜罗勒"",""unit"":""""}]","[""少于15分钟"",""简单"",""早餐""]"
513076,红肉羊肉配菜,898.7,65.2,8.9,66,21.4,2.5,4.1,805.6,240,2,breakfast,"[{""amount"":0.5,""name"":""洋葱"",""unit"":""""},{""amount"":1,""name"":""番茄"",""unit"":""""},{""amount"":1,""name"":""肉桂棒"",""unit"":""""},{""amount"":1,""name"":""丁香"",""unit"":""""},{""amount"":3,""name"":""茴香"",""unit"":""-4""},{""amount"":0.5,""name"":""马萨拉"",""unit"":""""},{""amount"":1,""name"":""辣椒粉"",""unit"":""""},{""amount"":1.5,""name"":""姜黄"",""unit"":""""},{""amount"":0.5,""name"":""盐"",""unit"":""""},{""amount"":0.5,""name"":""水"",""unit"":""""},{""amount"":1,""name"":""咖喱叶"",""unit"":""""}]","[""肉"",""印度"",""辣味"",""早午餐"",""生日"",""少于4小时"",""羔羊/绵羊""]"
124652,西班牙炒面包屑,810.1,66.6,4.6,56.9,26.5,0.4,2.4,634.7,987.9,1,breakfast,"[{""amount"":8,""name"":""鸡蛋"",""unit"":""""},{""amount"":2,""name"":""无盐黄油"",""unit"":""""},{""amount"":0.25,""name"":""蒜瓣"",""unit"":""""},{""amount"":2,""name"":""新鲜萨尔萨酱"",""unit"":""""},{""amount"":2,""name"":""香菜"",""unit"":""""},{""amount"":0.75,""name"":""切达奶酪"",""unit"":""""},{""amount"":0.5,""name"":""奶酪"",""unit"":""""}]","[""墨西哥"",""早午餐"",""少于60分钟"",""早餐""]"
157649,冷火鸡糕,464.5,59.9,2.6,20.6,6.3,0.7,0.9,870.8,215.1,6,breakfast,"[{""amount"":4,""name"":""水"",""unit"":""""},{""amount"":6,""name"":""鸡高汤块"",""unit"":""""},{""amount"":2,""name"":""月桂叶"",""unit"":""""},{""amount"":1,""name"":""盐"",""unit"":""""},{""amount"":1,""name"":""干白葡萄酒"",""unit"":""""},{""amount"":0.5,""name"":""百里香"",""unit"":""""},{""amount"":1,""name"":""鼠尾草"",""unit"":""""},{""amount"":1,""name"":""蒜瓣"",""unit"":""""},{""amount"":2,""name"":""葱"",""unit"":""""},{""amount"":0.5,""name"":""欧芹"",""unit"":""""},{""amount"":0.5,""name"":""切碎的甜椒"",""unit"":""""},{""amount"":2,""name"":""现磨黑胡椒"",""unit"":""""}]","[""禽肉"",""肉"",""极低碳水化合物"",""早午餐"",""简单"",""便宜"",""午餐/零食""]"
114803,蜜橘鸡,954.1,65.5,34.7,60.7,20.1,2,27.8,280.1,272,4,breakfast,"[{""amount"":1,""name"":""整鸡"",""unit"":""""},{""amount"":1.25,""name"":""苹果醋"",""unit"":""""},{""amount"":3,""name"":""蜂蜜"",""unit"":""""},{""amount"":3,""name"":""新鲜龙蒿"",""unit"":""""},{""amount"":2,""name"":""橙子"",""unit"":""""},{""amount"":2,""name"":""新鲜龙蒿"",""unit"":""""},{""amount"":1,""name"":""瑞可塔奶酪"",""unit"":""""},{""amount"":1,""name"":""蜂蜜"",""unit"":""""}]","[""鸡肉"",""橙子"",""禽肉"",""柑橘"",""水果"",""肉"",""适合幼儿"",""适合儿童"",""早午餐"",""少于4小时"",""整鸡""]"
68734,香橙辣味鸭,671.4,60.5,37.1,30,7.4,2.4,32.8,577.9,326.7,4,breakfast,"[{""amount"":2,""name"":""橙子"",""unit"":""-3""},{""amount"":100,""name"":""白糖"",""unit"":""""},{""amount"":1,""name"":""姜"",""unit"":""""},{""amount"":2,""name"":""红辣椒"",""unit"":""""},{""amount"":2,""name"":""八角"",""unit"":""""},{""amount"":2,""name"":""肉桂棒"",""unit"":""""},{""amount"":1,""name"":""泰式鱼露"",""unit"":""""},{""amount"":1,""name"":""红酒"",""unit"":""""},{""amount"":1,""name"":""波特酒"",""unit"":""""},{""amount"":2,""name"":""鸭胸肉"",""unit"":""""},{""amount"":4,""name"":""菜籽油"",""unit"":""""},{""amount"":1,""name"":""小葱"",""unit"":""""}]","[""鸭肉"",""禽肉"",""柑橘"",""水果"",""肉"",""中文"",""亚洲"",""春季"",""夏季"",""冬季"",""甜味"",""早午餐"",""少于60分钟"",""新手厨师"",""炉灶顶"",""简单"",""橙子""]"
137699,土豆块鸡肉砂锅,711.1,56.9,58.1,28.5,8.2,7.8,2.3,1249.5,158.9,1,breakfast,"[{""amount"":2,""name"":""鸡肉末"",""unit"":""""},{""amount"":1,""name"":""鸡块"",""unit"":""""},{""amount"":0.25,""name"":""洋葱"",""unit"":""""},{""amount"":0.5,""name"":""胡椒"",""unit"":""""},{""amount"":1,""name"":""水"",""unit"":""""}]","[""鸡肉"",""禽肉"",""肉"",""适合幼儿"",""适合儿童"",""冬季"",""早午餐"",""少于60分钟"",""烤箱"",""新手厨师"",""简单"",""一餐即食""]"
380166,简易索帕（奶奶的简易墨西哥汤）,659,61.8,4.4,42.6,14.7,1.4,2.3,140.1,181.4,3,breakfast,"[{""amount"":2,""name"":""西葫芦"",""unit"":""""},{""amount"":2,""name"":""大蒜粉"",""unit"":""-3""},{""amount"":0,""name"":""水"",""unit"":""""},{""amount"":0,""name"":""盐"",""unit"":""""},{""amount"":0,""name"":""胡椒"",""unit"":""""}]","[""蔬菜"",""肉"",""极低碳水化合物"",""冬季"",""工作日夜晚"",""早午餐"",""少于60分钟"",""新手厨师"",""简单"",""便宜"",""猪肉""]"
331030,火腿炒蛋,576.9,59.5,14.9,30.4,11.8,3.2,7.2,1366.3,519.3,1,breakfast,"[{""amount"":2,""name"":""鸡蛋"",""unit"":""-3""},{""amount"":0.25,""name"":""2%脂肪白软干酪"",""unit"":""""},{""amount"":3,""name"":""熟火腿"",""unit"":""""},{""amount"":1,""name"":""番茄"",""unit"":""""},{""amount"":1,""name"":""牛至"",""unit"":""""},{""amount"":0.25,""name"":""黑胡椒"",""unit"":""""},{""amount"":0.25,""name"":""辣味萨尔萨酱"",""unit"":""""}]","[""午餐/零食"",""奶酪"",""极低碳水化合物"",""少于30分钟"",""炉灶顶"",""早餐""]"
73721,红烧牛肉,658.4,62.6,5.6,40.8,15.8,0.7,1.3,694.7,193.5,1,breakfast,"[{""amount"":10,""name"":""牛后腿肉烤用部位"",""unit"":""-12""},{""amount"":6,""name"":""面粉"",""unit"":""""},{""amount"":4,""name"":""盐"",""unit"":""""},{""amount"":2,""name"":""胡萝卜"",""unit"":""""},{""amount"":2,""name"":""洋葱"",""unit"":""""},{""amount"":2,""name"":""芹菜茎"",""unit"":""""},{""amount"":1,""name"":""大蒜"",""unit"":""""},{""amount"":4,""name"":""香草束"",""unit"":""""},{""amount"":1,""name"":""葡萄酒"",""unit"":""""}]","[""烤牛肉"",""肉"",""家常菜聚餐"",""咸味"",""工作日夜晚"",""早午餐"",""供多人食用"",""烤箱"",""炉灶顶"",""少于4小时"",""酱料""]"
119865,香醋汁肉桂香鸭胸,546.2,59,16.5,26.1,7,1.9,13.8,202.7,326.4,4,breakfast,"[{""amount"":4,""name"":""鸭胸肉"",""unit"":""""},{""amount"":1,""name"":""盐"",""unit"":""""},{""amount"":3,""name"":""胡椒"",""unit"":""""},{""amount"":1.5,""name"":""肉桂粉"",""unit"":""""},{""amount"":1,""name"":""细砂糖"",""unit"":""""},{""amount"":3,""name"":""肉桂粉"",""unit"":""""},{""amount"":1,""name"":""丁香"",""unit"":""""},{""amount"":0,""name"":""蜂蜜"",""unit"":""""}]","[""鸭肉"",""禽肉"",""肉"",""早午餐"",""少于30分钟"",""鸭胸肉""]"
121109,鸡肉牛油果千层玉米片沙拉,696.3,49.5,40.9,39.5,13.6,18.2,6.1,1150.4,123.2,1,breakfast,"[{""amount"":2,""name"":""牛油果"",""unit"":""""},{""amount"":2,""name"":""莎莎酱"",""unit"":""""},{""amount"":1,""name"":""红叶生菜"",""unit"":""""},{""amount"":3,""name"":""生菜"",""unit"":""""},{""amount"":3,""name"":""火鸡"",""unit"":""""},{""amount"":1,""name"":""墨西哥玉米片"",""unit"":""""},{""amount"":4,""name"":""黑豆"",""unit"":""-5""},{""amount"":1,""name"":""小葱"",""unit"":""""},{""amount"":1.5,""name"":""青椒"",""unit"":""""},{""amount"":0,""name"":""切达干酪（陈年）"",""unit"":""""}]","[""禽肉"",""豆类"",""肉"",""夏季"",""早午餐"",""少于30分钟"",""简单"",""鸡肉""]"
172393,15分钟快手千层面,886.8,63.8,48.6,48,26,4,7.9,913.5,230.9,1,breakfast,"[{""amount"":0.3333333333333333,""name"":""橄榄油"",""unit"":""""},{""amount"":0.5,""name"":""洋葱"",""unit"":""""},{""amount"":2,""name"":""蒜瓣"",""unit"":""""},{""amount"":1.5,""name"":""瘦牛肉末"",""unit"":""""},{""amount"":0.5,""name"":""火鸡绞肉"",""unit"":""""},{""amount"":0.5,""name"":""干罗勒"",""unit"":""""},{""amount"":0.25,""name"":""干牛至"",""unit"":""""},{""amount"":1,""name"":""碎红辣椒片"",""unit"":""""},{""amount"":0.5,""name"":""番茄丁"",""unit"":""""},{""amount"":3,""name"":""番茄酱"",""unit"":""""},{""amount"":16,""name"":""瑞可塔奶酪"",""unit"":""""},{""amount"":1,""name"":""马苏里拉奶酪"",""unit"":""""},{""amount"":0.5,""name"":""鸡蛋"",""unit"":""""},{""amount"":12,""name"":""黑胡椒粉"",""unit"":""""},{""amount"":0.25,""name"":""帕玛森奶酪"",""unit"":""""},{""amount"":0,""name"":""罗马诺奶酪"",""unit"":""""}]","[""肉"",""欧洲"",""早午餐"",""烤箱"",""新手厨师"",""少于4小时"",""简单"",""便宜"",""一餐即食""]"
278745,皇家鸡肉，酸奶香料炖鸡,446.1,57.7,11,18.1,3.6,1.2,4.6,369,141.9,4,breakfast,"[{""amount"":3,""name"":""月桂叶"",""unit"":""""},{""amount"":2,""name"":""肉桂棒"",""unit"":""""},{""amount"":1,""name"":""绿豆蔻荚"",""unit"":""""},{""amount"":4,""name"":""丁香"",""unit"":""""},{""amount"":4,""name"":""孜然籽"",""unit"":""""},{""amount"":1,""name"":""洋葱"",""unit"":""""},{""amount"":2,""name"":""姜"",""unit"":""""},{""amount"":1,""name"":""蒜瓣"",""unit"":""""},{""amount"":2,""name"":""去皮鸡胸肉"",""unit"":""""},{""amount"":4,""name"":""姜黄粉"",""unit"":""""},{""amount"":0.25,""name"":""辣椒粉"",""unit"":""""},{""amount"":0.25,""name"":""盐"",""unit"":""""},{""amount"":0.25,""name"":""腰果"",""unit"":""""},{""amount"":30,""name"":""原味酸奶"",""unit"":""""},{""amount"":150,""name"":""香菜叶"",""unit"":""""}]","[""午餐/零食"",""鸡肉"",""禽肉"",""肉"",""亚洲"",""印度"",""早午餐"",""少于60分钟"",""炉灶顶"",""咖喱""]"
276585,美式烤意大利面,924.1,64.1,53.4,49.6,25.5,3.7,6.7,1475.5,199.6,1,breakfast,"[{""amount"":1,""name"":""意大利面"",""unit"":""""},{""amount"":2,""name"":""瘦牛肉末"",""unit"":""""},{""amount"":1,""name"":""番茄酱"",""unit"":""""},{""amount"":3,""name"":""盐"",""unit"":""""},{""amount"":1,""name"":""胡椒"",""unit"":""""},{""amount"":1,""name"":""切达干酪（陈年）"",""unit"":""""}]","[""意大利面"",""适合幼儿"",""适合儿童"",""早午餐"",""新手厨师"",""少于4小时"",""简单"",""便宜"",""一餐即食""]"
103992,五香肉卷,502.5,59.3,2.3,26.8,9.7,0.9,0.4,234,196.6,1,breakfast,"[{""amount"":2,""name"":""汉堡"",""unit"":""""},{""amount"":2,""name"":""烟熏液"",""unit"":""""},{""amount"":1,""name"":""芥菜籽"",""unit"":""""},{""amount"":1,""name"":""新鲜粗磨黑胡椒"",""unit"":""""},{""amount"":0.5,""name"":""大蒜粉"",""unit"":""""},{""amount"":0.5,""name"":""水"",""unit"":""""}]","[""少于15分钟"",""早午餐""]"
413158,鸡肉芦笋千层烤饼（早午餐砂锅）,851.1,63.1,38.2,49,21.7,3,2.8,641.2,380.1,1,breakfast,"[{""amount"":1,""name"":""鸡蛋"",""unit"":""""},{""amount"":6,""name"":""牛奶"",""unit"":""""},{""amount"":2,""name"":""瑞士奶酪"",""unit"":""""},{""amount"":16,""name"":""芦笋"",""unit"":""""},{""amount"":1,""name"":""火葱"",""unit"":""""},{""amount"":1,""name"":""橄榄油"",""unit"":""""}]","[""鸡胸肉"",""整鸡"",""鸡肉"",""禽肉"",""奶酪"",""蔬菜"",""肉"",""咸味"",""早午餐"",""新手厨师"",""少于4小时"",""简单"",""便宜"",""一餐即食""]"
297088,罗马风味鸡肉宽面,953.1,61.1,73.4,44.5,11.8,4.9,6.5,280.6,294.8,1,breakfast,"[{""amount"":3,""name"":""甜椒"",""unit"":""""},{""amount"":2,""name"":""橄榄油"",""unit"":""""},{""amount"":1,""name"":""洋葱"",""unit"":""""},{""amount"":2,""name"":""蒜瓣"",""unit"":""""},{""amount"":5,""name"":""鸡大腿"",""unit"":""""},{""amount"":5,""name"":""鸡腿"",""unit"":""""},{""amount"":2,""name"":""干白葡萄酒"",""unit"":""""},{""amount"":1,""name"":""番茄膏"",""unit"":""""},{""amount"":3.5,""name"":""盐"",""unit"":""""},{""amount"":1,""name"":""黑胡椒"",""unit"":""""},{""amount"":0,""name"":""意大利宽面"",""unit"":""""}]","[""鸡大腿及鸡腿"",""鸡肉"",""禽肉"",""肉"",""欧洲"",""早午餐"",""少于4小时"",""一餐即食""]"
209510,瓢虫辣椒,408.5,54.5,15,15.1,5.6,5.7,4.9,1833.1,141.8,1,breakfast,"[{""amount"":2,""name"":""牛肉高汤"",""unit"":""""},{""amount"":1,""name"":""番茄酱"",""unit"":""""},{""amount"":1,""name"":""洋葱粉"",""unit"":""""},{""amount"":1,""name"":""大蒜粉"",""unit"":""""},{""amount"":2,""name"":""辣椒粉"",""unit"":""""},{""amount"":6.5,""name"":""孜然"",""unit"":""""},{""amount"":3,""name"":""黑胡椒"",""unit"":""""},{""amount"":0.5,""name"":""辣椒粉"",""unit"":""""},{""amount"":0.25,""name"":""盐"",""unit"":""""},{""amount"":0.5,""name"":""牛肉高汤块"",""unit"":""""},{""amount"":0.5,""name"":""鸡高汤块"",""unit"":""""},{""amount"":0.5,""name"":""红糖"",""unit"":""""},{""amount"":0.25,""name"":""阿斗波酱"",""unit"":""""}]","[""美国西南部"",""咸味"",""早午餐"",""少于4小时"",""肉""]"
209136,芝士培根鸡肉皮塔饼,779.1,60.5,37.5,42.7,16.4,4.6,2.7,1284.4,756.1,1,breakfast,"[{""amount"":8,""name"":""鸡蛋"",""unit"":""""},{""amount"":3,""name"":""切达奶酪"",""unit"":""""},{""amount"":3,""name"":""欧芹"",""unit"":""""},{""amount"":3,""name"":""大蒜"",""unit"":""""},{""amount"":3,""name"":""洋葱粉"",""unit"":""""},{""amount"":1,""name"":""水"",""unit"":""""},{""amount"":1,""name"":""黄油"",""unit"":""""}]","[""午餐/零食"",""奶酪"",""高蛋白"",""高含量..."",""早午餐"",""少于30分钟"",""炉灶顶"",""便宜"",""早餐""]"
368903,超级健康蔬菜皮塔披萨,471.7,27.4,62.3,18,8.3,42.8,7,751,44.2,1,breakfast,"[{""amount"":1,""name"":""橄榄油"",""unit"":""""},{""amount"":0.5,""name"":""卡拉马塔橄榄"",""unit"":""""},{""amount"":3,""name"":""新鲜番茄"",""unit"":""""},{""amount"":3,""name"":""新鲜菠菜叶"",""unit"":""-4""},{""amount"":0.5,""name"":""罐装洋蓟心"",""unit"":""""},{""amount"":4,""name"":""马苏里拉奶酪"",""unit"":""""},{""amount"":0.5,""name"":""蒙特利杰克胡椒奶酪"",""unit"":""""}]","[""早午餐"",""少于15分钟"",""新手厨师"",""简单"",""便宜"",""蔬菜""]"
114410,热带火鸡沙拉,387,57.1,16.2,9.6,3.1,1.2,9.2,371.6,150.9,1,breakfast,"[{""amount"":2,""name"":""火鸡里脊"",""unit"":""""},{""amount"":0.25,""name"":""火鸡胸肉"",""unit"":""""},{""amount"":0.25,""name"":""蛋黄酱"",""unit"":""""},{""amount"":0.25,""name"":""酸奶油"",""unit"":""""},{""amount"":0.25,""name"":""芒果"",""unit"":""""},{""amount"":0.25,""name"":""红洋葱"",""unit"":""""},{""amount"":0.25,""name"":""菠萝"",""unit"":""""},{""amount"":0.25,""name"":""香蕉"",""unit"":""""},{""amount"":0.5,""name"":""青柠"",""unit"":""""},{""amount"":1,""name"":""大蒜"",""unit"":""""},{""amount"":1,""name"":""新鲜香菜"",""unit"":""""},{""amount"":1,""name"":""红糖"",""unit"":""""},{""amount"":0.125,""name"":""盐"",""unit"":""""},{""amount"":0.125,""name"":""胡椒"",""unit"":""""},{""amount"":0.125,""name"":""盐"",""unit"":""""},{""amount"":0.125,""name"":""辣椒粉"",""unit"":""""}]","[""禽肉"",""热带水果"",""水果"",""肉"",""早午餐"",""少于15分钟"",""新手厨师"",""简单"",""午餐/零食""]"
383171,奶油鸡肉菠菜意面,695,50,121.5,4.7,1,13.8,14,248.5,53.4,4,breakfast,"[{""amount"":1,""name"":""去骨去皮鸡胸肉"",""unit"":""""},{""amount"":12,""name"":""洋葱"",""unit"":""""},{""amount"":1,""name"":""蒜瓣"",""unit"":""""},{""amount"":2,""name"":""黑胡椒"",""unit"":""""},{""amount"":0.5,""name"":""通用面粉"",""unit"":""""},{""amount"":2,""name"":""脱脂淡奶"",""unit"":""""},{""amount"":1,""name"":""新鲜菠菜"",""unit"":""""},{""amount"":5,""name"":""新鲜罗勒"",""unit"":""""},{""amount"":10,""name"":""鲜榨柠檬汁"",""unit"":""""},{""amount"":0.3333333333333333,""name"":""小葱"",""unit"":""""},{""amount"":0.25,""name"":""盐"",""unit"":""""}]","[""鸡胸肉"",""鸡肉"",""菠菜"",""禽肉"",""绿叶蔬菜"",""洋葱"",""蔬菜"",""肉"",""低胆固醇"",""健康"",""工作日夜晚"",""早午餐"",""少于60分钟"",""一餐即食""]"
168403,瑞秋·雷的菠菜洋蓟汉堡,611.2,53,53.1,22.5,12,11.1,2.6,1201.4,121.7,4,breakfast,"[{""amount"":1,""name"":""鸡肉末"",""unit"":""""},{""amount"":1,""name"":""火鸡胸肉"",""unit"":""""},{""amount"":0.25,""name"":""柠檬"",""unit"":""- 1/2""},{""amount"":2,""name"":""帕玛森-雷吉亚诺奶酪"",""unit"":""""},{""amount"":1,""name"":""蒜瓣"",""unit"":""""},{""amount"":1,""name"":""冷冻菠菜碎"",""unit"":""""},{""amount"":4,""name"":""新鲜百里香"",""unit"":""""},{""amount"":4,""name"":""特级初榨橄榄油"",""unit"":""""},{""amount"":1,""name"":""牛排番茄"",""unit"":""""},{""amount"":8,""name"":""水浸洋蓟心"",""unit"":""""},{""amount"":0,""name"":""波罗伏洛奶酪"",""unit"":""""}]","[""禽肉"",""蔬菜"",""肉"",""无蛋"",""不含..."",""夏季"",""早午餐"",""少于30分钟"",""炉灶顶"",""简单"",""午餐/零食""]"
207420,鸡肉炒菜,553.9,54.1,20.9,28.8,7.2,7.5,7.4,207.4,145.3,4,breakfast,"[{""amount"":2,""name"":""鸡胸肉"",""unit"":""""},{""amount"":3.5,""name"":""新鲜西兰花"",""unit"":""""},{""amount"":2,""name"":""蘑菇"",""unit"":""""},{""amount"":1,""name"":""橙甜椒"",""unit"":""""},{""amount"":1,""name"":""红甜椒"",""unit"":""""},{""amount"":1,""name"":""黄甜椒"",""unit"":""""},{""amount"":1.5,""name"":""豆芽"",""unit"":""""},{""amount"":1,""name"":""鲜姜"",""unit"":""""},{""amount"":2,""name"":""蒜瓣"",""unit"":""""},{""amount"":2,""name"":""特级初榨橄榄油"",""unit"":""""}]","[""辣椒"",""蔬菜"",""粤语"",""中文"",""亚洲"",""辣味"",""咸味"",""早午餐"",""少于4小时"",""简单"",""一餐即食""]"
237684,煎早餐猪排配肉汁,833.8,62.1,55.2,38.5,14.3,1.9,1.1,266.1,378.7,1,breakfast,"[{""amount"":4,""name"":""鸡蛋"",""unit"":""""},{""amount"":2,""name"":""面粉"",""unit"":""""},{""amount"":1,""name"":""大蒜粉"",""unit"":""""},{""amount"":1,""name"":""洋葱粉"",""unit"":""""},{""amount"":0.5,""name"":""盐"",""unit"":""""},{""amount"":1,""name"":""胡椒"",""unit"":""""},{""amount"":0,""name"":""牛奶"",""unit"":""""}]","[""猪肉"",""肉"",""少于30分钟"",""新手厨师"",""简单"",""便宜"",""早餐""]"
302047,藜麦鸡蛋蔬菜单人炒,893.2,61.7,65.9,42.4,22.7,5,2.5,606.7,317.8,1,breakfast,"[{""amount"":1,""name"":""鸡蛋"",""unit"":""""},{""amount"":2,""name"":""藜麦"",""unit"":""""},{""amount"":0.5,""name"":""毛豆"",""unit"":""""}]","[""谷物"",""蔬菜"",""早午餐"",""少于30分钟"",""早餐""]"
113136,慢炖锅柠檬鸡,803.6,63.6,2.6,57.1,18.4,0.3,0.6,290.5,270.6,4,breakfast,"[{""amount"":1,""name"":""肉用仔鸡"",""unit"":""""},{""amount"":1,""name"":""干牛至"",""unit"":""""},{""amount"":0.5,""name"":""干迷迭香"",""unit"":""""},{""amount"":3,""name"":""蒜瓣"",""unit"":""""},{""amount"":2,""name"":""黄油"",""unit"":""""},{""amount"":0.25,""name"":""雪利酒"",""unit"":""""},{""amount"":0.25,""name"":""鸡汤"",""unit"":""""},{""amount"":0,""name"":""柠檬汁"",""unit"":""""}]","[""整鸡"",""鸡肉"",""柠檬"",""禽肉"",""柑橘"",""水果"",""肉"",""极低碳水化合物"",""高蛋白"",""适合儿童"",""高含量..."",""家常菜聚餐"",""早午餐"",""简单"",""便宜"",""鸡胸肉""]"
284159,牙买加咖喱羊肉,728.9,59.9,19.7,45,17.5,4.2,9,874.8,217.6,4,breakfast,"[{""amount"":2,""name"":""洋葱"",""unit"":""""},{""amount"":3,""name"":""欧芹"",""unit"":""""},{""amount"":0.5,""name"":""香菜"",""unit"":""""},{""amount"":0.5,""name"":""蒜瓣"",""unit"":""""},{""amount"":1,""name"":""盐"",""unit"":""""},{""amount"":1,""name"":""胡萝卜"",""unit"":""""},{""amount"":0.5,""name"":""咖喱粉"",""unit"":""""},{""amount"":2,""name"":""多香果"",""unit"":""""},{""amount"":2,""name"":""白糖"",""unit"":""""},{""amount"":1,""name"":""番茄酱"",""unit"":""""}]","[""羔羊/绵羊"",""肉"",""加勒比"",""辣味"",""早午餐"",""新手厨师"",""炉灶顶"",""少于4小时"",""简单"",""咖喱""]"
112454,香辣鸡肉黑豆意面,872,52.7,110.5,23.9,4.5,12.8,5.1,121,82.3,4,breakfast,"[{""amount"":4,""name"":""去骨鸡胸肉半片"",""unit"":""-6""},{""amount"":0.25,""name"":""特级初榨橄榄油"",""unit"":""""},{""amount"":1,""name"":""辣椒粉"",""unit"":""""},{""amount"":2,""name"":""孜然粉"",""unit"":""""},{""amount"":1,""name"":""大蒜粉"",""unit"":""""},{""amount"":2,""name"":""葱"",""unit"":""-4""},{""amount"":1,""name"":""黑豆"",""unit"":""""},{""amount"":1,""name"":""罗马番茄"",""unit"":""""},{""amount"":2,""name"":""新鲜奶酪"",""unit"":""""},{""amount"":0.5,""name"":""意大利面"",""unit"":""""},{""amount"":1,""name"":""新鲜香菜"",""unit"":""""}]","[""鸡胸肉"",""鸡肉"",""禽肉"",""豆类"",""肉"",""美国西南部"",""墨西哥"",""早午餐"",""少于30分钟"",""简单"",""便宜"",""一餐即食""]"
283511,南瓜汁鸡肉,450.6,57.6,18.1,15.2,4.2,0.8,7.7,763.2,170.2,1,breakfast,"[{""amount"":2,""name"":""南瓜"",""unit"":""""},{""amount"":1,""name"":""苹果酱"",""unit"":""""},{""amount"":1,""name"":""大蒜"",""unit"":""""},{""amount"":0.5,""name"":""粗盐"",""unit"":""""}]","[""一餐即食"",""鸡肉"",""禽肉"",""肉"",""无乳糖"",""无蛋"",""不含..."",""家常菜聚餐"",""早午餐"",""新手厨师"",""少于4小时"",""简单"",""便宜"",""炖""]"
57018,鳟鱼配乡村青酱,987.3,54.2,80.2,50.9,7.6,12.5,3.9,456.2,121.1,2,breakfast,"[{""amount"":1,""name"":""平叶欧芹"",""unit"":""""},{""amount"":1,""name"":""薄荷叶"",""unit"":""""},{""amount"":0.5,""name"":""罗勒叶"",""unit"":""""},{""amount"":3,""name"":""鳀鱼柳"",""unit"":""""},{""amount"":1,""name"":""大蒜"",""unit"":""""},{""amount"":0.3333333333333333,""name"":""橄榄油"",""unit"":""""},{""amount"":1,""name"":""第戎芥末酱"",""unit"":""""},{""amount"":1,""name"":""盐渍酸豆"",""unit"":""""},{""amount"":4,""name"":""土豆"",""unit"":""""},{""amount"":2,""name"":""橄榄油"",""unit"":""""},{""amount"":0,""name"":""鳟鱼片"",""unit"":""""}]","[""鳟鱼"",""春季"",""夏季"",""早午餐"",""少于30分钟"",""新手厨师"",""炉灶顶"",""简单"",""一餐即食""]"
320575,美味金枪鱼三明治,459.4,56.7,25.3,12.8,3.2,1.2,2.1,428.9,86.1,1,breakfast,"[{""amount"":2,""name"":""蛋黄酱"",""unit"":""""},{""amount"":1,""name"":""黄油"",""unit"":""""},{""amount"":0,""name"":""金枪鱼"",""unit"":""""},{""amount"":0,""name"":""生菜"",""unit"":""""}]","[""金枪鱼"",""低胆固醇"",""健康"",""早午餐"",""少于15分钟"",""新手厨师"",""简单"",""便宜"",""午餐/零食""]"
160790,杏仁炖青口贝,806.8,59.1,36.6,33,4.5,3.2,7.3,1385,127,1,breakfast,"[{""amount"":2,""name"":""橄榄油"",""unit"":""""},{""amount"":2,""name"":""韭葱"",""unit"":""""},{""amount"":0.75,""name"":""蒜瓣"",""unit"":""""},{""amount"":2,""name"":""白葡萄酒"",""unit"":""""},{""amount"":1.5,""name"":""青柠，汁和皮屑"",""unit"":""""},{""amount"":1,""name"":""藏红花丝"",""unit"":""""},{""amount"":0.125,""name"":""无籽葡萄干"",""unit"":""- 1/4""},{""amount"":1,""name"":""平叶欧芹"",""unit"":""""}]","[""无乳糖"",""低胆固醇"",""健康"",""不含..."",""早午餐"",""少于30分钟"",""贻贝""]"
58537,慢炖锅白豆南瓜羽衣甘蓝橄榄炖菜,621.8,38,114.9,4.2,0.8,27.7,8.7,238,0,6,breakfast,"[{""amount"":3,""name"":""洋葱"",""unit"":""""},{""amount"":6,""name"":""蒜瓣"",""unit"":""""},{""amount"":1,""name"":""红甜椒"",""unit"":""-3""},{""amount"":3,""name"":""罐装蔬菜高汤"",""unit"":""""},{""amount"":1,""name"":""羽衣甘蓝"",""unit"":""""},{""amount"":1,""name"":""干鼠尾草碎"",""unit"":""""},{""amount"":1,""name"":""白腰豆"",""unit"":""""},{""amount"":5,""name"":""卡拉马塔橄榄"",""unit"":""""},{""amount"":1,""name"":""罗马诺奶酪"",""unit"":""""}]","[""奶酪"",""绿叶蔬菜"",""洋葱"",""辣椒"",""豆类"",""蔬菜"",""家常菜聚餐"",""咸味"",""工作日夜晚"",""早午餐"",""简单"",""炖""]"
167298,炸鸡排,588.9,58,27,26.1,4.1,1.3,0.3,494.7,202,1,breakfast,"[{""amount"":30,""name"":""通用面粉"",""unit"":""""},{""amount"":2,""name"":""调味盐"",""unit"":""""},{""amount"":2,""name"":""黑胡椒粉"",""unit"":""""},{""amount"":1,""name"":""鸡蛋"",""unit"":""""},{""amount"":0.5,""name"":""去骨去皮鸡胸肉半块"",""unit"":""""}]","[""鸡肉"",""禽肉"",""肉"",""适合幼儿"",""适合儿童"",""早午餐"",""少于30分钟"",""新手厨师"",""简单"",""便宜"",""鸡胸肉""]"
314185,25分钟猫耳朵面配鸡肉迷迭香,756.4,59.2,64.8,27,9.2,2.9,1.7,413.8,148.1,4,breakfast,"[{""amount"":12,""name"":""迷迭香"",""unit"":""""},{""amount"":1,""name"":""帕玛森奶酪"",""unit"":""""},{""amount"":2,""name"":""犹太盐"",""unit"":""""},{""amount"":0.75,""name"":""胡椒"",""unit"":""""}]","[""高蛋白"",""适合幼儿"",""适合儿童"",""高含量..."",""早午餐"",""少于30分钟"",""新手厨师"",""简单"",""便宜"",""一餐即食""]"
230440,芝士通心粉,746.5,56.4,93.2,16.4,8.1,6.6,19.6,1600.5,35,1,breakfast,"[{""amount"":500,""name"":""通心粉"",""unit"":""""},{""amount"":1,""name"":""橄榄油"",""unit"":""""},{""amount"":2,""name"":""洋葱"",""unit"":""""},{""amount"":1,""name"":""西葫芦"",""unit"":""""},{""amount"":1,""name"":""红甜椒"",""unit"":""""},{""amount"":1,""name"":""青椒"",""unit"":""""},{""amount"":4,""name"":""辣椒粉"",""unit"":""""}]","[""辣椒"",""蔬菜"",""低胆固醇"",""无蛋"",""适合幼儿"",""健康"",""适合儿童"",""不含..."",""家常菜聚餐"",""早午餐"",""少于60分钟"",""烤箱"",""新手厨师"",""简单"",""便宜"",""一餐即食""]"
425720,泰式青口贝,773.3,62.7,26.7,46.6,23.1,1.4,2.3,1449.1,140,4,breakfast,"[{""amount"":2,""name"":""贻贝"",""unit"":""""},{""amount"":2,""name"":""柠檬草"",""unit"":""""},{""amount"":2,""name"":""青辣椒"",""unit"":""""},{""amount"":1,""name"":""青椒"",""unit"":""""},{""amount"":5,""name"":""小葱"",""unit"":""""},{""amount"":4,""name"":""蒜瓣"",""unit"":""""},{""amount"":2,""name"":""姜"",""unit"":""""},{""amount"":3,""name"":""青柠汁"",""unit"":""""},{""amount"":400,""name"":""椰奶"",""unit"":""""}]","[""贻贝"",""泰国"",""亚洲"",""工作日夜晚"",""早午餐"",""少于60分钟"",""简单"",""一餐即食""]"
310367,大蒜迷迭香豆泥火腿蘸酱,991.2,42.1,126.3,37.7,5.4,28,3.3,807.1,0,1,breakfast,"[{""amount"":4,""name"":""蒜瓣"",""unit"":""""},{""amount"":2,""name"":""新鲜迷迭香"",""unit"":""""},{""amount"":0.5,""name"":""红洋葱"",""unit"":""""},{""amount"":0.5,""name"":""烟熏火腿"",""unit"":""""},{""amount"":0.25,""name"":""红辣椒碎"",""unit"":""""},{""amount"":2,""name"":""白腰豆"",""unit"":""""},{""amount"":0.5,""name"":""白腰豆"",""unit"":""""},{""amount"":0.25,""name"":""粗盐"",""unit"":""""},{""amount"":0,""name"":""现磨黑胡椒"",""unit"":""""},{""amount"":0,""name"":""特级初榨橄榄油"",""unit"":""""}]","[""豆类"",""咸味"",""早午餐"",""少于15分钟"",""免煮"",""小型电器"",""简单"",""午餐/零食""]"
96791,烤三文鱼沙拉,710.2,53.7,40.2,38.4,5.5,8.6,6.3,219,118.2,1,breakfast,"[{""amount"":0.25,""name"":""红酒醋"",""unit"":""""},{""amount"":2,""name"":""鲜榨柠檬汁"",""unit"":""""},{""amount"":2,""name"":""火葱"",""unit"":""""},{""amount"":1.5,""name"":""柠檬皮屑"",""unit"":""""},{""amount"":1,""name"":""新鲜迷迭香"",""unit"":""""},{""amount"":0.75,""name"":""橄榄油"",""unit"":""""},{""amount"":3,""name"":""红甜椒"",""unit"":""""},{""amount"":2,""name"":""新土豆"",""unit"":""""},{""amount"":1,""name"":""橄榄油"",""unit"":""""},{""amount"":0.75,""name"":""新鲜蘑菇"",""unit"":""""},{""amount"":3,""name"":""三文鱼柳"",""unit"":""""},{""amount"":1,""name"":""新鲜百里香"",""unit"":""""},{""amount"":1,""name"":""茴香籽"",""unit"":""""},{""amount"":0.5,""name"":""芹菜籽"",""unit"":""""},{""amount"":1,""name"":""芝麻菜苗"",""unit"":""""},{""amount"":0.75,""name"":""茴香球茎"",""unit"":""""},{""amount"":12,""name"":""新鲜香菜茎"",""unit"":""-16""}]","[""早午餐"",""烤箱"",""少于4小时"",""一餐即食""]"
80742,番茄洋蓟炖鸡,528.3,53,49,12.4,2.9,6.7,3.7,567.8,147.2,1,breakfast,"[{""amount"":6,""name"":""李子番茄"",""unit"":""""},{""amount"":1,""name"":""洋蓟心"",""unit"":""""},{""amount"":1.5,""name"":""去骨去皮鸡胸肉"",""unit"":""""},{""amount"":2,""name"":""橄榄油"",""unit"":""""},{""amount"":4,""name"":""大蒜"",""unit"":""""},{""amount"":1,""name"":""大蒜"",""unit"":""""},{""amount"":1,""name"":""香蒜酱"",""unit"":""""},{""amount"":0.25,""name"":""调味盐"",""unit"":""""},{""amount"":8,""name"":""白葡萄酒"",""unit"":""""},{""amount"":0.25,""name"":""意大利宽面"",""unit"":""""},{""amount"":0,""name"":""帕玛森奶酪"",""unit"":""""}]","[""禽肉"",""蔬菜"",""肉"",""欧洲"",""早午餐"",""少于60分钟"",""炉灶顶"",""鸡肉""]"
156428,照烧烤猪肉汉堡,779.3,61.7,21.6,48,17.7,1.4,9.6,800.5,213.4,1,breakfast,"[{""amount"":2,""name"":""猪肉末"",""unit"":""""},{""amount"":0.5,""name"":""大蒜"",""unit"":""""},{""amount"":1,""name"":""调味盐"",""unit"":""""},{""amount"":1,""name"":""黑胡椒"",""unit"":""""},{""amount"":1,""name"":""小葱"",""unit"":""""},{""amount"":4,""name"":""低钠酱油"",""unit"":""""},{""amount"":0.25,""name"":""姜粉"",""unit"":""""},{""amount"":3,""name"":""红糖"",""unit"":""""}]","[""肉"",""亚洲"",""早午餐"",""烤/炙烤"",""烤箱"",""新手厨师"",""简单"",""猪肉""]"
137068,鸡肉塔可意面焗,737.9,54.5,64.4,31.4,14.2,9.9,7.6,1635.1,165.3,6,breakfast,"[{""amount"":8,""name"":""通心粉"",""unit"":""-10""},{""amount"":2,""name"":""鸡肉末"",""unit"":""""},{""amount"":1,""name"":""洋葱"",""unit"":""""},{""amount"":1,""name"":""大蒜"",""unit"":""""},{""amount"":1.5,""name"":""水"",""unit"":""""},{""amount"":1,""name"":""Kittencal的塔可调味料混合"",""unit"":""""},{""amount"":2,""name"":""整粒玉米"",""unit"":""""},{""amount"":2.5,""name"":""切达奶酪"",""unit"":""""},{""amount"":3,""name"":""莎莎酱"",""unit"":""""},{""amount"":1.25,""name"":""青辣椒"",""unit"":""""},{""amount"":2,""name"":""青椒"",""unit"":""""}]","[""禽肉"",""蔬菜"",""肉"",""墨西哥"",""适合儿童"",""早午餐"",""烤箱"",""炉灶顶"",""少于4小时"",""简单"",""便宜"",""鸡肉""]"
392644,香脆鸡块,577.6,57.4,25.7,26.3,6.8,2,0.9,602.9,309.5,4,breakfast,"[{""amount"":1,""name"":""鸡腿肉片"",""unit"":""""},{""amount"":2,""name"":""鸡蛋"",""unit"":""""},{""amount"":1,""name"":""烧烤酱"",""unit"":""""},{""amount"":1,""name"":""大蒜"",""unit"":""""},{""amount"":1,""name"":""奶酪"",""unit"":""""}]","[""鸡大腿及鸡腿"",""鸡肉"",""禽肉"",""肉"",""适合幼儿"",""适合儿童"",""早午餐"",""少于4小时"",""午餐/零食""]"
343725,马里兰蟹饼,580.5,58.4,16.2,30.5,8.7,1.3,4.4,1343.3,328.3,1,breakfast,"[{""amount"":2,""name"":""新鲜块状蟹肉"",""unit"":""""},{""amount"":0.5,""name"":""葱"",""unit"":""""},{""amount"":0.5,""name"":""红甜椒"",""unit"":""""},{""amount"":1,""name"":""橄榄油"",""unit"":""""},{""amount"":0.5,""name"":""鸡蛋"",""unit"":""""},{""amount"":1,""name"":""蛋黄酱"",""unit"":""""},{""amount"":0.5,""name"":""鲜榨柠檬汁"",""unit"":""""},{""amount"":1,""name"":""现磨黑胡椒"",""unit"":""""},{""amount"":1,""name"":""伍斯特酱"",""unit"":""""},{""amount"":0.5,""name"":""黄油"",""unit"":""""}]","[""早午餐"",""少于4小时"",""蟹""]"
117417,金枪鱼沙拉单人份,495.2,56.8,5.4,25.8,5.8,1.4,2.8,407.9,303.2,1,breakfast,"[{""amount"":1,""name"":""金枪鱼"",""unit"":""""},{""amount"":1,""name"":""熟鸡蛋"",""unit"":""""},{""amount"":0.25,""name"":""芹菜"",""unit"":""""},{""amount"":2,""name"":""低脂蛋黄酱"",""unit"":""""},{""amount"":1,""name"":""长叶生菜"",""unit"":""""},{""amount"":0,""name"":""胡椒"",""unit"":""""},{""amount"":0,""name"":""胡萝卜"",""unit"":""""},{""amount"":0,""name"":""圣女果"",""unit"":""""},{""amount"":0,""name"":""紫甘蓝"",""unit"":""""}]","[""蔬菜"",""加拿大"",""早午餐"",""少于15分钟"",""免煮"",""简单"",""金枪鱼""]"
370935,西班牙藏红花米饭,767.5,57.1,78.4,24.1,7,4.5,4.3,108.5,146.2,4,breakfast,"[{""amount"":1.5,""name"":""猪肉"",""unit"":""""},{""amount"":2,""name"":""青椒"",""unit"":""-3""},{""amount"":1,""name"":""蒜瓣"",""unit"":""""},{""amount"":1,""name"":""大米"",""unit"":""""},{""amount"":12,""name"":""洋葱"",""unit"":""""},{""amount"":1,""name"":""番茄"",""unit"":""""},{""amount"":3,""name"":""藏红花"",""unit"":""-4""},{""amount"":1,""name"":""胡椒"",""unit"":""""},{""amount"":1,""name"":""盐"",""unit"":""""},{""amount"":0,""name"":""柠檬"",""unit"":""""}]","[""鸡肉"",""猪肉"",""禽肉"",""大米"",""肉"",""健康"",""早午餐"",""少于60分钟"",""午餐/零食""]"
253500,中东香草煎蛋饼,489.7,40.1,43.6,24.7,7.7,23.6,16.5,231.7,332.5,1,breakfast,"[{""amount"":5,""name"":""新鲜平叶欧芹"",""unit"":""""},{""amount"":5,""name"":""新鲜莳萝"",""unit"":""""},{""amount"":2,""name"":""新鲜香菜"",""unit"":""""},{""amount"":1,""name"":""新鲜细香葱"",""unit"":""""},{""amount"":3,""name"":""生菜叶"",""unit"":""-4""},{""amount"":3,""name"":""西葫芦"",""unit"":""-4""},{""amount"":2,""name"":""葱"",""unit"":""""},{""amount"":4,""name"":""核桃"",""unit"":""""},{""amount"":0.25,""name"":""藏红花丝"",""unit"":""""},{""amount"":1,""name"":""鸡蛋"",""unit"":""""},{""amount"":6,""name"":""黄油"",""unit"":""""},{""amount"":2,""name"":""酸奶"",""unit"":""""}]","[""蔬菜"",""西南亚（中东）"",""亚洲"",""早午餐"",""少于60分钟"",""早餐""]"
273851,全麦华夫饼预拌粉,917,43.9,182.4,9,2.4,23.8,15.7,2194.3,20.7,4,breakfast,"[{""amount"":4,""name"":""全麦面粉"",""unit"":""""},{""amount"":2,""name"":""通用面粉"",""unit"":""""},{""amount"":1,""name"":""小麦胚芽"",""unit"":""""},{""amount"":1,""name"":""脱脂酪乳粉"",""unit"":""""},{""amount"":1,""name"":""泡打粉"",""unit"":""""},{""amount"":3,""name"":""小苏打"",""unit"":""""},{""amount"":2,""name"":""盐"",""unit"":""""}]","[""低胆固醇"",""高蛋白"",""健康"",""高含量..."",""少于15分钟"",""早餐""]"
56921,烤鱼,568.5,55.4,50,15.8,7.8,4.3,13.4,652.5,174.5,1,breakfast,"[{""amount"":800,""name"":""牛奶"",""unit"":""""},{""amount"":125,""name"":""洋葱"",""unit"":""""},{""amount"":200,""name"":""青椒"",""unit"":""""},{""amount"":1,""name"":""小褐菇"",""unit"":""""},{""amount"":1,""name"":""原味酸奶"",""unit"":""""},{""amount"":250,""name"":""特大号鸡蛋"",""unit"":""""},{""amount"":500,""name"":""番茄"",""unit"":""""},{""amount"":1,""name"":""切达奶酪"",""unit"":""""}]","[""洋葱"",""蔬菜"",""健康"",""适合儿童"",""冬季"",""咸味"",""早午餐"",""少于60分钟"",""烤箱"",""奶酪""]"
150011,香醋牛排蓝纹奶酪沙拉,849.9,57.8,20,61.2,23.2,7.8,10,627.3,178.4,1,breakfast,"[{""amount"":1,""name"":""去骨牛上脑牛排"",""unit"":""""},{""amount"":0.5,""name"":""芦笋尖"",""unit"":""""},{""amount"":1,""name"":""橄榄油"",""unit"":""""},{""amount"":0.5,""name"":""蓝纹奶酪"",""unit"":""""}]","[""肉"",""早午餐"",""少于15分钟"",""新手厨师"",""简单"",""便宜"",""蔬菜""]"
76684,希腊烤鱼,726.3,55,30.8,41.8,10.5,7.5,4.8,1191,117.3,1,breakfast,"[{""amount"":2,""name"":""碎番茄"",""unit"":""""},{""amount"":2,""name"":""洋葱"",""unit"":""""},{""amount"":1,""name"":""卡拉马塔橄榄"",""unit"":""""},{""amount"":1,""name"":""新鲜欧芹"",""unit"":""""},{""amount"":0.5,""name"":""小酸豆"",""unit"":""""},{""amount"":1.5,""name"":""蒜瓣"",""unit"":""""},{""amount"":4,""name"":""红甜椒"",""unit"":""""},{""amount"":1,""name"":""黄甜椒"",""unit"":""""},{""amount"":1,""name"":""菲达奶酪"",""unit"":""""},{""amount"":1,""name"":""白葡萄酒"",""unit"":""""},{""amount"":0.5,""name"":""橄榄油"",""unit"":""""}]","[""希腊"",""欧洲"",""低胆固醇"",""适合儿童"",""不含..."",""早午餐"",""烤箱"",""少于4小时"",""一餐即食""]"
62614,蘑菇酒汁龙虾,675.9,61.2,15.3,37.9,21.7,0.6,1,613.5,310.4,4,breakfast,"[{""amount"":4,""name"":""龙虾尾"",""unit"":""""},{""amount"":4,""name"":""黄油"",""unit"":""""},{""amount"":4,""name"":""大蒜"",""unit"":""""},{""amount"":8,""name"":""火葱"",""unit"":""""},{""amount"":8,""name"":""白葡萄酒"",""unit"":""""},{""amount"":1,""name"":""白蘑菇"",""unit"":""""},{""amount"":1,""name"":""重奶油"",""unit"":""""},{""amount"":4,""name"":""葱"",""unit"":""""}]","[""早午餐"",""少于60分钟"",""炉灶顶"",""龙虾""]"
162509,烟熏黑线鳕浓汤,756.1,58.9,42.1,39.2,16.7,4.2,4.3,2052.7,211.1,6,breakfast,"[{""amount"":1,""name"":""五花肉培根"",""unit"":""""},{""amount"":300,""name"":""新土豆"",""unit"":""""},{""amount"":675,""name"":""洋葱"",""unit"":""""},{""amount"":1,""name"":""甜玉米"",""unit"":""""},{""amount"":1,""name"":""牛奶"",""unit"":""""},{""amount"":900,""name"":""黄油"",""unit"":""""},{""amount"":450,""name"":""辣椒粉"",""unit"":""""}]","[""猪肉"",""肉"",""早午餐"",""炉灶顶"",""少于4小时"",""杂烩汤""]"
510705,蜂蜜炸金枪鱼,427.9,56.2,17.8,13.6,3.6,0.1,17.5,125.5,179.2,1,breakfast,"[{""amount"":2,""name"":""金枪鱼排"",""unit"":""""},{""amount"":2,""name"":""犹太盐"",""unit"":""""},{""amount"":0.5,""name"":""鸡蛋"",""unit"":""""},{""amount"":0.5,""name"":""孜然粉"",""unit"":""""},{""amount"":1,""name"":""干欧芹碎"",""unit"":""""},{""amount"":0.25,""name"":""藏红花丝"",""unit"":""""},{""amount"":0,""name"":""蜂蜜"",""unit"":""""},{""amount"":0,""name"":""面粉"",""unit"":""""},{""amount"":0,""name"":""橄榄油"",""unit"":""""}]","[""金枪鱼"",""西班牙语"",""欧洲"",""高蛋白"",""健康"",""高含量..."",""工作日夜晚"",""早午餐"",""少于30分钟"",""简单"",""一餐即食""]"
59222,三文鱼配扁豆培根,475.3,53.4,16.1,21.3,7.1,5.2,2.9,294.6,131.8,4,breakfast,"[{""amount"":1,""name"":""小扁豆"",""unit"":""""},{""amount"":1,""name"":""洋葱"",""unit"":""""},{""amount"":1,""name"":""胡萝卜"",""unit"":""""},{""amount"":4,""name"":""水"",""unit"":""""},{""amount"":2.5,""name"":""三文鱼柳"",""unit"":""""},{""amount"":4,""name"":""培根"",""unit"":""""},{""amount"":6,""name"":""欧芹"",""unit"":""""},{""amount"":0.25,""name"":""韭菜"",""unit"":""""},{""amount"":0.25,""name"":""新鲜龙蒿"",""unit"":""""}]","[""豆类"",""早午餐"",""少于60分钟"",""烤箱"",""炉灶顶"",""简单"",""扁豆""]"
312830,烤烟熏黑线鳕,314.2,57.3,0,7.9,4,0,0,1772.9,190.1,4,breakfast,"[{""amount"":2,""name"":""热水"",""unit"":""""},{""amount"":2,""name"":""黄油"",""unit"":""""},{""amount"":0,""name"":""胡椒"",""unit"":""""}]","[""苏格兰"",""欧洲"",""极低碳水化合物"",""高蛋白"",""健康"",""不含..."",""高含量..."",""咸味"",""早午餐"",""少于30分钟"",""简单"",""早餐""]"
81354,早餐饼干配慢炖牛排,393.1,55.5,17.9,9.3,3.2,0.6,0.1,509.6,129.3,1,breakfast,"[{""amount"":2,""name"":""面粉"",""unit"":""""},{""amount"":0.75,""name"":""橄榄油"",""unit"":""""}]","[""牛排"",""肉"",""健康"",""早餐""]"
455838,鸡肉焖锅,762.9,60.6,6.8,53.1,15.2,1.3,1.6,1571.5,243.8,1,breakfast,"[{""amount"":1,""name"":""整鸡"",""unit"":""""},{""amount"":1,""name"":""水"",""unit"":""""},{""amount"":0.3333333333333333,""name"":""醋"",""unit"":""""},{""amount"":0.3333333333333333,""name"":""酱油"",""unit"":""""},{""amount"":1,""name"":""洋葱"",""unit"":""""},{""amount"":3,""name"":""月桂叶"",""unit"":""""},{""amount"":1,""name"":""黑胡椒"",""unit"":""""},{""amount"":1,""name"":""大蒜粉"",""unit"":""""}]","[""肉"",""极低碳水化合物"",""工作日夜晚"",""早午餐"",""少于60分钟"",""简单"",""自制"",""禽肉""]"
119996,低碳西冷牛排配芝士虾酱,776.7,61.6,5.6,55.2,21.7,1.1,2.5,598.5,259.9,4,breakfast,"[{""amount"":1.5,""name"":""盐"",""unit"":""""},{""amount"":0.5,""name"":""黑胡椒粉"",""unit"":""""},{""amount"":0.25,""name"":""大蒜粉"",""unit"":""""},{""amount"":0.25,""name"":""橄榄油"",""unit"":""""},{""amount"":2,""name"":""西葫芦"",""unit"":""""},{""amount"":1,""name"":""洋葱"",""unit"":""""},{""amount"":0.5,""name"":""番茄"",""unit"":""""},{""amount"":0.5,""name"":""生虾"",""unit"":""""},{""amount"":6,""name"":""鸡汤"",""unit"":""""},{""amount"":3,""name"":""重奶油"",""unit"":""""},{""amount"":3,""name"":""蒙特利杰克奶酪"",""unit"":""""},{""amount"":2,""name"":""蒙特利杰克胡椒奶酪"",""unit"":""""}]","[""蔬菜"",""肉"",""极低碳水化合物"",""早午餐"",""少于30分钟"",""简单"",""牛排""]"
235842,裹粉烤牛肉丸,716.6,58.5,19.8,44,16.2,3.5,2.5,1357,263,1,breakfast,"[{""amount"":1.25,""name"":""瘦火鸡绞肉"",""unit"":""""},{""amount"":1,""name"":""冷冻菠菜碎"",""unit"":""""},{""amount"":10,""name"":""帕玛森奶酪"",""unit"":""""},{""amount"":0.75,""name"":""鸡蛋"",""unit"":""""},{""amount"":1,""name"":""干罗勒"",""unit"":""""},{""amount"":2.25,""name"":""干欧芹"",""unit"":""""},{""amount"":2.25,""name"":""大蒜粉"",""unit"":""""},{""amount"":1.5,""name"":""犹太盐"",""unit"":""""},{""amount"":1.5,""name"":""红辣椒碎"",""unit"":""""}]","[""禽肉"",""肉"",""欧洲"",""高蛋白"",""高含量..."",""早午餐"",""少于60分钟"",""简单"",""猪肉""]"
369445,煎玉米面糊鱼,642,57.2,28.6,32.3,5.1,1.7,3.4,506.1,175.4,4,breakfast,"[{""amount"":2,""name"":""通用面粉"",""unit"":""""},{""amount"":0.5,""name"":""牛奶"",""unit"":""""},{""amount"":0.5,""name"":""鸡蛋"",""unit"":""""},{""amount"":1,""name"":""白糖"",""unit"":""""},{""amount"":1,""name"":""盐"",""unit"":""""},{""amount"":0.5,""name"":""辣椒粉"",""unit"":""""},{""amount"":0.5,""name"":""辣椒粉"",""unit"":""""},{""amount"":0.25,""name"":""牛至叶"",""unit"":""""},{""amount"":0.25,""name"":""黄玉米面"",""unit"":""""}]","[""高蛋白"",""高含量..."",""早午餐"",""少于30分钟"",""简单"",""午餐/零食""]"
233292,法式炸胡瓜鱼,430.5,55.9,11.4,16.4,4.2,0.3,0.5,364.8,318.4,2,breakfast,"[{""amount"":1,""name"":""胡瓜鱼"",""unit"":""""},{""amount"":1,""name"":""鸡蛋"",""unit"":""""}]","[""高含量..."",""咸味"",""早午餐"",""少于30分钟"",""简单"",""便宜"",""高蛋白""]"
111599,皮埃尔主厨地中海风味煎蛋卷,639.3,42.7,39,37.8,16.8,23.4,6.7,1118.3,432.3,1,breakfast,"[{""amount"":2,""name"":""鸡蛋"",""unit"":""""},{""amount"":0.5,""name"":""特级初榨橄榄油"",""unit"":""""},{""amount"":0.25,""name"":""黄油"",""unit"":""""},{""amount"":0.5,""name"":""牛奶"",""unit"":""""},{""amount"":0.5,""name"":""蘑菇"",""unit"":""""},{""amount"":2,""name"":""芦笋"",""unit"":""""},{""amount"":3,""name"":""帕玛森奶酪"",""unit"":""""}]","[""午餐/零食"",""奶酪"",""蔬菜"",""希腊"",""欧洲"",""早午餐"",""少于30分钟"",""简单"",""早餐""]"
105932,奶油烤鱼片,441,56.5,7.7,19.5,10.6,0.9,2.7,987.5,170.1,4,breakfast,"[{""amount"":4,""name"":""黄油"",""unit"":""""},{""amount"":2,""name"":""盐"",""unit"":""""},{""amount"":1,""name"":""塔巴斯科辣椒酱"",""unit"":""""},{""amount"":0.5,""name"":""辣椒粉"",""unit"":""""},{""amount"":1,""name"":""帕玛森奶酪"",""unit"":""""},{""amount"":0.25,""name"":""酸奶油"",""unit"":""""}]","[""罗非鱼"",""极低碳水化合物"",""高蛋白"",""高含量..."",""早午餐"",""少于60分钟"",""简单"",""午餐/零食""]"
497462,牛肉蓝纹奶酪三明治,528.6,53.6,25.7,23.9,7,5,4.3,518.5,137.2,1,breakfast,"[{""amount"":2,""name"":""罗马生菜叶"",""unit"":""""},{""amount"":1,""name"":""烤牛肉"",""unit"":""""}]","[""烤牛肉"",""绿叶蔬菜"",""蔬菜"",""肉"",""高蛋白"",""适合幼儿"",""适合儿童"",""高含量..."",""工作日夜晚"",""早午餐"",""少于15分钟"",""简单"",""便宜"",""午餐/零食""]"
412682,饼干土豆鸡蛋炒盅,735.7,58.8,35.5,39,18.3,3.3,8.7,1185.8,923.1,2,breakfast,"[{""amount"":0.75,""name"":""Bisquick低脂烘焙混合粉"",""unit"":""""},{""amount"":0.25,""name"":""1%低脂牛奶"",""unit"":""""},{""amount"":4,""name"":""鸡蛋"",""unit"":""""},{""amount"":0.5,""name"":""部分脱脂马苏里拉奶酪"",""unit"":""""},{""amount"":1,""name"":""土豆"",""unit"":""""},{""amount"":1,""name"":""盐"",""unit"":""""},{""amount"":1,""name"":""黑胡椒"",""unit"":""""},{""amount"":2,""name"":""1%低脂牛奶"",""unit"":""""}]","[""早餐"",""工作日夜晚"",""早午餐"",""少于15分钟"",""便宜"",""面包""]"
206168,荞麦可丽饼配鸭肉苹果馅及查特酒酸奶油,962.9,59.8,41.2,63.2,24.8,5.9,6.6,447.5,390.3,4,breakfast,"[{""amount"":0.6666666666666666,""name"":""重奶油"",""unit"":""""},{""amount"":1,""name"":""低脂发酵酪乳"",""unit"":""""},{""amount"":1,""name"":""鸡蛋"",""unit"":""""},{""amount"":0.5,""name"":""水"",""unit"":""""},{""amount"":1.5,""name"":""牛奶"",""unit"":""""},{""amount"":3,""name"":""黄油"",""unit"":""""},{""amount"":0.5,""name"":""荞麦面粉"",""unit"":""""},{""amount"":0.5,""name"":""中筋面粉"",""unit"":""""},{""amount"":3,""name"":""鸭胸肉"",""unit"":""""},{""amount"":0.25,""name"":""盐"",""unit"":""""},{""amount"":1,""name"":""水"",""unit"":""""},{""amount"":1,""name"":""黄油"",""unit"":""""},{""amount"":1,""name"":""青苹果"",""unit"":""""},{""amount"":1,""name"":""无盐去壳开心果"",""unit"":""""}]","[""鸭肉"",""禽肉"",""苹果"",""水果"",""肉"",""早午餐"",""鸭胸肉""]"
134578,糖醋牛肉大锅菜！,494.1,55.7,43,10.2,3.7,1,32.7,825.6,145.2,1,breakfast,"[{""amount"":8,""name"":""牛肉"",""unit"":""-10""},{""amount"":1,""name"":""面粉"",""unit"":""""},{""amount"":5,""name"":""水"",""unit"":""""},{""amount"":3.5,""name"":""番茄酱"",""unit"":""""},{""amount"":1.25,""name"":""红糖"",""unit"":""""},{""amount"":1.25,""name"":""红酒醋"",""unit"":""""},{""amount"":5,""name"":""伍斯特酱"",""unit"":""""},{""amount"":5,""name"":""洋葱"",""unit"":""""},{""amount"":2,""name"":""大蒜"",""unit"":""-3""},{""amount"":0,""name"":""调味盐"",""unit"":""""},{""amount"":0,""name"":""胡椒"",""unit"":""""}]","[""健康"",""咸味"",""早午餐"",""供多人食用"",""炉灶顶"",""少于4小时"",""简单"",""肉""]"
354602,薄荷三文鱼西兰花意式蛋饼,503.5,51.1,31.3,19.5,4.5,6.9,4.2,305.7,505.7,4,breakfast,"[{""amount"":1,""name"":""新土豆"",""unit"":""""},{""amount"":1,""name"":""西兰花"",""unit"":""""},{""amount"":2,""name"":""三文鱼柳"",""unit"":""""},{""amount"":1,""name"":""橄榄油"",""unit"":""""},{""amount"":1,""name"":""薄荷"",""unit"":""""},{""amount"":8,""name"":""鸡蛋"",""unit"":""""}]","[""午餐/零食"",""蔬菜"",""欧洲"",""适合儿童"",""咸味"",""少于30分钟"",""简单"",""便宜"",""早餐""]"
371305,自制浓稠香草酸奶,641.1,57.4,82.6,4.8,3.1,0,27.9,850.7,36.6,1,breakfast,"[{""amount"":4,""name"":""脱脂牛奶"",""unit"":""""},{""amount"":0.375,""name"":""香草精"",""unit"":""""},{""amount"":2,""name"":""原味酸奶"",""unit"":""""}]","[""甜点"",""甜味"",""简单"",""早餐""]"
228095,鸡肉西兰花罗马诺夫,712,54,56.4,30.6,10.6,7,8.1,1305.5,153.8,1,breakfast,"[{""amount"":3,""name"":""新鲜西兰花"",""unit"":""""},{""amount"":1,""name"":""去核黑橄榄"",""unit"":""""},{""amount"":1,""name"":""脱脂酸奶油"",""unit"":""""},{""amount"":1,""name"":""脱脂白软干酪"",""unit"":""""},{""amount"":1,""name"":""切达干酪（陈年）"",""unit"":""""},{""amount"":1,""name"":""脱脂牛奶"",""unit"":""""},{""amount"":1,""name"":""伍斯特酱"",""unit"":""""},{""amount"":1,""name"":""大蒜粉"",""unit"":""""},{""amount"":1,""name"":""大蒜"",""unit"":""""},{""amount"":0.5,""name"":""帕玛森奶酪"",""unit"":""""}]","[""鸡肉"",""禽肉"",""肉"",""早午餐"",""少于60分钟"",""烤箱"",""一餐即食""]"
462487,龙舌兰蜜烤肋排,898.8,62.1,7.3,66.7,25,1.4,0.6,1111.3,237.6,4,breakfast,"[{""amount"":1,""name"":""牛肋排"",""unit"":""""},{""amount"":1,""name"":""黄油"",""unit"":""""},{""amount"":2,""name"":""蒜瓣"",""unit"":""""},{""amount"":1,""name"":""白醋"",""unit"":""-3""},{""amount"":1,""name"":""酱油"",""unit"":""-3""},{""amount"":2,""name"":""黑胡椒粉"",""unit"":""""},{""amount"":2,""name"":""大蒜粉"",""unit"":""""},{""amount"":2,""name"":""牛肉高汤"",""unit"":""""}]","[""肉"",""墨西哥"",""早午餐"",""少于30分钟"",""猪肉""]"
341922,蒙特祖玛派,809.3,58.6,27.6,52.5,25.6,5,14.4,1261,250.4,1,breakfast,"[{""amount"":6,""name"":""去骨鸡胸肉"",""unit"":""""},{""amount"":1,""name"":""洋葱"",""unit"":""""},{""amount"":1,""name"":""蒜瓣"",""unit"":""""},{""amount"":2,""name"":""青辣椒"",""unit"":""""},{""amount"":1,""name"":""番茄酱"",""unit"":""""},{""amount"":1,""name"":""番茄丁"",""unit"":""""},{""amount"":1,""name"":""鸡汤"",""unit"":""""},{""amount"":1,""name"":""墨西哥玉米片"",""unit"":""""},{""amount"":2,""name"":""切达奶酪"",""unit"":""""}]","[""鸡胸肉"",""鸡肉"",""禽肉"",""肉"",""适合儿童"",""家常菜聚餐"",""早午餐"",""新手厨师"",""少于4小时"",""简单"",""便宜"",""咸味馅饼""]"
313419,烤芝麻茄子蘸酱配皮塔饼角,997.4,33.6,190.8,14.9,2.2,36.4,25.1,2071.6,0,2,breakfast,"[{""amount"":3,""name"":""茄子"",""unit"":""""},{""amount"":1.5,""name"":""小葱"",""unit"":""""},{""amount"":1.3333333333333333,""name"":""蒜瓣"",""unit"":""""},{""amount"":4,""name"":""鲜姜"",""unit"":""""},{""amount"":1.5,""name"":""酱油"",""unit"":""""},{""amount"":1.5,""name"":""米醋"",""unit"":""""},{""amount"":1.5,""name"":""新鲜香菜"",""unit"":""""}]","[""蔬菜"",""泰国"",""亚洲"",""犹太洁食"",""辣味"",""早午餐"",""少于4小时"",""洋葱""]"
502601,吞拿鱼沙拉卷,733.5,55,63.2,27.9,5.4,5.1,3.3,2432,75,1,breakfast,"[{""amount"":0.25,""name"":""意大利面"",""unit"":""""},{""amount"":1,""name"":""酱油（无麸质）"",""unit"":""""},{""amount"":1,""name"":""葱"",""unit"":""""},{""amount"":2,""name"":""水浸金枪鱼"",""unit"":""""},{""amount"":1,""name"":""面粉玉米饼"",""unit"":""""},{""amount"":1,""name"":""菠菜"",""unit"":""""}]","[""金枪鱼"",""绿叶蔬菜"",""洋葱"",""蔬菜"",""低胆固醇"",""适合幼儿"",""适合儿童"",""工作日夜晚"",""早午餐"",""少于30分钟"",""简单"",""便宜"",""午餐/零食""]"
155228,简易烤虾,815.8,62.2,11.7,57.4,23.8,0.1,6.5,1917.4,542.1,1,breakfast,"[{""amount"":2,""name"":""大虾"",""unit"":""""},{""amount"":1,""name"":""青柠汁"",""unit"":""""},{""amount"":1,""name"":""咸黄油"",""unit"":""""}]","[""早午餐"",""少于60分钟"",""简单"",""极低碳水化合物""]"
141259,鸡肉皮卡塔,398.5,54.7,2,15.5,5.4,0.2,0.6,323.5,152.2,2,breakfast,"[{""amount"":1,""name"":""橄榄油"",""unit"":""""},{""amount"":2,""name"":""去皮鸡胸肉"",""unit"":""""},{""amount"":0.5,""name"":""干白葡萄酒"",""unit"":""""},{""amount"":0.25,""name"":""刺山柑"",""unit"":""""},{""amount"":1,""name"":""黄油"",""unit"":""""}]","[""鸡肉"",""禽肉"",""肉"",""极低碳水化合物"",""高蛋白"",""高含量..."",""早午餐"",""少于30分钟"",""简单"",""便宜"",""鸡胸肉""]"
132819,烤汉堡肉饼配意面酱,897.1,59.1,46.6,50.9,21.8,4.5,15.1,1211.5,191.3,1,breakfast,"[{""amount"":3,""name"":""碎牛肉"",""unit"":""""},{""amount"":3,""name"":""意大利番茄意面酱和帕玛森肉丸"",""unit"":""""},{""amount"":8,""name"":""面粉"",""unit"":""-10""},{""amount"":1.5,""name"":""切达奶酪"",""unit"":""""},{""amount"":0.3333333333333333,""name"":""帕玛森奶酪"",""unit"":""""}]","[""肉"",""适合儿童"",""早午餐"",""少于60分钟"",""烤箱"",""简单"",""便宜"",""奶酪""]"
71232,橙香海鲜酱鸡块,332.7,53.7,17.2,3.9,0.9,1.6,10,680.2,132.6,2,breakfast,"[{""amount"":0.25,""name"":""海鲜酱"",""unit"":""""},{""amount"":2,""name"":""米醋"",""unit"":""""},{""amount"":2,""name"":""苹果醋"",""unit"":""""},{""amount"":2,""name"":""去骨去皮鸡胸肉"",""unit"":""""}]","[""鸡肉"",""橙子"",""禽肉"",""柑橘"",""水果"",""肉"",""高蛋白"",""健康"",""高含量..."",""早午餐"",""少于30分钟"",""简单"",""午餐/零食""]"
129692,芝麻三文鱼,504.4,52.1,15.5,26.2,3.9,4.7,4.5,414.2,118.3,2,breakfast,"[{""amount"":1,""name"":""三文鱼"",""unit"":""""},{""amount"":0.5,""name"":""白芝麻"",""unit"":""""},{""amount"":2,""name"":""海鲜酱"",""unit"":""""}]","[""高蛋白"",""无蛋"",""不含..."",""高含量..."",""早午餐"",""少于60分钟"",""简单"",""便宜"",""无乳糖""]"
226988,海港屋鲜虾玉米粥,942.6,62.6,47.9,54.5,25.1,1.2,2,2267.9,366.6,6,breakfast,"[{""amount"":1.5,""name"":""粗玉米粉"",""unit"":""""},{""amount"":2,""name"":""盐"",""unit"":""""},{""amount"":2.75,""name"":""水"",""unit"":""""},{""amount"":3,""name"":""对半奶油"",""unit"":""""},{""amount"":2,""name"":""虾"",""unit"":""""},{""amount"":1,""name"":""西班牙辣香肠"",""unit"":""""},{""amount"":0.3333333333333333,""name"":""意大利香肠"",""unit"":""""},{""amount"":0.3333333333333333,""name"":""青椒"",""unit"":""""},{""amount"":0.3333333333333333,""name"":""洋葱"",""unit"":""""},{""amount"":1,""name"":""大蒜"",""unit"":""""},{""amount"":2,""name"":""黄油"",""unit"":""""},{""amount"":0.3333333333333333,""name"":""自发面粉"",""unit"":""""},{""amount"":1,""name"":""低钠鸡汤"",""unit"":""""},{""amount"":0.5,""name"":""水"",""unit"":""""},{""amount"":1,""name"":""伍斯特酱"",""unit"":""""},{""amount"":1,""name"":""马苏里拉奶酪"",""unit"":""""}]","[""猪肉"",""肉"",""早午餐"",""少于60分钟"",""早餐""]"
139189,加州风味鳟鱼早餐炒蛋,590.6,57.3,5,36.7,14.3,0.9,3,897.3,802.1,1,breakfast,"[{""amount"":0.5,""name"":""甜椒"",""unit"":""""},{""amount"":0.25,""name"":""洋葱"",""unit"":""""},{""amount"":1,""name"":""蘑菇"",""unit"":""""},{""amount"":0.25,""name"":""火腿"",""unit"":""""},{""amount"":0.3333333333333333,""name"":""培根"",""unit"":""""},{""amount"":2,""name"":""黄油"",""unit"":""-3""},{""amount"":0.5,""name"":""柠檬胡椒"",""unit"":""""},{""amount"":0.5,""name"":""鸡蛋"",""unit"":""""},{""amount"":0.5,""name"":""调味盐"",""unit"":""""},{""amount"":0.125,""name"":""蒙特利杰克奶酪"",""unit"":""""},{""amount"":6,""name"":""莎莎酱"",""unit"":""""}]","[""早餐"",""鳟鱼"",""夏季"",""露营"",""早午餐"",""少于30分钟"",""炉灶顶"",""一餐即食""]"
132660,简易菠萝第戎蒜香鸡,781.7,53.9,83.5,28.2,4.1,5.8,65.1,634,151,1,breakfast,"[{""amount"":4,""name"":""去骨去皮鸡胸肉"",""unit"":""""},{""amount"":1,""name"":""干百里香"",""unit"":""-2""},{""amount"":3,""name"":""调味盐"",""unit"":""-4""},{""amount"":1,""name"":""胡椒"",""unit"":""""},{""amount"":1,""name"":""大蒜粉"",""unit"":""""},{""amount"":0.25,""name"":""不加糖菠萝片"",""unit"":""""},{""amount"":0.25,""name"":""玉米淀粉"",""unit"":""""},{""amount"":2,""name"":""第戎芥末酱"",""unit"":""""},{""amount"":0,""name"":""蜂蜜"",""unit"":""""},{""amount"":0,""name"":""鲜蒜"",""unit"":""""}]","[""禽肉"",""热带水果"",""水果"",""肉"",""适合儿童"",""甜味"",""早午餐"",""少于60分钟"",""新手厨师"",""炉灶顶"",""简单"",""菠萝""]"
102332,穷人三明治,698.6,141,8.5,7.1,1.7,0.6,1.8,1473.8,1089,1,lunch,"[{""amount"":24,""name"":""虾"",""unit"":""""},{""amount"":12,""name"":""扇贝"",""unit"":""""},{""amount"":0.5,""name"":""新鲜迷迭香"",""unit"":""""},{""amount"":4,""name"":""柠檬汁"",""unit"":""""},{""amount"":0.25,""name"":""洋葱"",""unit"":""""},{""amount"":0,""name"":""生菜"",""unit"":""""},{""amount"":0,""name"":""番茄"",""unit"":""""}]","[""洋葱"",""蔬菜"",""辣味"",""烤/炙烤"",""少于30分钟"",""烤箱"",""午餐/零食""]"
101137,糖醋鸡,904.6,134.9,67.9,7.8,2,6.5,50,514.6,329.1,1,lunch,"[{""amount"":2.5,""name"":""去骨去皮鸡胸肉"",""unit"":""""},{""amount"":2,""name"":""红甜椒"",""unit"":""""},{""amount"":2,""name"":""青甜椒"",""unit"":""""},{""amount"":2,""name"":""洋葱"",""unit"":""""},{""amount"":1,""name"":""菠萝块"",""unit"":""""},{""amount"":0.25,""name"":""红糖"",""unit"":""""},{""amount"":0.25,""name"":""苹果醋"",""unit"":""""},{""amount"":0.25,""name"":""脱脂鸡汤"",""unit"":""""},{""amount"":0.5,""name"":""玉米淀粉"",""unit"":""""},{""amount"":4,""name"":""冷水"",""unit"":""""}]","[""鸡胸肉"",""鸡肉"",""禽肉"",""肉"",""健康"",""咸味"",""烤/炙烤"",""少于30分钟"",""烤箱"",""午餐/零食""]"
99255,RMG的罗马生菜羊乳酪金枪鱼沙拉,956.8,114.3,63.9,31.1,14.7,31.7,30.1,2303.8,216.7,1,lunch,"[{""amount"":6,""name"":""罗马番茄"",""unit"":""-7""},{""amount"":2,""name"":""长叶生菜"",""unit"":""""},{""amount"":2,""name"":""水浸长鳍金枪鱼"",""unit"":""""},{""amount"":0.5,""name"":""红洋葱"",""unit"":""""},{""amount"":0.5,""name"":""菲达奶酪"",""unit"":""""},{""amount"":0,""name"":""山核桃"",""unit"":""""},{""amount"":0,""name"":""犹太盐"",""unit"":""""},{""amount"":0,""name"":""现磨黑胡椒"",""unit"":""""},{""amount"":0,""name"":""红酒醋"",""unit"":""""},{""amount"":0,""name"":""特级初榨橄榄油"",""unit"":""""}]","[""金枪鱼"",""绿叶蔬菜"",""蔬菜"",""欧洲"",""低胆固醇"",""健康"",""少于15分钟"",""简单"",""午餐/零食""]"
359546,扁豆金枪鱼番茄沙拉（21天奇迹饮食：第8天）,881.9,76.1,133.7,5.4,1.2,63.9,10.6,665.1,38.9,2,lunch,"[{""amount"":400,""name"":""褐扁豆"",""unit"":""""},{""amount"":185,""name"":""水浸金枪鱼"",""unit"":""""},{""amount"":1,""name"":""黎巴嫩黄瓜"",""unit"":""""},{""amount"":2,""name"":""番茄"",""unit"":""""},{""amount"":2,""name"":""小葱"",""unit"":""""},{""amount"":0.3333333333333333,""name"":""平叶欧芹"",""unit"":""""},{""amount"":1,""name"":""蒜瓣"",""unit"":""""},{""amount"":2,""name"":""柠檬汁"",""unit"":""""}]","[""金枪鱼"",""蔬菜"",""澳大利亚"",""无乳糖"",""低胆固醇"",""无蛋"",""健康"",""不含..."",""夏季"",""少于15分钟"",""新手厨师"",""简单"",""午餐/零食""]"
20582,获奖德州辣椒,918.5,106.6,42.3,38,16.2,14.8,14.9,1862.6,363.2,1,lunch,"[{""amount"":1,""name"":""碎牛肉"",""unit"":""""},{""amount"":1,""name"":""洋葱"",""unit"":""""},{""amount"":2,""name"":""大蒜"",""unit"":""""},{""amount"":1,""name"":""番茄酱"",""unit"":""""},{""amount"":4,""name"":""辣椒粉"",""unit"":""""},{""amount"":32,""name"":""水"",""unit"":""""}]","[""谷物"",""水果"",""蔬菜"",""肉"",""墨西哥风味"",""美国西南部"",""极低碳水化合物"",""适合儿童"",""家常菜聚餐"",""辣味"",""少于60分钟"",""新手厨师"",""炉灶顶"",""简单"",""便宜"",""午餐/零食""]"
507211,黑椒猪里脊,757.7,107.9,6.8,25.8,10.6,1,0.9,534.5,351.9,1,lunch,"[{""amount"":2,""name"":""新鲜粗磨黑胡椒"",""unit"":""""},{""amount"":1,""name"":""白葡萄酒"",""unit"":""""},{""amount"":0.5,""name"":""鸡汤"",""unit"":""""},{""amount"":0.5,""name"":""低脂酸奶油"",""unit"":""""},{""amount"":0.5,""name"":""第戎芥末酱"",""unit"":""""}]","[""猪肉"",""肉"",""极低碳水化合物"",""高蛋白"",""适合儿童"",""高含量..."",""工作日夜晚"",""少于4小时"",""简单"",""午餐/零食""]"
90016,蒜香火鸡胸肉（慢炖锅版）,796.3,107.8,1.1,36.8,9.7,0.1,0,291.2,319.4,6,lunch,"[{""amount"":6.5,""name"":""火鸡胸肉"",""unit"":""""},{""amount"":6,""name"":""蒜瓣"",""unit"":""-8""},{""amount"":0.25,""name"":""柠檬皮"",""unit"":""""},{""amount"":2,""name"":""新鲜欧芹"",""unit"":""""},{""amount"":1.5,""name"":""柠檬胡椒调味料"",""unit"":""""},{""amount"":1,""name"":""橄榄油"",""unit"":""""}]","[""火鸡胸肉"",""禽肉"",""肉"",""简单"",""午餐/零食""]"
46955,白灼虾,579.5,103.7,7.5,12.2,2.5,1,0.7,1401.4,695.9,1,lunch,"[{""amount"":3,""name"":""月桂叶"",""unit"":""""},{""amount"":2,""name"":""白胡椒"",""unit"":""""},{""amount"":0.5,""name"":""洋葱粉"",""unit"":""""},{""amount"":0.5,""name"":""大蒜粉"",""unit"":""""},{""amount"":0.5,""name"":""芥末粉"",""unit"":""""},{""amount"":0.5,""name"":""辣椒粉"",""unit"":""""},{""amount"":0.5,""name"":""黑胡椒"",""unit"":""""},{""amount"":0.5,""name"":""干百里香"",""unit"":""""},{""amount"":0.25,""name"":""干罗勒"",""unit"":""""},{""amount"":0.25,""name"":""中虾"",""unit"":""""}]","[""少于30分钟"",""午餐/零食""]"
32200,阿姆利则炸鱼,617.8,96.3,32.6,8.9,2,6.1,7.1,362.5,254.4,1,lunch,"[{""amount"":8,""name"":""鹰嘴豆粉"",""unit"":""""},{""amount"":200,""name"":""蒜泥"",""unit"":""""},{""amount"":1,""name"":""姜泥"",""unit"":""""},{""amount"":1,""name"":""阿育魏实"",""unit"":""""},{""amount"":1,""name"":""红辣椒粉"",""unit"":""""},{""amount"":1,""name"":""柠檬汁"",""unit"":""""},{""amount"":1,""name"":""鸡蛋"",""unit"":""""},{""amount"":1,""name"":""酸奶"",""unit"":""""},{""amount"":110,""name"":""盐"",""unit"":""""},{""amount"":0,""name"":""恰玛萨拉香料"",""unit"":""""}]","[""亚洲"",""印度"",""少于60分钟"",""午餐/零食""]"
28734,椰香鸡肉沙爹,880.2,105.6,8.5,46.5,23.7,1.5,2.2,620.8,302.1,4,lunch,"[{""amount"":30,""name"":""洋葱"",""unit"":""""},{""amount"":1,""name"":""大蒜"",""unit"":""""},{""amount"":2,""name"":""姜"",""unit"":""""},{""amount"":2.5,""name"":""去皮鸡胸肉"",""unit"":""""},{""amount"":8,""name"":""颗粒花生酱"",""unit"":""""},{""amount"":45,""name"":""椰奶"",""unit"":""""},{""amount"":15,""name"":""新鲜青柠叶"",""unit"":""""}]","[""一餐即食"",""午餐/零食"",""鸡肉"",""禽肉"",""椰子"",""水果"",""坚果"",""肉"",""家常菜聚餐"",""辣味"",""少于60分钟"",""炉灶顶"",""炒"",""简单"",""咖喱""]"
307114,卡罗莱纳风味猪排,613.1,100.2,8.8,17.1,5,0.8,5.3,698.6,313,4,lunch,"[{""amount"":1,""name"":""大蒜粉"",""unit"":""""},{""amount"":1,""name"":""洋葱粉"",""unit"":""""},{""amount"":1,""name"":""白糖"",""unit"":""""},{""amount"":1,""name"":""辣椒粉"",""unit"":""""},{""amount"":1,""name"":""辣椒粉"",""unit"":""""},{""amount"":1,""name"":""黑胡椒"",""unit"":""""},{""amount"":0.5,""name"":""盐"",""unit"":""""},{""amount"":4,""name"":""烧烤酱"",""unit"":""""}]","[""极低碳水化合物"",""高蛋白"",""健康"",""高含量..."",""少于30分钟"",""简单"",""午餐/零食""]"
73139,乔氏最爱麋鹿香肠,904.8,102.9,1.3,51.4,19.6,0.5,0.1,353.8,325.1,1,lunch,"[{""amount"":2.5,""name"":""山核桃烟熏盐"",""unit"":""""},{""amount"":1,""name"":""新鲜粗磨黑胡椒"",""unit"":""""},{""amount"":5,""name"":""芥菜籽"",""unit"":""""},{""amount"":2.5,""name"":""猪肉末"",""unit"":""""}]","[""麋鹿"",""猪肉"",""野味"",""肉"",""美国西南部"",""加拿大"",""冬季"",""感恩节"",""工作日夜晚"",""烤箱"",""午餐/零食""]"
423521,洛莫萨尔塔多（素食版）,980.3,96.4,126,10.2,1.1,6.5,6.7,696.2,0,4,lunch,"[{""amount"":2,""name"":""大米"",""unit"":""""},{""amount"":1,""name"":""育空黄金土豆"",""unit"":""""},{""amount"":2,""name"":""菜籽油"",""unit"":""""},{""amount"":1,""name"":""红洋葱"",""unit"":""""},{""amount"":1,""name"":""面筋"",""unit"":""""},{""amount"":1.5,""name"":""波特贝拉蘑菇"",""unit"":""""},{""amount"":4,""name"":""番茄"",""unit"":""""},{""amount"":1,""name"":""欧芹"",""unit"":""""},{""amount"":1,""name"":""香菜"",""unit"":""""},{""amount"":1,""name"":""酱油"",""unit"":""""},{""amount"":2,""name"":""辣椒粉"",""unit"":""""},{""amount"":0.5,""name"":""孜然粉"",""unit"":""""},{""amount"":0.25,""name"":""盐"",""unit"":""""},{""amount"":0.25,""name"":""黑胡椒"",""unit"":""""},{""amount"":0.25,""name"":""皮斯科酒"",""unit"":""""},{""amount"":2,""name"":""青柠汁"",""unit"":""""}]","[""午餐/零食"",""土豆"",""洋葱"",""蔬菜"",""中文"",""秘鲁"",""亚洲"",""南美洲"",""无乳糖"",""纯素"",""无蛋"",""不含..."",""咸味"",""工作日夜晚"",""少于60分钟"",""炉灶顶"",""便宜"",""一餐即食""]"
13503,火鸡摩尔炖菜,954.2,99.8,16,53.4,14.7,4,7.7,872.1,314.2,8,lunch,"[{""amount"":8,""name"":""火鸡"",""unit"":""-10""},{""amount"":2,""name"":""洋葱"",""unit"":""""},{""amount"":3,""name"":""番茄"",""unit"":""""},{""amount"":0.5,""name"":""芫荽粉"",""unit"":""""},{""amount"":0.5,""name"":""辣椒粉"",""unit"":""""},{""amount"":1,""name"":""大蒜"",""unit"":""""},{""amount"":2,""name"":""肉桂粉"",""unit"":""""},{""amount"":0.5,""name"":""丁香粉"",""unit"":""""},{""amount"":0.5,""name"":""盐"",""unit"":""""},{""amount"":0.75,""name"":""黑胡椒"",""unit"":""""},{""amount"":0.5,""name"":""鸡汤"",""unit"":""""},{""amount"":0.25,""name"":""鸡脂肪"",""unit"":""""},{""amount"":2,""name"":""鸡汤"",""unit"":""""},{""amount"":4,""name"":""白芝麻"",""unit"":""""}]","[""午餐/零食"",""禽肉"",""肉"",""墨西哥"",""极低碳水化合物"",""犹太洁食"",""不含..."",""家常菜聚餐"",""冬季"",""光明节"",""感恩节"",""工作日夜晚"",""烤箱"",""少于4小时"",""炖""]"
325366,西区风味意大利牛肉三明治,771.8,98.5,3.8,37.7,14.9,1.3,0.5,1155.9,308.6,1,lunch,"[{""amount"":4,""name"":""牛眼肉芯烤"",""unit"":""""},{""amount"":2,""name"":""大蒜"",""unit"":""""},{""amount"":2,""name"":""干牛至"",""unit"":""""},{""amount"":2,""name"":""干罗勒"",""unit"":""""},{""amount"":1,""name"":""干红辣椒碎"",""unit"":""""},{""amount"":1,""name"":""盐"",""unit"":""""},{""amount"":1,""name"":""黑胡椒粉"",""unit"":""""},{""amount"":2,""name"":""水"",""unit"":""""},{""amount"":2,""name"":""高汤块"",""unit"":""""},{""amount"":2,""name"":""月桂叶"",""unit"":""""},{""amount"":3,""name"":""橄榄油"",""unit"":""""},{""amount"":0,""name"":""青甜椒"",""unit"":""""}]","[""极低碳水化合物"",""少于30分钟"",""午餐/零食""]"
439303,鸡肉苏夫拉基皮塔饼,695.2,92.3,45.6,15.7,8.2,6.4,5.8,1152.2,237.4,1,lunch,"[{""amount"":12,""name"":""去骨去皮鸡胸肉"",""unit"":""""},{""amount"":1,""name"":""菲达奶酪"",""unit"":""""},{""amount"":1.5,""name"":""切达奶酪"",""unit"":""""},{""amount"":0.25,""name"":""番茄"",""unit"":""""},{""amount"":2,""name"":""红洋葱"",""unit"":""""},{""amount"":0.25,""name"":""黄瓜"",""unit"":""""},{""amount"":1,""name"":""柠檬角"",""unit"":""""},{""amount"":0.5,""name"":""伍斯特酱"",""unit"":""""},{""amount"":0.5,""name"":""蒜瓣"",""unit"":""""},{""amount"":0.25,""name"":""橄榄油"",""unit"":""""}]","[""高蛋白"",""健康"",""高含量..."",""少于60分钟"",""午餐/零食""]"
469765,自制德式香肠,804.6,98.9,3.6,41,15.6,0.8,0.2,2332.3,317.4,1,lunch,"[{""amount"":2.5,""name"":""猪肉"",""unit"":""""},{""amount"":1.5,""name"":""瘦牛肉"",""unit"":""""},{""amount"":4,""name"":""盐"",""unit"":""-5""},{""amount"":1,""name"":""洋葱粉"",""unit"":""""},{""amount"":1,""name"":""大蒜粉"",""unit"":""""},{""amount"":2,""name"":""白胡椒"",""unit"":""""},{""amount"":2,""name"":""墨角兰"",""unit"":""""},{""amount"":2,""name"":""欧芹"",""unit"":""""},{""amount"":1,""name"":""肉豆蔻"",""unit"":""""},{""amount"":1,""name"":""芹菜籽"",""unit"":""""},{""amount"":0.5,""name"":""姜粉"",""unit"":""""},{""amount"":0.5,""name"":""肉豆蔻衣粉"",""unit"":""""},{""amount"":0.5,""name"":""豆蔻"",""unit"":""""},{""amount"":4,""name"":""啤酒"",""unit"":""""},{""amount"":4,""name"":""水"",""unit"":""""}]","[""小牛肉"",""猪肉"",""肉"",""德语"",""欧洲"",""少于4小时"",""自制"",""午餐/零食""]"
63810,鸡肉或火鸡胸肉午餐肉,792.3,97.1,0.2,42,12.1,0,0.2,322.5,290.6,1,lunch,"[{""amount"":3,""name"":""鸡胸肉"",""unit"":""""},{""amount"":2,""name"":""火鸡胸肉"",""unit"":""""},{""amount"":0,""name"":""盐"",""unit"":""""},{""amount"":0,""name"":""白胡椒"",""unit"":""""}]","[""鸡胸肉"",""鸡肉"",""禽肉"",""肉"",""极低碳水化合物"",""高蛋白"",""高含量..."",""少于60分钟"",""烤箱"",""午餐/零食""]"
510385,地中海金枪鱼沙拉,686.5,94.7,2.2,30.4,4.8,0.5,1.3,1579.4,110.4,1,lunch,"[{""amount"":2,""name"":""橄榄油浸金枪鱼"",""unit"":""""},{""amount"":4,""name"":""青橄榄"",""unit"":""""},{""amount"":1,""name"":""红洋葱"",""unit"":""""}]","[""极低碳水化合物"",""高蛋白"",""高含量..."",""少于15分钟"",""简单"",""午餐/零食""]"
292994,丑丑博卡砂锅,844.1,72.5,99.5,21.2,3.7,31.2,4.3,1935.9,5.9,1,lunch,"[{""amount"":1,""name"":""百里香"",""unit"":""""},{""amount"":3,""name"":""调味盐"",""unit"":""""},{""amount"":2,""name"":""低脂切达奶酪"",""unit"":""""}]","[""午餐/零食"",""奶酪"",""大豆/豆腐"",""豆类"",""蔬菜"",""低胆固醇"",""健康"",""适合儿童"",""微波"",""少于15分钟"",""新手厨师"",""炉灶顶"",""简单"",""便宜"",""一餐即食""]"
439192,烤馅土豆,669.1,84.5,41.9,19.8,10.8,12.3,4.3,667.5,192.7,4,lunch,"[{""amount"":4,""name"":""烤土豆"",""unit"":""""},{""amount"":40,""name"":""冷冻菠菜"",""unit"":""""},{""amount"":36,""name"":""去骨去皮鸡胸肉"",""unit"":""""},{""amount"":4,""name"":""葱"",""unit"":""""},{""amount"":6,""name"":""切达奶酪"",""unit"":""""},{""amount"":0,""name"":""盐"",""unit"":""""},{""amount"":0,""name"":""胡椒"",""unit"":""""},{""amount"":0,""name"":""脱脂原味酸奶"",""unit"":""""}]","[""鸡肉"",""土豆"",""禽肉"",""蔬菜"",""肉"",""健康"",""少于4小时"",""午餐/零食""]"
79052,安息吧格罗弗烧烤虾,855.5,94.5,14.4,45.8,18.4,2.5,1.4,1104,754.4,1,lunch,"[{""amount"":8,""name"":""大虾"",""unit"":""""},{""amount"":0.5,""name"":""黄油"",""unit"":""""},{""amount"":0.5,""name"":""橄榄油"",""unit"":""""},{""amount"":1,""name"":""辣椒酱"",""unit"":""""},{""amount"":3,""name"":""伍斯特酱"",""unit"":""""},{""amount"":3,""name"":""柠檬汁"",""unit"":""""},{""amount"":2,""name"":""柠檬"",""unit"":""""},{""amount"":4,""name"":""大蒜"",""unit"":""""},{""amount"":1,""name"":""新鲜欧芹"",""unit"":""""},{""amount"":2,""name"":""辣椒粉"",""unit"":""""},{""amount"":2,""name"":""牛至"",""unit"":""""},{""amount"":1,""name"":""辣椒粉"",""unit"":""""},{""amount"":1,""name"":""塔巴斯科辣椒酱"",""unit"":""""}]","[""极低碳水化合物"",""高蛋白"",""高含量..."",""辣味"",""咸味"",""简单"",""午餐/零食""]"
337155,杰西卡招牌金枪鱼饼,917.5,90.4,39.7,42.8,9.1,6.3,12,1804.4,211.1,1,lunch,"[{""amount"":3,""name"":""水浸金枪鱼"",""unit"":""""},{""amount"":1.5,""name"":""燕麦片"",""unit"":""""},{""amount"":14.5,""name"":""胡萝卜"",""unit"":""""},{""amount"":0.5,""name"":""鸡蛋"",""unit"":""""},{""amount"":1,""name"":""牛奶"",""unit"":""""},{""amount"":3,""name"":""切达奶酪"",""unit"":""""},{""amount"":2,""name"":""菜籽油"",""unit"":""""},{""amount"":0.5,""name"":""盐"",""unit"":""""},{""amount"":0.25,""name"":""胡椒"",""unit"":""""},{""amount"":0,""name"":""柠檬胡椒"",""unit"":""""}]","[""高蛋白"",""适合幼儿"",""适合儿童"",""高含量..."",""少于30分钟"",""新手厨师"",""简单"",""便宜"",""午餐/零食""]"
319489,约翰海鲜沙拉,604.5,88.6,22.7,16.1,2.5,3.1,6.2,1813.9,487,1,lunch,"[{""amount"":2,""name"":""金枪鱼排"",""unit"":""""},{""amount"":2,""name"":""虾"",""unit"":""""},{""amount"":2,""name"":""豌豆"",""unit"":""""},{""amount"":1,""name"":""番茄"",""unit"":""""},{""amount"":1,""name"":""洋葱"",""unit"":""""},{""amount"":0.5,""name"":""芹菜"",""unit"":""""},{""amount"":2,""name"":""蛋黄酱"",""unit"":""""},{""amount"":0.25,""name"":""芥末"",""unit"":""""},{""amount"":0.5,""name"":""奶酪"",""unit"":""- 1""},{""amount"":3,""name"":""柠檬汁"",""unit"":""""},{""amount"":0.5,""name"":""梨"",""unit"":""""},{""amount"":1,""name"":""盐"",""unit"":""""},{""amount"":0.5,""name"":""胡椒"",""unit"":""""},{""amount"":1,""name"":""长叶生菜"",""unit"":""""}]","[""水果"",""蔬菜"",""夏威夷"",""无蛋"",""不含..."",""冷藏"",""少于4小时"",""沙拉酱""]"
74166,龙虾卷,538.4,89.8,25.7,6,1.3,1.7,3.9,1585.3,431.3,4,lunch,"[{""amount"":4,""name"":""龙虾"",""unit"":""""},{""amount"":4,""name"":""洋葱"",""unit"":""""},{""amount"":4,""name"":""芹菜"",""unit"":""""},{""amount"":4,""name"":""低脂蛋黄酱"",""unit"":""""}]","[""龙虾"",""少于30分钟"",""冷藏"",""炉灶顶"",""简单"",""午餐/零食""]"
9801,萨拉米香肠,870.5,94,1,51.8,19.7,0.2,0.1,305.5,304.4,1,lunch,"[{""amount"":2,""name"":""大蒜粉"",""unit"":""""},{""amount"":0.5,""name"":""洋葱粉"",""unit"":""""},{""amount"":0.5,""name"":""烟熏液"",""unit"":""""},{""amount"":1.5,""name"":""水"",""unit"":""""},{""amount"":1,""name"":""汉堡"",""unit"":""""}]","[""肉"",""工作日夜晚"",""午餐/零食""]"
3485,意大利牛肉三明治II,913.6,94.5,2.9,55.4,21.8,0.4,1.4,720.1,340.4,1,lunch,"[{""amount"":1,""name"":""牛臀肉烤块"",""unit"":""""},{""amount"":2,""name"":""水"",""unit"":""-3""},{""amount"":2,""name"":""牛肉高汤块"",""unit"":""-3""},{""amount"":1,""name"":""墨角兰"",""unit"":""""},{""amount"":1,""name"":""百里香"",""unit"":""""},{""amount"":1,""name"":""牛至"",""unit"":""""},{""amount"":4,""name"":""塔巴斯科辣椒酱"",""unit"":""""},{""amount"":2,""name"":""伍斯特酱"",""unit"":""""},{""amount"":1,""name"":""蒜瓣"",""unit"":""""},{""amount"":0.5,""name"":""青椒"",""unit"":""""}]","[""肉"",""欧洲"",""极低碳水化合物"",""高蛋白"",""高含量..."",""少于4小时"",""午餐/零食""]"
23043,姜汁庞祖酱香煎整条鲶鱼,799.4,90.6,7.1,43.2,10,1.6,0.9,1445.6,266.3,4,lunch,"[{""amount"":2,""name"":""鲜姜"",""unit"":""""},{""amount"":12,""name"":""柠檬"",""unit"":""""},{""amount"":1,""name"":""酱油"",""unit"":""""},{""amount"":0.25,""name"":""味醂"",""unit"":""""},{""amount"":6,""name"":""柠檬汁"",""unit"":""""},{""amount"":2,""name"":""米醋"",""unit"":""""},{""amount"":0.25,""name"":""蘑菇"",""unit"":""""},{""amount"":0,""name"":""绿叶菜"",""unit"":""""}]","[""鲶鱼"",""极低碳水化合物"",""少于15分钟"",""炉灶顶"",""简单"",""午餐/零食""]"
74279,裹粉烤鸡,960,94.4,9.3,58,20.2,0.5,0.1,817.2,330.1,8,lunch,"[{""amount"":0.5,""name"":""黄油"",""unit"":""""},{""amount"":0.75,""name"":""人造黄油"",""unit"":""""},{""amount"":1.5,""name"":""面粉"",""unit"":""""},{""amount"":2,""name"":""盐"",""unit"":""""},{""amount"":0.25,""name"":""辣椒粉"",""unit"":""""},{""amount"":2,""name"":""胡椒"",""unit"":""""},{""amount"":0,""name"":""炸鸡用鸡"",""unit"":""""}]","[""整鸡"",""鸡肉"",""禽肉"",""肉"",""家常菜聚餐"",""少于60分钟"",""烤箱"",""午餐/零食""]"
275060,缅因龙虾卷,748.5,90.1,31.2,27.4,10,1,4.6,1820.3,469.5,2,lunch,"[{""amount"":1,""name"":""龙虾"",""unit"":""""},{""amount"":0.5,""name"":""黄瓜"",""unit"":""""},{""amount"":0.25,""name"":""芹菜"",""unit"":""""},{""amount"":0.5,""name"":""蛋黄酱"",""unit"":""""},{""amount"":2,""name"":""新鲜龙蒿"",""unit"":""""},{""amount"":1,""name"":""葱"",""unit"":""""},{""amount"":2,""name"":""犹太盐"",""unit"":""""},{""amount"":2,""name"":""海盐"",""unit"":""-3""},{""amount"":0,""name"":""新鲜研磨黑胡椒"",""unit"":""""},{""amount"":0,""name"":""无盐黄油"",""unit"":""""}]","[""龙虾"",""少于60分钟"",""简单"",""午餐/零食""]"
349537,比利简易牛肉干,914.8,91.7,30.2,45.8,18.5,1,24.2,1571.5,294.8,1,lunch,"[{""amount"":1,""name"":""瘦牛肉末"",""unit"":""""},{""amount"":0.25,""name"":""盐"",""unit"":""""},{""amount"":1,""name"":""好的，请提供需要翻译的食材名称。"",""unit"":""""},{""amount"":1,""name"":""调味盐"",""unit"":""""},{""amount"":0.125,""name"":""大蒜粉"",""unit"":""""},{""amount"":0.25,""name"":""辣椒粉"",""unit"":""""},{""amount"":0.25,""name"":""黑胡椒"",""unit"":""""},{""amount"":1,""name"":""红糖"",""unit"":""""},{""amount"":0.5,""name"":""三氯蔗糖代糖"",""unit"":""""},{""amount"":0.5,""name"":""洋葱粉"",""unit"":""""},{""amount"":0.5,""name"":""辣椒粉"",""unit"":""""},{""amount"":3,""name"":""番茄酱"",""unit"":""""},{""amount"":1,""name"":""伍斯特酱"",""unit"":""""},{""amount"":0.125,""name"":""烟熏液"",""unit"":""""}]","[""肉"",""简单"",""午餐/零食""]"
133938,咖喱鸡肉芒果卷,611.1,84,41.5,10.1,2.3,3.5,10,877.3,197.5,4,lunch,"[{""amount"":3,""name"":""去骨去皮鸡胸肉半块"",""unit"":""-4""},{""amount"":1,""name"":""菜籽油"",""unit"":""""},{""amount"":1,""name"":""红洋葱"",""unit"":""""},{""amount"":1,""name"":""咖喱粉"",""unit"":""""},{""amount"":0.5,""name"":""芫荽粉"",""unit"":""""},{""amount"":0.5,""name"":""盐"",""unit"":""""},{""amount"":0.25,""name"":""黑胡椒粉"",""unit"":""""},{""amount"":1,""name"":""芒果"",""unit"":""""},{""amount"":2,""name"":""面粉玉米饼"",""unit"":""""},{""amount"":0.5,""name"":""长叶生菜"",""unit"":""""}]","[""鸡肉"",""芒果"",""禽肉"",""热带水果"",""水果"",""肉"",""高蛋白"",""健康"",""高含量..."",""少于30分钟"",""午餐/零食""]"
258176,香辣金枪鱼三明治,753.6,87.7,31,28.6,8.6,1.4,3.2,838.7,146.6,1,lunch,"[{""amount"":2,""name"":""美式奶酪"",""unit"":""""},{""amount"":1,""name"":""金枪鱼"",""unit"":""""},{""amount"":1,""name"":""蛋黄酱"",""unit"":""""},{""amount"":1,""name"":""奇迹蛋黄酱"",""unit"":""""},{""amount"":1,""name"":""黄芥末"",""unit"":""""},{""amount"":0,""name"":""碎红辣椒片"",""unit"":""""},{""amount"":0,""name"":""大蒜粉"",""unit"":""""}]","[""金枪鱼"",""高蛋白"",""高含量..."",""少于15分钟"",""简单"",""午餐/零食""]"
167464,威斯康星金枪鱼蛋糕配柠檬莳萝酱,537,86.1,18.1,11.2,5.3,1.4,3.4,1582.5,157.3,4,lunch,"[{""amount"":1,""name"":""星奇金枪鱼"",""unit"":""""},{""amount"":0.75,""name"":""葱"",""unit"":""""},{""amount"":0.25,""name"":""甜椒"",""unit"":""""},{""amount"":2,""name"":""鸡蛋"",""unit"":""""},{""amount"":1,""name"":""脱脂牛奶"",""unit"":""""},{""amount"":0.5,""name"":""柠檬皮"",""unit"":""""},{""amount"":0.5,""name"":""黄油"",""unit"":""""},{""amount"":2,""name"":""人造黄油"",""unit"":""""},{""amount"":0.25,""name"":""鸡汤"",""unit"":""""},{""amount"":1,""name"":""柠檬汁"",""unit"":""""},{""amount"":0.25,""name"":""莳萝叶"",""unit"":""""},{""amount"":0,""name"":""西葫芦"",""unit"":""""},{""amount"":0,""name"":""胡萝卜"",""unit"":""""},{""amount"":0,""name"":""柠檬片"",""unit"":""""}]","[""金枪鱼"",""高蛋白"",""健康"",""高含量..."",""少于60分钟"",""午餐/零食""]"
116398,茄子鸡肉冻,975.9,71.5,52.8,57.9,13.3,25.7,17.2,602.3,356.8,2,lunch,"[{""amount"":2,""name"":""橄榄油"",""unit"":""-3""},{""amount"":1,""name"":""芫荽粉"",""unit"":""""},{""amount"":2,""name"":""茄子"",""unit"":""""},{""amount"":1,""name"":""鸡胸肉"",""unit"":""""},{""amount"":2,""name"":""蒜瓣"",""unit"":""""},{""amount"":10,""name"":""冷冻菠菜"",""unit"":""""},{""amount"":2,""name"":""韭菜"",""unit"":""""},{""amount"":0.5,""name"":""腰果"",""unit"":""""},{""amount"":0.5,""name"":""新鲜罗勒叶"",""unit"":""""},{""amount"":2,""name"":""油浸番茄干"",""unit"":""-3""},{""amount"":2,""name"":""鸡蛋"",""unit"":""""},{""amount"":0,""name"":""肉豆蔻"",""unit"":""""},{""amount"":0,""name"":""酸奶油"",""unit"":""""}]","[""鸡肉"",""禽肉"",""肉"",""欧洲"",""无乳糖"",""不含..."",""少于4小时"",""午餐/零食""]"
67826,柠檬蒸鱼,415.3,83.9,12.3,3.4,0.7,4,1.9,326.5,198,2,lunch,"[{""amount"":4,""name"":""鲜榨柠檬汁"",""unit"":""""},{""amount"":3,""name"":""姜"",""unit"":""""},{""amount"":1,""name"":""蒜瓣"",""unit"":""""},{""amount"":4,""name"":""小葱"",""unit"":""""},{""amount"":2,""name"":""芹菜"",""unit"":""""},{""amount"":1,""name"":""柠檬"",""unit"":""""},{""amount"":1,""name"":""黑胡椒粒"",""unit"":""""},{""amount"":10,""name"":""月桂叶"",""unit"":""-12""},{""amount"":2,""name"":""盐"",""unit"":""""}]","[""亚洲"",""印度"",""工作日夜晚"",""蒸汽"",""炉灶顶"",""少于4小时"",""便宜"",""午餐/零食""]"
439193,烤鸡卷饼,684.7,85.9,32.8,21.6,8.3,1.7,4.7,1052.2,247.9,4,lunch,"[{""amount"":48,""name"":""去骨去皮鸡胸肉"",""unit"":""""},{""amount"":2,""name"":""番茄"",""unit"":""""},{""amount"":8,""name"":""香菜"",""unit"":""""},{""amount"":8,""name"":""红洋葱"",""unit"":""""},{""amount"":2,""name"":""生菜"",""unit"":""""},{""amount"":4,""name"":""切达奶酪"",""unit"":""""},{""amount"":4,""name"":""脱脂原味酸奶"",""unit"":""""},{""amount"":4,""name"":""全麦玉米饼"",""unit"":""""}]","[""高蛋白"",""健康"",""高含量..."",""少于60分钟"",""午餐/零食""]"
69006,番茄蒜香贻贝,827.6,84.7,46.8,22.7,3.9,4.6,10.8,2007,191,1,lunch,"[{""amount"":1,""name"":""大蒜"",""unit"":""""},{""amount"":4,""name"":""洋葱"",""unit"":""""},{""amount"":1,""name"":""芹菜"",""unit"":""""},{""amount"":2,""name"":""番茄"",""unit"":""""},{""amount"":4,""name"":""干白葡萄酒"",""unit"":""""},{""amount"":1,""name"":""水"",""unit"":""""},{""amount"":0.5,""name"":""贻贝"",""unit"":""""},{""amount"":3,""name"":""新鲜欧芹"",""unit"":""""}]","[""贻贝"",""蔬菜"",""低胆固醇"",""健康"",""少于60分钟"",""炉灶顶"",""午餐/零食""]"
381154,沙威玛,758.7,84.4,37.9,28.9,8.9,4,5,902.7,248.8,1,lunch,"[{""amount"":2,""name"":""炖羊肉块"",""unit"":""""},{""amount"":3,""name"":""蒜瓣"",""unit"":""""},{""amount"":0.75,""name"":""肉豆蔻衣"",""unit"":""""},{""amount"":0.75,""name"":""盐"",""unit"":""""},{""amount"":0.5,""name"":""辣椒粉"",""unit"":""""},{""amount"":0.5,""name"":""辣椒粉"",""unit"":""""},{""amount"":0.5,""name"":""肉桂"",""unit"":""""},{""amount"":0.5,""name"":""孜然"",""unit"":""""},{""amount"":0.5,""name"":""柠檬"",""unit"":""""},{""amount"":0.5,""name"":""酸奶"",""unit"":""""},{""amount"":0.5,""name"":""蒜瓣"",""unit"":""""},{""amount"":1,""name"":""柠檬汁"",""unit"":""""},{""amount"":1,""name"":""盐"",""unit"":""""},{""amount"":2,""name"":""芝麻酱"",""unit"":""""},{""amount"":2,""name"":""冷水"",""unit"":""""},{""amount"":0.3333333333333333,""name"":""新鲜欧芹"",""unit"":""""},{""amount"":1,""name"":""橄榄油"",""unit"":""""},{""amount"":1,""name"":""番茄"",""unit"":""""},{""amount"":1,""name"":""黄瓜"",""unit"":""""},{""amount"":1,""name"":""洋葱"",""unit"":""""}]","[""羔羊/绵羊"",""肉"",""欧洲"",""高蛋白"",""高含量..."",""午餐/零食""]"
196641,加勒比烤猪肉,723.4,86.5,3.8,37.6,11.7,0.5,1.6,172.4,259.9,1,lunch,"[{""amount"":1,""name"":""去骨猪肩肉"",""unit"":""""},{""amount"":0.25,""name"":""水"",""unit"":""""},{""amount"":12,""name"":""白醋"",""unit"":""""},{""amount"":2,""name"":""苹果醋"",""unit"":""""},{""amount"":2,""name"":""月桂叶"",""unit"":""""},{""amount"":0.25,""name"":""洋葱"",""unit"":""""}]","[""猪肉"",""肉"",""古巴"",""加勒比"",""咸味"",""新手厨师"",""简单"",""午餐/零食""]"
36371,速烹蒜香虾,740.1,65.1,79.6,24,3.5,28.2,34.4,1984.8,420,1,lunch,"[{""amount"":1,""name"":""四季豆"",""unit"":""""},{""amount"":300,""name"":""樱桃番茄"",""unit"":""""},{""amount"":10,""name"":""橄榄油"",""unit"":""""},{""amount"":0.25,""name"":""碎红辣椒片"",""unit"":""""},{""amount"":1,""name"":""红辣椒"",""unit"":""""},{""amount"":3,""name"":""大蒜"",""unit"":""""},{""amount"":1,""name"":""干牛至"",""unit"":""""},{""amount"":2,""name"":""欧芹"",""unit"":""""}]","[""午餐/零食"",""健康"",""少于60分钟"",""一餐即食""]"
152620,法式猪肉排,767.3,86.4,11.4,39.7,12.4,1.4,4.6,957.9,274.6,1,lunch,"[{""amount"":8,""name"":""洋葱"",""unit"":""""},{""amount"":1,""name"":""番茄膏"",""unit"":""""},{""amount"":2,""name"":""芥末粉"",""unit"":""""},{""amount"":1.5,""name"":""红糖"",""unit"":""""},{""amount"":0.25,""name"":""面粉"",""unit"":""""},{""amount"":1,""name"":""冷水"",""unit"":""""}]","[""猪肉"",""肉"",""加拿大"",""少于60分钟"",""炉灶顶"",""便宜"",""午餐/零食""]"
38915,瘦身帕玛森鸡腿,564.9,83.8,11.7,18,5.5,0.7,2.5,571.9,319.9,4,lunch,"[{""amount"":12,""name"":""2%低脂牛奶"",""unit"":""""},{""amount"":0.5,""name"":""帕玛森奶酪"",""unit"":""""},{""amount"":0.5,""name"":""大蒜粉"",""unit"":""""},{""amount"":0.25,""name"":""辣椒粉"",""unit"":""""},{""amount"":1,""name"":""粗盐"",""unit"":""""}]","[""鸡肉"",""禽肉"",""奶酪"",""肉"",""加拿大"",""欧洲"",""适合儿童"",""辣味"",""少于60分钟"",""烤箱"",""午餐/零食""]"
472827,慢炖法式蘸酱牛肉,726.9,83.5,43.4,24.6,10.1,2.7,1.5,2081.1,224.6,1,lunch,"[{""amount"":3,""name"":""去骨牛肩胛肉"",""unit"":""""},{""amount"":1,""name"":""牛肉汤粒"",""unit"":""""},{""amount"":10.5,""name"":""浓缩牛肉汤"",""unit"":""""}]","[""烤牛肉"",""肉"",""适合幼儿"",""适合儿童"",""简单"",""午餐/零食""]"
212433,中东三明治,738.8,82,27.1,28.9,8.3,3.7,11.6,1478.8,224.1,1,lunch,"[{""amount"":4,""name"":""去骨烤牛肉"",""unit"":""""},{""amount"":0.25,""name"":""羔羊肉"",""unit"":""""},{""amount"":2,""name"":""洋葱"",""unit"":""""},{""amount"":2,""name"":""蒜瓣"",""unit"":""""},{""amount"":1,""name"":""干红葡萄酒"",""unit"":""""},{""amount"":1,""name"":""番茄膏"",""unit"":""""},{""amount"":2,""name"":""盐"",""unit"":""""},{""amount"":2,""name"":""干牛至"",""unit"":""""},{""amount"":1,""name"":""干罗勒"",""unit"":""""},{""amount"":0.5,""name"":""干迷迭香"",""unit"":""""},{""amount"":0.25,""name"":""冷水"",""unit"":""""},{""amount"":0.25,""name"":""玉米淀粉"",""unit"":""""},{""amount"":2,""name"":""生菜"",""unit"":""""},{""amount"":1,""name"":""番茄"",""unit"":""""},{""amount"":1,""name"":""黄瓜"",""unit"":""""},{""amount"":1,""name"":""原味酸奶"",""unit"":""""}]","[""午餐/零食"",""肉"",""欧洲"",""适合儿童"",""简单"",""一餐即食""]"
391964,豆香金枪鱼沙拉,782.2,76.7,49.6,29.7,10.2,11.5,1.8,982.7,123.1,1,lunch,"[{""amount"":1,""name"":""金枪鱼"",""unit"":""""},{""amount"":4.5,""name"":""蛋黄酱"",""unit"":""""},{""amount"":1,""name"":""鹰嘴豆"",""unit"":""""},{""amount"":1,""name"":""利马豆"",""unit"":""""},{""amount"":0.5,""name"":""瑞士奶酪"",""unit"":""""},{""amount"":0.5,""name"":""帕玛森奶酪"",""unit"":""""},{""amount"":1,""name"":""黑豆"",""unit"":""""}]","[""金枪鱼"",""黑豆"",""豆类"",""高蛋白"",""高含量..."",""露营"",""工作日夜晚"",""少于15分钟"",""免煮"",""简单"",""午餐/零食""]"
245746,经典1953年加冕鸡肉沙拉食谱,975.1,86.4,28.4,55.2,16.3,1.6,13.1,637.2,294.2,1,lunch,"[{""amount"":2.5,""name"":""洋葱"",""unit"":""- 3""},{""amount"":2,""name"":""咖喱酱"",""unit"":""""},{""amount"":1,""name"":""番茄泥"",""unit"":""""},{""amount"":1,""name"":""红酒"",""unit"":""""},{""amount"":1,""name"":""月桂叶"",""unit"":""""},{""amount"":2,""name"":""蛋黄酱"",""unit"":""""},{""amount"":1,""name"":""西洋菜"",""unit"":""""}]","[""鸡胸肉"",""整鸡"",""鸡肉"",""禽肉"",""水果"",""肉"",""欧洲"",""高蛋白"",""高含量..."",""少于30分钟"",""简单"",""午餐/零食""]"
253940,香煎三文鱼配白豆泥,589.8,75.5,31.5,17.4,2.7,8.3,2.8,253.3,165.4,4,lunch,"[{""amount"":75,""name"":""芝麻菜"",""unit"":""""},{""amount"":100,""name"":""西洋菜"",""unit"":""""},{""amount"":50,""name"":""樱桃番茄"",""unit"":""""},{""amount"":16,""name"":""三文鱼柳"",""unit"":""""},{""amount"":4,""name"":""橄榄油"",""unit"":""""},{""amount"":1,""name"":""蒜瓣"",""unit"":""""},{""amount"":4,""name"":""白腰豆"",""unit"":""""},{""amount"":400,""name"":""蒜瓣"",""unit"":""""},{""amount"":1,""name"":""鲜榨柠檬汁"",""unit"":""""},{""amount"":1.5,""name"":""新鲜百里香"",""unit"":""""},{""amount"":2,""name"":""橄榄油"",""unit"":""""}]","[""健康"",""少于30分钟"",""午餐/零食""]"
240308,热烤牛肉三明治配肉汁,666.6,81.3,50.4,15.1,6,1.8,1.4,1516.1,225.2,1,lunch,"[{""amount"":1,""name"":""烤牛肉"",""unit"":""""},{""amount"":3,""name"":""水"",""unit"":""-4""},{""amount"":1,""name"":""盐"",""unit"":""""},{""amount"":4,""name"":""胡椒"",""unit"":""-5""},{""amount"":2,""name"":""高汤"",""unit"":""""},{""amount"":2,""name"":""面粉"",""unit"":""""},{""amount"":2,""name"":""水"",""unit"":""""},{""amount"":2,""name"":""牛肉高汤块"",""unit"":""""}]","[""简单"",""午餐/零食""]"
477533,扁豆柠檬金枪鱼沙拉,652.7,48.3,87.2,12.1,1.7,44.2,3.1,183,12.8,4,lunch,"[{""amount"":2,""name"":""颗粒芥末酱"",""unit"":""""},{""amount"":2,""name"":""红酒醋"",""unit"":""""},{""amount"":2,""name"":""橄榄油"",""unit"":""""},{""amount"":3,""name"":""绿扁豆"",""unit"":""""},{""amount"":3,""name"":""腌柠檬"",""unit"":""""},{""amount"":1,""name"":""葱"",""unit"":""""},{""amount"":2,""name"":""轻块金枪鱼"",""unit"":""""},{""amount"":1,""name"":""盐"",""unit"":""""},{""amount"":0,""name"":""新鲜研磨黑胡椒"",""unit"":""""}]","[""扁豆"",""豆类"",""欧洲"",""少于60分钟"",""炉灶顶"",""午餐/零食""]"
70344,路易斯安那沼泽汉堡,889.6,86.5,9.8,54.2,25.8,1.3,4.2,584.2,368.5,2,lunch,"[{""amount"":1.5,""name"":""瘦牛肉末"",""unit"":""""},{""amount"":2,""name"":""洋葱粉"",""unit"":""""},{""amount"":1,""name"":""大蒜"",""unit"":""""},{""amount"":1,""name"":""鸡蛋"",""unit"":""""},{""amount"":1,""name"":""调味盐"",""unit"":""""},{""amount"":1,""name"":""洋葱"",""unit"":""""},{""amount"":1,""name"":""切达奶酪"",""unit"":""""},{""amount"":2,""name"":""蒙特利杰克奶酪"",""unit"":""""}]","[""奶酪"",""肉"",""夏季"",""少于30分钟"",""炉灶顶"",""便宜"",""午餐/零食""]"
527748,瘦身夏日鸡肉沙拉,540.5,78.3,32.3,10.7,2.5,4.3,22.9,1091.5,217.9,2,lunch,"[{""amount"":1.5,""name"":""去骨去皮鸡胸肉"",""unit"":""- 2""},{""amount"":2,""name"":""低钠鸡汤"",""unit"":""""},{""amount"":0.5,""name"":""盐"",""unit"":""""},{""amount"":0.5,""name"":""胡椒"",""unit"":""""},{""amount"":0.5,""name"":""红无籽葡萄"",""unit"":""""},{""amount"":0.25,""name"":""苹果"",""unit"":""""},{""amount"":1,""name"":""芹菜"",""unit"":""""},{""amount"":1,""name"":""蔓越莓干"",""unit"":""""}]","[""鸡肉"",""禽肉"",""肉"",""少于60分钟"",""午餐/零食""]"
465544,意大利牛肉三明治之王,782.3,80.3,41.7,31,8.1,4.1,5.4,1231.5,211.2,4,lunch,"[{""amount"":1,""name"":""洋葱"",""unit"":""""},{""amount"":2,""name"":""碎红辣椒片"",""unit"":""""},{""amount"":1,""name"":""蒜瓣"",""unit"":""""},{""amount"":1,""name"":""干红葡萄酒"",""unit"":""""},{""amount"":2,""name"":""新鲜百里香"",""unit"":""""},{""amount"":6,""name"":""青甜椒"",""unit"":""""},{""amount"":0.5,""name"":""橄榄油"",""unit"":""""}]","[""烤牛肉"",""肉"",""咸味"",""烤箱"",""午餐/零食""]"
163815,烤牛肉三明治,882.6,82.9,43.5,42.4,17.8,3.7,6.9,1037,203.4,2,lunch,"[{""amount"":2,""name"":""蛋黄酱"",""unit"":""""},{""amount"":2,""name"":""烤牛肉"",""unit"":""""},{""amount"":2,""name"":""番茄"",""unit"":""""},{""amount"":1,""name"":""红洋葱"",""unit"":""""},{""amount"":2,""name"":""波罗伏洛奶酪"",""unit"":""""}]","[""高蛋白"",""高含量..."",""少于15分钟"",""简单"",""午餐/零食""]"
488514,乡村火腿生菜番茄三明治,678.1,51.7,85.6,22.7,10.7,40.9,24.2,1016.5,72.1,1,lunch,"[{""amount"":50,""name"":""火腿"",""unit"":""""},{""amount"":50,""name"":""奶油生菜"",""unit"":""""},{""amount"":3,""name"":""大蒜"",""unit"":""""},{""amount"":6,""name"":""洋葱"",""unit"":""""}]","[""少于60分钟"",""简单"",""午餐/零食""]"
121483,三文鱼牛油果三明治,822.2,76.4,76.1,22.3,3.7,8.4,3.1,1000.5,165.4,4,lunch,"[{""amount"":8,""name"":""黄油"",""unit"":""""},{""amount"":4,""name"":""特级初榨橄榄油"",""unit"":""""},{""amount"":4,""name"":""三文鱼柳"",""unit"":""""},{""amount"":8,""name"":""盐"",""unit"":""""},{""amount"":8,""name"":""胡椒"",""unit"":""""},{""amount"":4,""name"":""三文鱼"",""unit"":""""},{""amount"":1,""name"":""红洋葱"",""unit"":""""},{""amount"":0.5,""name"":""番茄"",""unit"":""""},{""amount"":0,""name"":""生菜"",""unit"":""""},{""amount"":0,""name"":""牛油果"",""unit"":""""},{""amount"":0,""name"":""青柠"",""unit"":""""}]","[""健康"",""少于15分钟"",""免煮"",""新手厨师"",""简单"",""午餐/零食""]"
193745,羊腿肉罗根乔什,834.4,82.2,16.6,47.5,16.7,3,8.2,753.2,272,1,lunch,"[{""amount"":2,""name"":""羊小腿"",""unit"":""""},{""amount"":1.5,""name"":""通用面粉"",""unit"":""""},{""amount"":1.5,""name"":""辣椒粉"",""unit"":""""},{""amount"":0.5,""name"":""芫荽粉"",""unit"":""""},{""amount"":0.25,""name"":""姜粉"",""unit"":""""},{""amount"":0.25,""name"":""孜然粉"",""unit"":""""},{""amount"":0.25,""name"":""盐"",""unit"":""""},{""amount"":0.25,""name"":""肉豆蔻"",""unit"":""""},{""amount"":2,""name"":""橄榄油"",""unit"":""""},{""amount"":0.5,""name"":""黄洋葱"",""unit"":""""},{""amount"":2,""name"":""芹菜茎"",""unit"":""""},{""amount"":1,""name"":""羊高汤"",""unit"":""""},{""amount"":0.75,""name"":""酸奶油"",""unit"":""""},{""amount"":2,""name"":""豆蔻荚"",""unit"":""""},{""amount"":1,""name"":""藏红花丝"",""unit"":""""},{""amount"":14.5,""name"":""炖番茄"",""unit"":""""},{""amount"":0.5,""name"":""碎番茄"",""unit"":""""},{""amount"":0,""name"":""番茄酱"",""unit"":""""}]","[""午餐/零食"",""羔羊/绵羊"",""洋葱"",""蔬菜"",""肉"",""亚洲"",""印度"",""冬季"",""烤"",""烤箱"",""炉灶顶"",""少于4小时"",""咖喱""]"
68142,法式蘸汁三明治,659.1,79.8,39.9,17.3,6.2,1.9,1.5,1348.4,217.7,1,lunch,"[{""amount"":3,""name"":""啤酒"",""unit"":""-4""},{""amount"":1,""name"":""洋葱"",""unit"":""""},{""amount"":1,""name"":""青椒"",""unit"":""""},{""amount"":4,""name"":""马苏里拉奶酪"",""unit"":""-6""}]","[""烤牛肉"",""肉"",""高蛋白"",""健康"",""高含量..."",""工作日夜晚"",""新手厨师"",""简单"",""午餐/零食""]"
24958,低脂烤箱炸鸡,705.6,81.3,0.4,39.7,11,0.1,0.2,288.4,250,1,lunch,"[{""amount"":1,""name"":""胡椒"",""unit"":""""},{""amount"":0.25,""name"":""辣椒粉"",""unit"":""""},{""amount"":0.5,""name"":""盐"",""unit"":""""},{""amount"":0.5,""name"":""黑胡椒"",""unit"":""""},{""amount"":2.5,""name"":""辣椒粉"",""unit"":""- 3""},{""amount"":0,""name"":""鸡蛋替代品"",""unit"":""""},{""amount"":0,""name"":""炸鸡用鸡"",""unit"":""""}]","[""鸡胸肉"",""整鸡"",""鸡肉"",""禽肉"",""肉"",""适合儿童"",""工作日夜晚"",""烤箱"",""少于4小时"",""简单"",""便宜"",""午餐/零食""]"
313662,超简单慢炖锅法式蘸酱三明治,998.6,84.5,33.7,56.4,23.8,2.2,1.1,1595.5,296.6,5,lunch,"[{""amount"":4,""name"":""牛臀肉烤块"",""unit"":""""},{""amount"":2,""name"":""浓缩牛肉汤"",""unit"":""""},{""amount"":1,""name"":""黄油"",""unit"":""""}]","[""简单"",""午餐/零食""]"
241337,金枪鱼沙拉,692.5,71.6,50.1,22,3.5,10.9,0.1,833.9,64.4,2,lunch,"[{""amount"":1,""name"":""橄榄油浸金枪鱼"",""unit"":""""},{""amount"":1,""name"":""白豆"",""unit"":""""},{""amount"":2,""name"":""橄榄油"",""unit"":""""},{""amount"":1,""name"":""新鲜迷迭香"",""unit"":""""},{""amount"":1,""name"":""柠檬汁"",""unit"":""""},{""amount"":0.5,""name"":""大蒜粉"",""unit"":""""}]","[""午餐/零食"",""金枪鱼"",""豆类"",""低胆固醇"",""高蛋白"",""健康"",""高含量..."",""少于15分钟"",""简单"",""便宜"",""一餐即食""]"
356850,柑橘烤猪肉,679.3,79.4,11.2,33,6.2,0.3,6.2,409.1,234.1,1,lunch,"[{""amount"":1,""name"":""去骨猪里脊烤肉"",""unit"":""""},{""amount"":0.5,""name"":""大蒜粉"",""unit"":""""},{""amount"":0.5,""name"":""干百里香"",""unit"":""""},{""amount"":0.5,""name"":""姜粉"",""unit"":""""},{""amount"":0.25,""name"":""胡椒"",""unit"":""""},{""amount"":1,""name"":""鸡汤"",""unit"":""""},{""amount"":1,""name"":""白糖"",""unit"":""""},{""amount"":2,""name"":""柠檬汁"",""unit"":""""},{""amount"":2,""name"":""酱油"",""unit"":""""},{""amount"":2,""name"":""玉米淀粉"",""unit"":""""}]","[""猪肉"",""肉"",""极低碳水化合物"",""高蛋白"",""高含量..."",""咸味"",""简单"",""午餐/零食""]"
30600,芝麻三文鱼柳配小白菜,689.3,74.8,12.7,37.9,6.1,5.8,1.7,681.4,192.8,4,lunch,"[{""amount"":1,""name"":""白芝麻"",""unit"":""""},{""amount"":1,""name"":""姜根"",""unit"":""""},{""amount"":1,""name"":""黑胡椒粒"",""unit"":""""},{""amount"":0.5,""name"":""盐"",""unit"":""""},{""amount"":1,""name"":""鸡蛋"",""unit"":""""},{""amount"":4,""name"":""三文鱼柳"",""unit"":""""},{""amount"":1,""name"":""小白菜"",""unit"":""""},{""amount"":4,""name"":""米醋"",""unit"":""""},{""amount"":0.5,""name"":""酱油"",""unit"":""""}]","[""中文"",""亚洲"",""家常菜聚餐"",""少于30分钟"",""炉灶顶"",""午餐/零食""]"
499897,牙买加香辣三文鱼配芒果菠萝莎莎,644,71.5,53.8,16.3,3,8.8,35.4,680.7,146.3,4,lunch,"[{""amount"":2,""name"":""芒果"",""unit"":""""},{""amount"":0.5,""name"":""菠萝"",""unit"":""""},{""amount"":1,""name"":""黑豆"",""unit"":""""},{""amount"":0.75,""name"":""红洋葱"",""unit"":""""},{""amount"":0.25,""name"":""香菜"",""unit"":""""},{""amount"":0.75,""name"":""盐"",""unit"":""""},{""amount"":1,""name"":""多香果粉"",""unit"":""""},{""amount"":1,""name"":""孜然粉"",""unit"":""""},{""amount"":0.25,""name"":""百里香"",""unit"":""""},{""amount"":0.25,""name"":""辣椒粉"",""unit"":""""},{""amount"":0.125,""name"":""肉桂"",""unit"":""""},{""amount"":4,""name"":""三文鱼柳"",""unit"":""""},{""amount"":1,""name"":""橄榄油"",""unit"":""""}]","[""黑豆"",""热带水果"",""豆类"",""水果"",""加勒比"",""健康"",""工作日夜晚"",""少于30分钟"",""简单"",""午餐/零食""]"
283618,零碳水零卡软糖虫!!,384.7,79.5,19,0.1,0,0,0,1682.5,0,6,lunch,"[{""amount"":2,""name"":""明胶"",""unit"":""""},{""amount"":2,""name"":""开水"",""unit"":""""}]","[""午餐/零食"",""低胆固醇"",""高蛋白"",""健康"",""高含量..."",""少于60分钟"",""简单"",""甜点""]"
287962,罗伯·埃文斯金枪鱼融化三明治,675.6,79.8,0.6,37.4,13.6,0.2,0.3,1133.8,135.2,2,lunch,"[{""amount"":8,""name"":""橄榄油浸金枪鱼"",""unit"":""""},{""amount"":0.125,""name"":""芹菜心"",""unit"":""""},{""amount"":0.5,""name"":""芹菜籽"",""unit"":""""},{""amount"":4,""name"":""格鲁耶尔奶酪"",""unit"":""""},{""amount"":4,""name"":""无盐黄油"",""unit"":""""}]","[""少于30分钟"",""简单"",""午餐/零食""]"
108140,炸杏仁鸡,925.9,75.3,18.2,62.5,7,8.3,5.2,1449.8,243.1,2,lunch,"[{""amount"":2,""name"":""去骨去皮鸡胸肉"",""unit"":""""},{""amount"":2,""name"":""酱油"",""unit"":""""},{""amount"":1,""name"":""米酒"",""unit"":""""},{""amount"":0.5,""name"":""白糖"",""unit"":""""},{""amount"":1,""name"":""玉米淀粉"",""unit"":""""},{""amount"":2,""name"":""姜根"",""unit"":""""},{""amount"":1.5,""name"":""蒜瓣"",""unit"":""""},{""amount"":1,""name"":""鸡蛋"",""unit"":""""}]","[""鸡肉"",""禽肉"",""肉"",""少于60分钟"",""油炸"",""午餐/零食""]"
178581,蜜汁鸡腿,951.4,82.9,13.8,60.8,16.3,0.3,11.8,1358.3,369.6,1,lunch,"[{""amount"":6,""name"":""酱油"",""unit"":""""},{""amount"":3,""name"":""白葡萄酒醋"",""unit"":""""},{""amount"":3,""name"":""蒜瓣"",""unit"":""""},{""amount"":3,""name"":""蜂蜜"",""unit"":""""},{""amount"":4,""name"":""玉米淀粉"",""unit"":""""},{""amount"":1.5,""name"":""胡椒"",""unit"":""""},{""amount"":2,""name"":""百里香"",""unit"":""""},{""amount"":1,""name"":""迷迭香"",""unit"":""""},{""amount"":16,""name"":""鸡腿"",""unit"":""""}]","[""鸡肉"",""禽肉"",""肉"",""少于60分钟"",""简单"",""午餐/零食""]"
520594,格林尼慢炖锅法式蘸汁三明治,695.9,80.5,6.8,36.9,18.1,0.5,2,1911.7,226.1,1,lunch,"[{""amount"":4,""name"":""洋葱粉"",""unit"":""""},{""amount"":1,""name"":""大蒜粉"",""unit"":""""},{""amount"":1,""name"":""胡椒"",""unit"":""""},{""amount"":0.5,""name"":""盐"",""unit"":""""},{""amount"":0.5,""name"":""伍斯特酱"",""unit"":""""},{""amount"":2,""name"":""波罗伏洛奶酪"",""unit"":""""},{""amount"":1,""name"":""黄油"",""unit"":""""}]","[""肉"",""简单"",""午餐/零食""]"
43611,鹿肉夏季香肠,599.9,78.1,2,28.9,12.9,0.7,0.3,267.2,276.9,1,lunch,"[{""amount"":3,""name"":""瘦牛肉末"",""unit"":""""},{""amount"":1,""name"":""水"",""unit"":""""},{""amount"":2,""name"":""洋葱粉"",""unit"":""""},{""amount"":1,""name"":""大蒜粉"",""unit"":""""},{""amount"":0.25,""name"":""粗黑胡椒碎"",""unit"":""""},{""amount"":4,""name"":""芥菜籽"",""unit"":""""},{""amount"":2,""name"":""烟熏液"",""unit"":""""},{""amount"":2,""name"":""莫顿嫩化快盐"",""unit"":""""}]","[""鹿肉"",""野味"",""肉"",""夏季"",""工作日夜晚"",""少于4小时"",""午餐/零食""]"
533091,低碳水化合物培根生菜番茄三明治,831,38,88.7,47.4,11.6,56.8,30.2,670.4,38.6,4,lunch,"[{""amount"":0.5,""name"":""培根"",""unit"":""""},{""amount"":2,""name"":""番茄"",""unit"":""""},{""amount"":0.25,""name"":""蛋黄酱"",""unit"":""""},{""amount"":2,""name"":""牛油果"",""unit"":""""},{""amount"":8,""name"":""长叶生菜"",""unit"":""""}]","[""少于30分钟"",""简单"",""午餐/零食""]"
405170,帕尔玛干酪汉堡,891.6,70,50.3,47.4,18.8,16.5,9.1,1157.7,282,1,lunch,"[{""amount"":1,""name"":""碎牛肉"",""unit"":""""},{""amount"":1,""name"":""鸡蛋"",""unit"":""""},{""amount"":0.5,""name"":""帕玛森奶酪"",""unit"":""""},{""amount"":0.5,""name"":""番茄酱"",""unit"":""""},{""amount"":2,""name"":""干欧芹碎"",""unit"":""""},{""amount"":1,""name"":""牛至"",""unit"":""""},{""amount"":0.5,""name"":""胡椒"",""unit"":""""}]","[""肉"",""少于30分钟"",""午餐/零食""]"
140562,新鲜蔓越莓豆配番茄洋葱肉桂,787.3,43.3,121.5,16.9,2.6,47,6.3,21.2,0,1,lunch,"[{""amount"":2,""name"":""红腰豆"",""unit"":""""},{""amount"":0.3333333333333333,""name"":""特级初榨橄榄油"",""unit"":""""},{""amount"":3,""name"":""洋葱"",""unit"":""""},{""amount"":3,""name"":""番茄"",""unit"":""""},{""amount"":3,""name"":""蒜瓣"",""unit"":""""},{""amount"":2,""name"":""鲜榨柠檬汁"",""unit"":""""},{""amount"":1.5,""name"":""白糖"",""unit"":""""},{""amount"":1,""name"":""碎红辣椒片"",""unit"":""""},{""amount"":1,""name"":""肉桂"",""unit"":""""},{""amount"":3,""name"":""水"",""unit"":""""},{""amount"":2,""name"":""盐"",""unit"":""""},{""amount"":0,""name"":""欧芹"",""unit"":""""}]","[""豆类"",""土耳其"",""西南亚（中东）"",""亚洲"",""纯素"",""低胆固醇"",""健康"",""少于60分钟"",""简单"",""午餐/零食""]"
406275,香辣酱油坚果,824.8,68.4,58.1,42,6,14.7,0.5,51,0,1,lunch,"[{""amount"":2,""name"":""辣椒粉"",""unit"":""""},{""amount"":1.5,""name"":""伍斯特酱"",""unit"":""""},{""amount"":1,""name"":""大蒜粉"",""unit"":""""},{""amount"":0.25,""name"":""烤大豆"",""unit"":""""}]","[""大豆/豆腐"",""豆类"",""高蛋白"",""高含量..."",""少于15分钟"",""简单"",""午餐/零食""]"
532970,三文鱼牛油果西洋菜南瓜籽沙拉,691.9,72.3,12.2,40.1,6.5,7.8,1.3,269.2,146.3,2,lunch,"[{""amount"":2,""name"":""三文鱼柳"",""unit"":""""},{""amount"":2,""name"":""小葱"",""unit"":""""},{""amount"":1,""name"":""黑胡椒粒"",""unit"":""""},{""amount"":2.5,""name"":""青柠汁"",""unit"":""""},{""amount"":2,""name"":""片状海盐"",""unit"":""""},{""amount"":3,""name"":""西洋菜"",""unit"":""""},{""amount"":100,""name"":""苹果醋"",""unit"":""""},{""amount"":1,""name"":""牛油果"",""unit"":""""},{""amount"":1,""name"":""橄榄油"",""unit"":""""},{""amount"":1,""name"":""片状海盐"",""unit"":""""}]","[""牛油果"",""蔬菜"",""少于30分钟"",""沙拉酱""]"
462972,图斯克之家咖喱鸡肉沙拉,791.6,75.4,57.4,29.8,5.1,5,39.4,1981.5,233.2,2,lunch,"[{""amount"":1,""name"":""粗盐"",""unit"":""""},{""amount"":1.5,""name"":""去骨去皮鸡胸肉"",""unit"":""""},{""amount"":0.5,""name"":""蛋黄酱"",""unit"":""""},{""amount"":0.3333333333333333,""name"":""红洋葱"",""unit"":""""},{""amount"":0.25,""name"":""鲜青柠汁"",""unit"":""""},{""amount"":1,""name"":""咖喱粉"",""unit"":""""},{""amount"":4,""name"":""蜂蜜"",""unit"":""""},{""amount"":1,""name"":""鲜姜"",""unit"":""""},{""amount"":0.5,""name"":""黑胡椒"",""unit"":""""},{""amount"":0.25,""name"":""芒果"",""unit"":""""},{""amount"":1,""name"":""红葡萄"",""unit"":""""}]","[""鸡胸肉"",""鸡肉"",""禽肉"",""肉"",""非洲"",""印度"",""适合儿童"",""少于30分钟"",""新手厨师"",""简单"",""自制"",""午餐/零食""]"
441408,中东扎阿塔尔香料烤鸡,769.1,78.8,0.1,48.4,11.9,0,0.1,331.9,240,1,lunch,"[{""amount"":0.25,""name"":""橄榄油"",""unit"":""""},{""amount"":2,""name"":""扎阿塔尔香料混合"",""unit"":""""},{""amount"":0.25,""name"":""柠檬胡椒调味料"",""unit"":""""},{""amount"":0.5,""name"":""鸡汤"",""unit"":""""},{""amount"":1.5,""name"":""鸡胸肉"",""unit"":""""}]","[""西南亚（中东）"",""工作日夜晚"",""少于60分钟"",""简单"",""午餐/零食""]"
34334,洗日红豆饭,765.4,79,7.4,44.5,15.5,0.9,2.2,1846.5,251.7,1,lunch,"[{""amount"":1,""name"":""安杜伊香肠"",""unit"":""""},{""amount"":1,""name"":""洋葱"",""unit"":""""},{""amount"":1,""name"":""葱"",""unit"":""""},{""amount"":0.5,""name"":""大蒜"",""unit"":""""},{""amount"":1,""name"":""盐"",""unit"":""""},{""amount"":2,""name"":""芹菜"",""unit"":""""},{""amount"":2,""name"":""烟熏猪蹄"",""unit"":""""}]","[""午餐/零食"",""猪肉"",""豆类"",""肉"",""卡真"",""克里奥尔语"",""工作日夜晚"",""新手厨师"",""炉灶顶"",""简单"",""便宜"",""一餐即食""]"
305132,水牛城辣鸡沙拉,507.5,64.6,32.8,14.6,3.4,16.2,14.6,775.1,141.4,1,lunch,"[{""amount"":2,""name"":""脱脂原味酸奶"",""unit"":""""},{""amount"":2,""name"":""低脂白脱牛奶"",""unit"":""""},{""amount"":1,""name"":""白醋"",""unit"":""""},{""amount"":0.5,""name"":""白糖"",""unit"":""""},{""amount"":0.25,""name"":""蓝纹奶酪"",""unit"":""""},{""amount"":2,""name"":""新鲜研磨黑胡椒"",""unit"":""-3""},{""amount"":1.5,""name"":""菜籽油"",""unit"":""""},{""amount"":2,""name"":""去骨去皮鸡胸肉"",""unit"":""""},{""amount"":2,""name"":""罗马生菜心"",""unit"":""""},{""amount"":2,""name"":""芹菜茎"",""unit"":""""},{""amount"":3,""name"":""胡萝卜"",""unit"":""""},{""amount"":2,""name"":""小葱"",""unit"":""""},{""amount"":2,""name"":""番茄丁"",""unit"":""""}]","[""鸡肉"",""禽肉"",""肉"",""低胆固醇"",""健康"",""少于60分钟"",""午餐/零食""]"
137184,鸡肉条,777.3,76.5,42.5,31.6,9.4,2.9,4,1688.9,315.8,1,lunch,"[{""amount"":2,""name"":""去骨去皮鸡胸肉"",""unit"":""""},{""amount"":3,""name"":""盐"",""unit"":""""},{""amount"":2,""name"":""黑胡椒"",""unit"":""""},{""amount"":4,""name"":""鸡蛋"",""unit"":""""},{""amount"":0.25,""name"":""帕玛森奶酪"",""unit"":""""}]","[""鸡胸肉"",""鸡肉"",""禽肉"",""肉"",""高蛋白"",""高含量..."",""露营"",""少于60分钟"",""新手厨师"",""简单"",""便宜"",""午餐/零食""]"
91203,印度茄子盖肉咖喱,717.4,50.9,71.8,29.6,11.8,35.9,29.9,235.6,146.9,1,lunch,"[{""amount"":5,""name"":""洋葱"",""unit"":""""},{""amount"":600,""name"":""羔羊肉"",""unit"":""""},{""amount"":3,""name"":""盐"",""unit"":""""},{""amount"":3,""name"":""黑胡椒"",""unit"":""-4""},{""amount"":3,""name"":""番茄膏"",""unit"":""""},{""amount"":7,""name"":""干青柠粉"",""unit"":""""},{""amount"":0.5,""name"":""热水"",""unit"":""""},{""amount"":0,""name"":""茄子"",""unit"":""""},{""amount"":0,""name"":""新鲜薄荷"",""unit"":""""}]","[""午餐/零食"",""洋葱"",""蔬菜"",""肉"",""亚洲"",""印度"",""少于4小时"",""咖喱""]"
373507,古巴三明治,793.4,80.5,7.6,47.6,24.2,0.6,2.2,2493.4,236.1,4,lunch,"[{""amount"":1,""name"":""莳萝腌黄瓜"",""unit"":""""},{""amount"":1,""name"":""莳萝泡菜片"",""unit"":""""},{""amount"":1,""name"":""火腿"",""unit"":""""},{""amount"":1,""name"":""小瑞士奶酪"",""unit"":""""},{""amount"":1,""name"":""黄油"",""unit"":""""},{""amount"":3,""name"":""黄芥末"",""unit"":""""}]","[""少于30分钟"",""午餐/零食""]"
245437,鸡肉沙拉,945.2,80.5,22.4,58,15.4,0.4,12.6,1155.6,260.9,1,lunch,"[{""amount"":5,""name"":""鸡胸肉"",""unit"":""""},{""amount"":2,""name"":""水"",""unit"":""""},{""amount"":3,""name"":""欧芹枝"",""unit"":""""},{""amount"":1,""name"":""洋葱"",""unit"":""""},{""amount"":1,""name"":""调味盐"",""unit"":""""},{""amount"":2,""name"":""鸡高汤块"",""unit"":""""},{""amount"":0.5,""name"":""蛋黄酱"",""unit"":""""},{""amount"":1,""name"":""白醋"",""unit"":""""},{""amount"":1,""name"":""芹菜籽"",""unit"":""""},{""amount"":1.5,""name"":""白糖"",""unit"":""""},{""amount"":2,""name"":""盐"",""unit"":""""},{""amount"":0.125,""name"":""辣椒粉"",""unit"":""""},{""amount"":1,""name"":""酸奶油"",""unit"":""""},{""amount"":0.5,""name"":""蜂蜜"",""unit"":""""}]","[""鸡胸肉"",""鸡肉"",""禽肉"",""肉"",""少于60分钟"",""简单"",""午餐/零食""]"
20197,苏格兰威士忌鸡,959.7,80.4,6.9,50.1,17.9,0.8,1.3,288.9,283.8,4,lunch,"[{""amount"":1,""name"":""炸鸡用鸡"",""unit"":""""},{""amount"":2,""name"":""黄油"",""unit"":""""},{""amount"":8,""name"":""韭葱"",""unit"":""""},{""amount"":3,""name"":""葱"",""unit"":""""},{""amount"":0.25,""name"":""面粉"",""unit"":""""},{""amount"":4,""name"":""柠檬汁"",""unit"":""""}]","[""鸡胸肉"",""整鸡"",""鸡肉"",""禽肉"",""谷物"",""蔬菜"",""肉"",""苏格兰"",""欧洲"",""家常菜聚餐"",""圣诞"",""工作日夜晚"",""炉灶顶"",""少于4小时"",""简单"",""便宜"",""午餐/零食""]"
266623,鸡肉牧场砂锅,640.7,73.1,28.3,24.6,6.2,3.9,1.4,1220.7,186.7,1,lunch,"[{""amount"":15,""name"":""牛奶"",""unit"":""""},{""amount"":2.5,""name"":""去骨去皮鸡胸肉"",""unit"":""""}]","[""高蛋白"",""高含量..."",""烤箱"",""少于4小时"",""简单"",""午餐/零食""]"
352561,温第戎三文鱼沙拉,615.2,68.6,20.6,29.9,4.2,8.7,1.2,350.3,165.4,4,lunch,"[{""amount"":4,""name"":""三文鱼柳"",""unit"":""""},{""amount"":1,""name"":""法式青豆"",""unit"":""""},{""amount"":0.25,""name"":""花椒粒"",""unit"":""""},{""amount"":4,""name"":""芥末"",""unit"":""""},{""amount"":1,""name"":""橄榄油"",""unit"":""""},{""amount"":1,""name"":""海盐"",""unit"":""""}]","[""金枪鱼"",""蔬菜"",""少于15分钟"",""简单"",""沙拉酱""]"
211445,布法罗鸡肉条配蓝纹奶酪凉拌卷心菜,923.5,74.7,89.1,28.2,10.6,6.5,9.8,2163.8,323.9,1,lunch,"[{""amount"":6,""name"":""芹菜茎"",""unit"":""""},{""amount"":4,""name"":""胡萝卜"",""unit"":""""},{""amount"":0.5,""name"":""绿甘蓝"",""unit"":""""},{""amount"":3,""name"":""火葱"",""unit"":""""},{""amount"":0.25,""name"":""红酒醋"",""unit"":""""},{""amount"":0.75,""name"":""蛋黄酱"",""unit"":""""},{""amount"":1,""name"":""蓝纹奶酪"",""unit"":""""},{""amount"":4,""name"":""去骨去皮鸡胸肉"",""unit"":""""},{""amount"":4,""name"":""日式面包糠"",""unit"":""""},{""amount"":0.25,""name"":""新鲜意大利欧芹"",""unit"":""""},{""amount"":3,""name"":""通用面粉"",""unit"":""""},{""amount"":6,""name"":""鸡蛋"",""unit"":""""},{""amount"":1.5,""name"":""无盐黄油"",""unit"":""- 2""}]","[""鸡肉"",""禽肉"",""肉"",""少于4小时"",""午餐/零食""]"
460302,三文鱼汉堡,881.9,59,124.9,21.2,3.5,24.7,34.4,919.7,96.2,2,lunch,"[{""amount"":2,""name"":""现磨黑胡椒"",""unit"":""""},{""amount"":0.5,""name"":""柠檬皮屑"",""unit"":""""},{""amount"":1,""name"":""新鲜莳萝"",""unit"":""""},{""amount"":2,""name"":""结球生菜叶"",""unit"":""""},{""amount"":2,""name"":""番茄"",""unit"":""""},{""amount"":1,""name"":""黎巴嫩黄瓜"",""unit"":""""},{""amount"":0.5,""name"":""胡萝卜"",""unit"":""""}]","[""工作日夜晚"",""少于30分钟"",""午餐/零食""]"
170096,覆盆子扎染冰棒,834.1,31.1,169.5,11.1,3.4,61,97.3,273.6,20,1,lunch,"[{""amount"":3,""name"":""覆盆子"",""unit"":""""},{""amount"":2,""name"":""鲜榨柠檬汁"",""unit"":""""},{""amount"":32,""name"":""低脂香草酸奶"",""unit"":""""}]","[""甜点"",""午餐/零食"",""覆盆子"",""李子"",""浆果"",""水果"",""适合儿童"",""甜味"",""小型电器"",""冷冻甜点""]"
15999,保罗·格劳曼的“野性”夏日香肠,353.5,76.1,1.2,2.7,0.8,0.4,0.1,229,201.1,1,lunch,"[{""amount"":30,""name"":""牛肉"",""unit"":""""},{""amount"":10,""name"":""猪肉"",""unit"":""""},{""amount"":1,""name"":""胡椒"",""unit"":""""},{""amount"":4,""name"":""大蒜粉"",""unit"":""""},{""amount"":2,""name"":""芹菜籽"",""unit"":""""},{""amount"":2,""name"":""辣椒粉"",""unit"":""""},{""amount"":2,""name"":""鼠尾草"",""unit"":""""}]","[""猪肉"",""肉"",""加拿大"",""夏季"",""工作日夜晚"",""午餐/零食""]"
217834,金枪鱼饼,615.5,74.2,9.6,29.2,4.8,1,2.1,1395.7,138.3,4,lunch,"[{""amount"":3,""name"":""橄榄油浸金枪鱼"",""unit"":""""},{""amount"":1,""name"":""鸡蛋"",""unit"":""""},{""amount"":0.5,""name"":""新鲜香菜"",""unit"":""""},{""amount"":0.3333333333333333,""name"":""低脂蛋黄酱"",""unit"":""""},{""amount"":2,""name"":""鲜榨柠檬汁"",""unit"":""""},{""amount"":1,""name"":""橄榄油"",""unit"":""""},{""amount"":1,""name"":""莎莎酱"",""unit"":""""}]","[""金枪鱼"",""无乳糖"",""犹太洁食"",""不含..."",""少于30分钟"",""简单"",""便宜"",""午餐/零食""]"
28490,热带海鲜串,832.2,69.6,60.7,36.2,5.3,9.9,39.7,1038.7,382.6,1,lunch,"[{""amount"":0.3333333333333333,""name"":""柠檬汁"",""unit"":""""},{""amount"":0.25,""name"":""酱油"",""unit"":""""},{""amount"":0.25,""name"":""橄榄油"",""unit"":""""},{""amount"":1,""name"":""红糖"",""unit"":""""},{""amount"":2,""name"":""肉桂粉"",""unit"":""""},{""amount"":2,""name"":""辣椒粉"",""unit"":""""},{""amount"":2,""name"":""鲜扇贝"",""unit"":""""},{""amount"":0.5,""name"":""甜瓜"",""unit"":""""},{""amount"":0.25,""name"":""菠萝块"",""unit"":""""},{""amount"":1,""name"":""牛油果"",""unit"":""""}]","[""菠萝"",""甜瓜"",""热带水果"",""水果"",""蔬菜"",""适合儿童"",""家常菜聚餐"",""工作日夜晚"",""烤/炙烤"",""烤箱"",""新手厨师"",""简单"",""午餐/零食""]"
474740,慢炖香草火鸡烤肉,703.7,77.1,2.1,41.1,16.7,0.3,1.1,693.3,272.3,1,lunch,"[{""amount"":0.5,""name"":""奶油奶酪"",""unit"":""""},{""amount"":0.3333333333333333,""name"":""干百里香"",""unit"":""""},{""amount"":0.3333333333333333,""name"":""大蒜粉"",""unit"":""""},{""amount"":3,""name"":""黄油"",""unit"":""""},{""amount"":2.5,""name"":""欧芹"",""unit"":""""},{""amount"":1,""name"":""酱油"",""unit"":""""},{""amount"":1.3333333333333333,""name"":""鼠尾草"",""unit"":""""},{""amount"":0.5,""name"":""干罗勒"",""unit"":""""},{""amount"":0.5,""name"":""胡椒"",""unit"":""""}]","[""火鸡胸肉"",""禽肉"",""肉"",""极低碳水化合物"",""高蛋白"",""适合幼儿"",""适合儿童"",""高含量..."",""简单"",""午餐/零食""]"
329970,烤鸡三明治配杰克芝士和辣椒蛋黄酱,932.6,74.2,90.7,28.7,9.2,5.9,5,1441.9,165.9,12,lunch,"[{""amount"":1.5,""name"":""蛋黄酱"",""unit"":""""},{""amount"":3,""name"":""蒜瓣"",""unit"":""""},{""amount"":2,""name"":""烟熏辣椒"",""unit"":""""},{""amount"":1,""name"":""红甜椒"",""unit"":""""},{""amount"":1,""name"":""黄甜椒"",""unit"":""""},{""amount"":1,""name"":""橙甜椒"",""unit"":""""},{""amount"":5,""name"":""番茄"",""unit"":""""},{""amount"":5,""name"":""去骨去皮鸡胸肉"",""unit"":""""},{""amount"":96,""name"":""橄榄油"",""unit"":""""},{""amount"":2,""name"":""蒙特利杰克奶酪"",""unit"":""""},{""amount"":12,""name"":""法式长棍面包"",""unit"":""""}]","[""少于30分钟"",""午餐/零食""]"
29473,坎迪,930.1,45.3,158.2,14.6,1.7,42.5,19.6,938.3,0,1,lunch,"[{""amount"":3,""name"":""鹰嘴豆（去皮）"",""unit"":""""},{""amount"":1,""name"":""乌豆（去皮黑绿豆）"",""unit"":""""},{""amount"":1,""name"":""印度香米"",""unit"":""""},{""amount"":1,""name"":""盐"",""unit"":""""},{""amount"":1,""name"":""姜黄粉"",""unit"":""""},{""amount"":0.25,""name"":""小苏打"",""unit"":""""},{""amount"":1,""name"":""芥菜籽"",""unit"":""""},{""amount"":1,""name"":""蒜泥"",""unit"":""""},{""amount"":1,""name"":""白糖"",""unit"":""-2""},{""amount"":1,""name"":""香菜"",""unit"":""""},{""amount"":2,""name"":""椰子"",""unit"":""""}]","[""扁豆"",""豆类"",""亚洲"",""印度"",""工作日夜晚"",""炉灶顶"",""午餐/零食""]"
515087,简易德州辣椒炖肉,685.8,54.9,80.8,18.2,6.7,27.5,16.6,1198.2,98.3,6,lunch,"[{""amount"":2,""name"":""瘦牛肉末"",""unit"":""""},{""amount"":1,""name"":""洋葱"",""unit"":""""},{""amount"":1,""name"":""甜椒"",""unit"":""""},{""amount"":3,""name"":""菜豆"",""unit"":""""},{""amount"":2,""name"":""番茄丁"",""unit"":""""},{""amount"":4,""name"":""番茄酱"",""unit"":""""},{""amount"":3,""name"":""辣椒粉"",""unit"":""""},{""amount"":0.25,""name"":""碎红辣椒片"",""unit"":""- 1/2""},{""amount"":1,""name"":""黑胡椒粉"",""unit"":""""},{""amount"":1,""name"":""盐"",""unit"":""""},{""amount"":0.5,""name"":""大蒜粉"",""unit"":""""},{""amount"":0.25,""name"":""丁香"",""unit"":""""}]","[""豆类"",""肉"",""墨西哥"",""少于60分钟"",""简单"",""便宜"",""午餐/零食""]"
155838,龙虾卷,695.8,74.9,36.1,26.1,9.7,1.3,4.5,1252.8,274.3,2,lunch,"[{""amount"":3,""name"":""蛋黄酱"",""unit"":""""},{""amount"":2,""name"":""第戎芥末酱"",""unit"":""""},{""amount"":1,""name"":""鲜榨柠檬汁"",""unit"":""""},{""amount"":1.5,""name"":""龙虾尾"",""unit"":""""},{""amount"":0.25,""name"":""柠檬胡椒"",""unit"":""""},{""amount"":0.125,""name"":""盐"",""unit"":""""},{""amount"":1,""name"":""鲜榨柠檬汁"",""unit"":""""},{""amount"":2,""name"":""黄油"",""unit"":""""},{""amount"":2,""name"":""生菜"",""unit"":""""}]","[""龙虾"",""咸味"",""烤/炙烤"",""少于30分钟"",""烤箱"",""冷藏"",""简单"",""午餐/零食""]"
310319,煎烤火鸡卷,844.7,70.5,40.3,42.5,8.8,8.6,10.3,388.2,183.9,4,lunch,"[{""amount"":0.5,""name"":""火葱"",""unit"":""""},{""amount"":2,""name"":""蒜瓣"",""unit"":""""},{""amount"":2,""name"":""特级初榨橄榄油"",""unit"":""""},{""amount"":2,""name"":""白葡萄酒"",""unit"":""""},{""amount"":0.5,""name"":""日式面包糠"",""unit"":""""},{""amount"":1,""name"":""意大利欧芹"",""unit"":""""},{""amount"":1,""name"":""芦笋"",""unit"":""""},{""amount"":0.25,""name"":""橙子"",""unit"":""""},{""amount"":1,""name"":""牛油果"",""unit"":""""},{""amount"":2,""name"":""特级初榨橄榄油"",""unit"":""""}]","[""禽肉"",""肉"",""少于60分钟"",""简单"",""午餐/零食""]"
107042,三文鱼俱乐部三明治,736.2,71.6,14.1,44,10.4,6,2.6,729.9,200,4,lunch,"[{""amount"":1,""name"":""柠檬"",""unit"":""""},{""amount"":1,""name"":""三文鱼柳"",""unit"":""""},{""amount"":4,""name"":""蛋黄酱"",""unit"":""""},{""amount"":4,""name"":""龙蒿醋"",""unit"":""""},{""amount"":2,""name"":""干龙蒿叶"",""unit"":""""},{""amount"":0.5,""name"":""牛油果"",""unit"":""""},{""amount"":1,""name"":""番茄"",""unit"":""""},{""amount"":1,""name"":""培根"",""unit"":""""}]","[""少于30分钟"",""午餐/零食""]"
520338,惊艳烧烤鸡肉披萨,781.5,76.3,47.7,29.4,11.3,0.8,33.2,1973.8,165.9,1,lunch,"[{""amount"":1,""name"":""烧烤酱"",""unit"":""""},{""amount"":1,""name"":""低脂切达奶酪"",""unit"":""""},{""amount"":2.25,""name"":""鸡胸肉"",""unit"":""""}]","[""禽肉"",""肉"",""适合儿童"",""生日"",""少于30分钟"",""简单"",""午餐/零食""]"
141582,亚洲风味鸡肉卷,575,72.8,20.5,20.3,5.4,1.8,12.2,905.8,214.1,4,lunch,"[{""amount"":1,""name"":""海鲜酱"",""unit"":""""},{""amount"":8,""name"":""葱"",""unit"":""""}]","[""鸡肉"",""禽肉"",""谷物"",""洋葱"",""蔬菜"",""肉"",""亚洲"",""咸味"",""甜味"",""微波"",""少于60分钟"",""烤箱"",""简单"",""便宜"",""午餐/零食""]"
436077,萨尔瓦多火鸡三明治,741.2,66.6,52.8,30,8.1,11.9,3.9,473.2,214.9,6,lunch,"[{""amount"":1.5,""name"":""橄榄油"",""unit"":""""},{""amount"":2,""name"":""黑胡椒粒"",""unit"":""""},{""amount"":2,""name"":""白芝麻"",""unit"":""""},{""amount"":2,""name"":""干牛至"",""unit"":""""},{""amount"":2,""name"":""胭脂树种子"",""unit"":""""},{""amount"":1,""name"":""蒜瓣"",""unit"":""""},{""amount"":0.5,""name"":""黑胡椒"",""unit"":""""},{""amount"":5,""name"":""番茄"",""unit"":""""},{""amount"":2,""name"":""黄洋葱"",""unit"":""""},{""amount"":4,""name"":""青椒"",""unit"":""""},{""amount"":4,""name"":""西洋菜"",""unit"":""""}]","[""禽肉"",""肉"",""南美洲"",""烤箱"",""炉灶顶"",""少于4小时"",""简单"",""便宜"",""午餐/零食""]"
435883,肉糕,809.9,72.4,47.5,35.7,13.4,6.2,10.6,672.2,267.1,6,lunch,"[{""amount"":4,""name"":""瘦牛肉末"",""unit"":""""},{""amount"":2,""name"":""燕麦"",""unit"":""""},{""amount"":1,""name"":""番茄酱"",""unit"":""""},{""amount"":1,""name"":""洋葱"",""unit"":""""},{""amount"":1,""name"":""鸡蛋"",""unit"":""""},{""amount"":2,""name"":""黑胡椒"",""unit"":""""},{""amount"":1,""name"":""青番茄"",""unit"":""""}]","[""午餐/零食"",""肉"",""少于60分钟"",""肉糕""]"
99720,地中海鸡肉皮塔口袋,771,67.3,62.1,28.9,8.3,11.4,19.7,879.2,167.9,4,lunch,"[{""amount"":1.5,""name"":""番茄"",""unit"":""""},{""amount"":1,""name"":""菲达奶酪"",""unit"":""""},{""amount"":2,""name"":""小葱"",""unit"":""""},{""amount"":2,""name"":""原味酸奶"",""unit"":""""},{""amount"":2,""name"":""蛋黄酱"",""unit"":""""},{""amount"":0.5,""name"":""柠檬汁"",""unit"":""""},{""amount"":0.5,""name"":""干莳萝"",""unit"":""""},{""amount"":1,""name"":""结球生菜"",""unit"":""""},{""amount"":1,""name"":""生菜"",""unit"":""""}]","[""鸡肉"",""禽肉"",""肉"",""低胆固醇"",""健康"",""少于15分钟"",""午餐/零食""]"
24267,火焰之翼,981.9,78.5,23.8,62.1,14.8,0.8,12.1,1603.6,367,1,lunch,"[{""amount"":0.5,""name"":""橄榄油"",""unit"":""""},{""amount"":1,""name"":""混合香料"",""unit"":""""},{""amount"":5,""name"":""火候香料混合料"",""unit"":""""},{""amount"":1.5,""name"":""烧烤酱"",""unit"":""""},{""amount"":2.5,""name"":""烈焰烧烤酱"",""unit"":""""},{""amount"":0,""name"":""牧场风味沙拉酱"",""unit"":""""}]","[""鸡肉"",""禽肉"",""肉"",""墨西哥风味"",""美国西南部"",""墨西哥"",""家常菜聚餐"",""辣味"",""少于15分钟"",""烤箱"",""新手厨师"",""简单"",""午餐/零食""]"
17373,库尔斯辣椒炖肉,992.4,59.5,107.3,39.4,13,25.7,32.1,2083,115.7,6,lunch,"[{""amount"":1,""name"":""橄榄油"",""unit"":""""},{""amount"":0.25,""name"":""培根"",""unit"":""""},{""amount"":1,""name"":""洋葱"",""unit"":""""},{""amount"":4,""name"":""蒜瓣"",""unit"":""""},{""amount"":1,""name"":""芹菜"",""unit"":""""},{""amount"":1,""name"":""青椒"",""unit"":""""},{""amount"":1,""name"":""橄榄油"",""unit"":""""},{""amount"":1,""name"":""碎牛肉"",""unit"":""""},{""amount"":2,""name"":""白面粉"",""unit"":""""},{""amount"":1,""name"":""炖番茄"",""unit"":""""},{""amount"":4,""name"":""番茄膏"",""unit"":""""},{""amount"":2,""name"":""红芸豆"",""unit"":""""},{""amount"":1,""name"":""伍斯特酱"",""unit"":""""},{""amount"":2,""name"":""青柠汁"",""unit"":""""},{""amount"":0.5,""name"":""牛肉高汤"",""unit"":""""},{""amount"":2,""name"":""辣椒粉"",""unit"":""""},{""amount"":2,""name"":""辣椒粉"",""unit"":""""},{""amount"":1,""name"":""孜然粉"",""unit"":""""},{""amount"":1,""name"":""牛至"",""unit"":""""},{""amount"":4,""name"":""塔巴斯科辣椒酱"",""unit"":""""},{""amount"":2,""name"":""白糖"",""unit"":""""},{""amount"":1,""name"":""青辣椒"",""unit"":""""},{""amount"":1,""name"":""库尔斯啤酒"",""unit"":""""}]","[""豆类"",""蔬菜"",""墨西哥风味"",""美国西南部"",""家常菜聚餐"",""冬季"",""辣味"",""工作日夜晚"",""冷藏"",""炉灶顶"",""少于4小时"",""简单"",""午餐/零食""]"
163487,温热龙虾卷,522.7,75.3,1.1,20.7,11.8,0.1,0.3,1924.1,622.4,2,lunch,"[{""amount"":2,""name"":""龙虾"",""unit"":""""},{""amount"":3,""name"":""无盐黄油"",""unit"":""""},{""amount"":1,""name"":""蒜瓣"",""unit"":""""},{""amount"":3,""name"":""犹太盐"",""unit"":""""},{""amount"":1,""name"":""新鲜研磨黑胡椒"",""unit"":""""},{""amount"":2,""name"":""干白葡萄酒"",""unit"":""""},{""amount"":0,""name"":""韭菜"",""unit"":""""}]","[""龙虾"",""夏季"",""少于60分钟"",""炉灶顶"",""午餐/零食""]"
257045,柠檬胡椒金枪鱼宽面,691,71.6,49.4,21.5,4.2,3.3,2.9,772.5,90.8,1,lunch,"[{""amount"":250,""name"":""干意大利宽面"",""unit"":""""},{""amount"":2,""name"":""盐水金枪鱼"",""unit"":""""},{""amount"":1,""name"":""柠檬"",""unit"":""""},{""amount"":1,""name"":""洋葱"",""unit"":""""},{""amount"":1,""name"":""蒜瓣"",""unit"":""""},{""amount"":1,""name"":""甜菜"",""unit"":""""},{""amount"":1,""name"":""芝麻菜"",""unit"":""""},{""amount"":0.5,""name"":""欧芹"",""unit"":""""},{""amount"":1,""name"":""现磨黑胡椒"",""unit"":""""},{""amount"":0,""name"":""盐"",""unit"":""""},{""amount"":0,""name"":""橄榄油"",""unit"":""""}]","[""金枪鱼"",""春季"",""夏季"",""少于30分钟"",""新手厨师"",""简单"",""午餐/零食""]"
342196,简易慢炖锅鸡肉,668.5,72.8,55.7,13.3,3.4,0.8,1.1,420.3,275.9,6,lunch,"[{""amount"":6,""name"":""去皮鸡大腿"",""unit"":""""},{""amount"":6,""name"":""干白葡萄酒"",""unit"":""""},{""amount"":0.3333333333333333,""name"":""鸡精颗粒"",""unit"":""""},{""amount"":0.25,""name"":""大蒜粉"",""unit"":""""},{""amount"":2,""name"":""干龙蒿"",""unit"":""""},{""amount"":0.5,""name"":""碎红辣椒片"",""unit"":""""},{""amount"":0.5,""name"":""无盐添加炖番茄"",""unit"":""""},{""amount"":0.25,""name"":""熟米饭"",""unit"":""""}]","[""简单"",""午餐/零食""]"
150791,蒂达利波阿斯,551.2,38.8,94,2.9,0.9,45.2,7,15.5,2.7,4,lunch,"[{""amount"":1,""name"":""绿扁豆"",""unit"":""""},{""amount"":2,""name"":""姜黄粉"",""unit"":""""},{""amount"":0.5,""name"":""阿魏粉"",""unit"":""""},{""amount"":1,""name"":""酥油"",""unit"":""""},{""amount"":1,""name"":""黄扁豆"",""unit"":""""},{""amount"":1,""name"":""青辣椒"",""unit"":""""},{""amount"":4,""name"":""咖喱叶"",""unit"":""-5""},{""amount"":2,""name"":""孜然籽"",""unit"":""""},{""amount"":0.5,""name"":""鲜姜"",""unit"":""""},{""amount"":1,""name"":""盐"",""unit"":""""},{""amount"":3,""name"":""新鲜香菜叶"",""unit"":""""}]","[""午餐/零食"",""扁豆"",""豆类"",""亚洲"",""印度"",""无蛋"",""不含..."",""咸味"",""少于60分钟"",""炉灶顶"",""炒"",""咖喱""]"
210112,宝拉·迪恩的卡津海鲜球,625.9,70.1,58.6,11.6,2.8,3.9,1.5,1283.1,512.4,1,lunch,"[{""amount"":0.5,""name"":""三文鱼"",""unit"":""""},{""amount"":1,""name"":""玉米粒"",""unit"":""""},{""amount"":1,""name"":""熟白米饭"",""unit"":""""},{""amount"":1,""name"":""颗粒芥末酱"",""unit"":""""},{""amount"":1,""name"":""干欧芹碎"",""unit"":""""},{""amount"":1,""name"":""鸡蛋"",""unit"":""""},{""amount"":0.5,""name"":""柠檬角"",""unit"":""""}]","[""蟹"",""卡真"",""辣味"",""少于30分钟"",""午餐/零食""]"
148012,牛肉爱好者梦想三明治,681.2,72.9,30.9,28.4,11.5,2.5,7.6,853.1,204.7,1,lunch,"[{""amount"":2,""name"":""洋葱"",""unit"":""""},{""amount"":1,""name"":""白糖"",""unit"":""""},{""amount"":3,""name"":""黄油"",""unit"":""-4""},{""amount"":2,""name"":""小褐菇"",""unit"":""""},{""amount"":3,""name"":""大蒜"",""unit"":""""},{""amount"":1,""name"":""牛肉高汤"",""unit"":""-2""},{""amount"":1.5,""name"":""番茄酱"",""unit"":""""},{""amount"":3,""name"":""伍斯特酱"",""unit"":""""},{""amount"":6,""name"":""第戎芥末酱"",""unit"":""""},{""amount"":2,""name"":""烤牛肉"",""unit"":""""},{""amount"":2,""name"":""瑞士奶酪"",""unit"":""""},{""amount"":3,""name"":""波罗伏洛奶酪"",""unit"":""""}]","[""奶酪"",""肉"",""高蛋白"",""高含量..."",""少于60分钟"",""炉灶顶"",""简单"",""午餐/零食""]"
157210,印度风味鸡肉沙拉,750.2,67.5,59.5,28.6,6.9,9.4,42.6,246.2,175.2,1,lunch,"[{""amount"":0.3333333333333333,""name"":""原味酸奶"",""unit"":""""},{""amount"":1,""name"":""蛋黄酱"",""unit"":""""},{""amount"":2,""name"":""苹果"",""unit"":""""},{""amount"":3,""name"":""芹菜茎"",""unit"":""""},{""amount"":3,""name"":""葡萄干"",""unit"":""""},{""amount"":0.25,""name"":""咖喱粉"",""unit"":""""},{""amount"":0.25,""name"":""葛拉姆马萨拉"",""unit"":""""}]","[""午餐/零食"",""鸡胸肉"",""鸡肉"",""禽肉"",""水果"",""肉"",""少于15分钟"",""新手厨师"",""简单"",""一餐即食""]"
363083,简易慢炖锅鸡肉,548.3,72.5,21.6,17.6,6.9,1.9,4.4,1784,192.2,1,lunch,"[{""amount"":2.5,""name"":""去骨去皮鸡胸肉"",""unit"":""""},{""amount"":12,""name"":""微辣莎莎酱"",""unit"":""""}]","[""鸡胸肉"",""鸡肉"",""禽肉"",""肉"",""简单"",""午餐/零食""]"
242951,艾米烤牛肉法式蘸酱,607.7,73.3,10.9,28,11,0.1,8.4,368.1,231.3,4,lunch,"[{""amount"":3,""name"":""牛眼肉芯烤"",""unit"":""-5""},{""amount"":0.25,""name"":""伍斯特酱"",""unit"":""""},{""amount"":1,""name"":""鲜蒜"",""unit"":""""},{""amount"":2,""name"":""红糖"",""unit"":""-3""}]","[""极低碳水化合物"",""高蛋白"",""高含量..."",""少于60分钟"",""新手厨师"",""简单"",""午餐/零食""]"
32983,卡真鱼片,409,72.5,3.3,10.1,1.9,1.6,0.4,555,190.8,2,lunch,"[{""amount"":1,""name"":""辣椒粉"",""unit"":""""},{""amount"":0.75,""name"":""大蒜粉"",""unit"":""""},{""amount"":1,""name"":""干百里香"",""unit"":""""},{""amount"":0.25,""name"":""百里香"",""unit"":""""},{""amount"":0.25,""name"":""盐"",""unit"":""""},{""amount"":1,""name"":""现磨黑胡椒"",""unit"":""""},{""amount"":2,""name"":""辣椒粉"",""unit"":""""},{""amount"":2,""name"":""橄榄油"",""unit"":""""},{""amount"":0,""name"":""大比目鱼片"",""unit"":""""},{""amount"":0,""name"":""柠檬角"",""unit"":""""}]","[""金枪鱼"",""大比目鱼"",""卡真"",""加拿大"",""极低碳水化合物"",""无乳糖"",""高蛋白"",""健康"",""不含..."",""高含量..."",""辣味"",""烤/炙烤"",""少于15分钟"",""烤箱"",""简单"",""午餐/零食""]"
123732,火箭棒！分层冰棒,668.4,71.9,100,0.1,0.1,0,99.8,179.9,0,1,lunch,"[{""amount"":1,""name"":""明胶"",""unit"":""""},{""amount"":0.5,""name"":""白糖"",""unit"":""""},{""amount"":1,""name"":""开水"",""unit"":""""}]","[""甜点"",""午餐/零食"",""低胆固醇"",""适合幼儿"",""健康"",""适合儿童"",""夏季"",""少于60分钟"",""新手厨师"",""简单"",""便宜"",""冷冻甜点""]"
366539,法式蘸汁三明治（低脂版）,821.2,66.9,77.1,29.8,11.7,11.3,14.8,1137.8,158.4,1,lunch,"[{""amount"":1,""name"":""烤牛肉"",""unit"":""""},{""amount"":6,""name"":""黄洋葱"",""unit"":""""},{""amount"":1,""name"":""瑞士奶酪"",""unit"":""""},{""amount"":1,""name"":""牛肉高汤"",""unit"":""""},{""amount"":0.5,""name"":""橄榄油"",""unit"":""""}]","[""烤牛肉"",""肉"",""适合儿童"",""少于30分钟"",""便宜"",""午餐/零食""]"
10852,蒜香蘑菇烤鳟鱼,825.8,73.7,10.6,53.9,12.8,2.1,2.4,304.1,221.6,5,lunch,"[{""amount"":5,""name"":""鳟鱼"",""unit"":""""},{""amount"":0.5,""name"":""橄榄油"",""unit"":""""},{""amount"":5,""name"":""大蒜"",""unit"":""""},{""amount"":0.5,""name"":""现磨黑胡椒"",""unit"":""- 3/4""},{""amount"":0.25,""name"":""盐"",""unit"":""- 1/2""},{""amount"":4,""name"":""新鲜蘑菇"",""unit"":""""},{""amount"":4,""name"":""黄油"",""unit"":""""},{""amount"":3,""name"":""小葱"",""unit"":""""},{""amount"":2,""name"":""柠檬"",""unit"":""""},{""amount"":0,""name"":""欧芹"",""unit"":""""}]","[""鳟鱼"",""蔬菜"",""欧洲"",""极低碳水化合物"",""高蛋白"",""适合儿童"",""高含量..."",""少于60分钟"",""烤箱"",""新手厨师"",""简单"",""午餐/零食""]"
308921,印度香料烤鸡沙拉配酸辣酱汁,613.2,68,56.5,12.8,3.4,5.1,20.7,786.9,145.2,4,lunch,"[{""amount"":1,""name"":""咖喱粉"",""unit"":""""},{""amount"":2,""name"":""姜粉"",""unit"":""""},{""amount"":0.75,""name"":""盐"",""unit"":""""},{""amount"":0.5,""name"":""孜然粉"",""unit"":""""},{""amount"":0.5,""name"":""多香果粉"",""unit"":""""},{""amount"":0.25,""name"":""水"",""unit"":""""},{""amount"":0.25,""name"":""去皮鸡胸肉"",""unit"":""""},{""amount"":2,""name"":""面粉"",""unit"":""""},{""amount"":2,""name"":""芒果酸辣酱"",""unit"":""""},{""amount"":4,""name"":""水"",""unit"":""""},{""amount"":0.25,""name"":""橄榄油"",""unit"":""""},{""amount"":6,""name"":""西洋菜"",""unit"":""""},{""amount"":0.25,""name"":""芒果"",""unit"":""""},{""amount"":2,""name"":""圣女果"",""unit"":""""},{""amount"":1,""name"":""菲达奶酪"",""unit"":""""},{""amount"":6,""name"":""深色葡萄干"",""unit"":""""},{""amount"":1,""name"":""烤大豆"",""unit"":""""},{""amount"":1,""name"":""新鲜粗磨黑胡椒"",""unit"":""""}]","[""鸡肉"",""禽肉"",""蔬菜"",""肉"",""少于60分钟"",""沙拉酱""]"
439208,P90X香脆烤鸡,574,65.6,53.6,11.2,2.3,8,6.9,1072.4,136.9,4,lunch,"[{""amount"":8,""name"":""去骨去皮鸡胸肉"",""unit"":""""},{""amount"":3,""name"":""伍斯特酱"",""unit"":""""},{""amount"":1,""name"":""黑胡椒"",""unit"":""""},{""amount"":1,""name"":""盐"",""unit"":""""}]","[""高蛋白"",""健康"",""高含量..."",""少于60分钟"",""午餐/零食""]"
531903,烤火鸡蘸酱配融化格鲁耶尔奶酪,843.8,74.6,40.7,41.1,18.9,2.1,3.8,741.5,224.3,6,lunch,"[{""amount"":3,""name"":""无盐黄油"",""unit"":""""},{""amount"":1,""name"":""新鲜百里香叶"",""unit"":""""},{""amount"":1,""name"":""新鲜迷迭香"",""unit"":""""},{""amount"":1,""name"":""粗黑胡椒碎"",""unit"":""""},{""amount"":0.5,""name"":""洋葱"",""unit"":""""},{""amount"":3,""name"":""低钠鸡汤"",""unit"":""""},{""amount"":1,""name"":""伍斯特酱"",""unit"":""""},{""amount"":6,""name"":""火鸡胸肉"",""unit"":""""},{""amount"":12,""name"":""法式长棍面包"",""unit"":""""},{""amount"":0,""name"":""格鲁耶尔奶酪"",""unit"":""""}]","[""禽肉"",""肉"",""高蛋白"",""高含量..."",""烤"",""烤箱"",""简单"",""午餐/零食""]"
490860,鸡肉卷,867.5,71.9,70.2,31.2,9,4.3,6,2099.1,240.1,1,lunch,"[{""amount"":2,""name"":""切达干酪（陈年）"",""unit"":""""},{""amount"":2,""name"":""牛奶"",""unit"":""""},{""amount"":1,""name"":""盐"",""unit"":""""},{""amount"":1,""name"":""黑胡椒"",""unit"":""""}]","[""鸡胸肉"",""鸡肉"",""禽肉"",""奶酪"",""肉"",""适合幼儿"",""适合儿童"",""犹太洁食"",""工作日夜晚"",""烘焙"",""少于60分钟"",""烤箱"",""新手厨师"",""简单"",""便宜"",""午餐/零食""]"
331189,白卡佐尼,967.9,76.8,15.3,67,33,3.7,4.9,1913,251.2,2,lunch,"[{""amount"":1,""name"":""罗勒青酱"",""unit"":""""},{""amount"":4,""name"":""马苏里拉奶酪"",""unit"":""""},{""amount"":0.5,""name"":""黄油"",""unit"":""""},{""amount"":1,""name"":""橄榄油"",""unit"":""""},{""amount"":1,""name"":""洋葱"",""unit"":""""},{""amount"":0.5,""name"":""蒜瓣"",""unit"":""""},{""amount"":1,""name"":""鸡胸肉"",""unit"":""""},{""amount"":2,""name"":""盐"",""unit"":""""},{""amount"":0.5,""name"":""黑胡椒"",""unit"":""""},{""amount"":0.5,""name"":""蘑菇"",""unit"":""""},{""amount"":2,""name"":""瑞可塔奶酪"",""unit"":""""},{""amount"":3,""name"":""帕玛森奶酪"",""unit"":""""}]","[""欧洲"",""少于60分钟"",""午餐/零食""]"
440269,烤烧烤肉糕,805.2,75.1,5.8,51.1,19.3,0.6,2,568.1,370.4,1,lunch,"[{""amount"":3,""name"":""碎牛肉"",""unit"":""""},{""amount"":12,""name"":""猪肉"",""unit"":""""},{""amount"":3,""name"":""鸡蛋"",""unit"":""""},{""amount"":0.75,""name"":""烧烤酱"",""unit"":""""},{""amount"":0.5,""name"":""水"",""unit"":""""},{""amount"":2,""name"":""大蒜粉"",""unit"":""""},{""amount"":1,""name"":""盐"",""unit"":""""},{""amount"":1,""name"":""胡椒"",""unit"":""""}]","[""肉"",""适合幼儿"",""适合儿童"",""工作日夜晚"",""新手厨师"",""少于4小时"",""简单"",""午餐/零食""]"
473925,CC安格斯市场辣酱,745.2,62.7,72.8,21.6,7.2,14,19.2,948,127.2,15,lunch,"[{""amount"":4.25,""name"":""猪肉香肠"",""unit"":""""},{""amount"":1,""name"":""丁香"",""unit"":""""},{""amount"":9,""name"":""甜椒"",""unit"":""""},{""amount"":3,""name"":""番茄"",""unit"":""""},{""amount"":3,""name"":""番茄泥"",""unit"":""""},{""amount"":6,""name"":""麦芽啤酒"",""unit"":""""},{""amount"":1,""name"":""蘑菇"",""unit"":""""},{""amount"":1,""name"":""干罗勒"",""unit"":""""},{""amount"":8,""name"":""辣椒粉"",""unit"":""""},{""amount"":3,""name"":""辣椒粉"",""unit"":""""},{""amount"":2,""name"":""盐"",""unit"":""""},{""amount"":3,""name"":""黑胡椒"",""unit"":""""},{""amount"":1,""name"":""高粱"",""unit"":""""},{""amount"":4,""name"":""蜂蜜"",""unit"":""""},{""amount"":6,""name"":""干黑豆"",""unit"":""""}]","[""午餐/零食"",""蔬菜"",""供多人食用"",""少于4小时"",""炖""]"
348239,法式蘸汁牛肉三明治,576.6,71,24.5,21.4,7.7,1.4,1.1,1379.7,160.9,6,lunch,"[{""amount"":3,""name"":""烤牛肉"",""unit"":""""},{""amount"":1,""name"":""胡椒"",""unit"":""""},{""amount"":3,""name"":""水"",""unit"":""""}]","[""烤牛肉"",""肉"",""加拿大"",""少于4小时"",""午餐/零食""]"
462143,低碳水三文鱼配奶油莎莎酱,768.8,74.4,9,47.7,21.8,1.3,5.3,675,249.8,2,lunch,"[{""amount"":1,""name"":""酸奶油"",""unit"":""""},{""amount"":2,""name"":""干莳萝"",""unit"":""""},{""amount"":3,""name"":""莎莎酱"",""unit"":""""},{""amount"":2,""name"":""第戎芥末酱"",""unit"":""""},{""amount"":2,""name"":""柠檬汁"",""unit"":""""},{""amount"":1.5,""name"":""三文鱼柳"",""unit"":""""},{""amount"":0.5,""name"":""大蒜粉"",""unit"":""""},{""amount"":0.5,""name"":""黑胡椒"",""unit"":""""}]","[""极低碳水化合物"",""工作日夜晚"",""少于30分钟"",""简单"",""午餐/零食""]"
354071,帕玛森鸡肉皮塔饼,554.5,66.5,42.5,13.1,3,6.1,2.5,874.2,140.6,1,lunch,"[{""amount"":2,""name"":""黄瓜"",""unit"":""""},{""amount"":2,""name"":""凉拌西兰花丝混合菜"",""unit"":""""},{""amount"":1,""name"":""红洋葱"",""unit"":""""},{""amount"":1.5,""name"":""橄榄油"",""unit"":""""},{""amount"":0.375,""name"":""大蒜粉"",""unit"":""""},{""amount"":0.125,""name"":""现磨黑胡椒"",""unit"":""""},{""amount"":0.125,""name"":""辣椒粉"",""unit"":""""},{""amount"":1,""name"":""调味盐"",""unit"":""""},{""amount"":1,""name"":""柠檬汁"",""unit"":""""},{""amount"":0.25,""name"":""帕玛森奶酪"",""unit"":""""},{""amount"":0.25,""name"":""辣椒粉"",""unit"":""""},{""amount"":0.5,""name"":""干欧芹"",""unit"":""""},{""amount"":1,""name"":""大蒜粉"",""unit"":""""},{""amount"":1,""name"":""现磨黑胡椒"",""unit"":""""},{""amount"":0,""name"":""去骨去皮鸡胸肉"",""unit"":""""}]","[""少于30分钟"",""午餐/零食""]"
508673,金枪鱼白豆沙拉,577,62.4,45.8,15.2,2.5,10.9,2,756.5,55.2,2,lunch,"[{""amount"":1,""name"":""橄榄油浸金枪鱼"",""unit"":""""},{""amount"":1,""name"":""红酒醋"",""unit"":""""},{""amount"":0.5,""name"":""第戎芥末酱"",""unit"":""""},{""amount"":1,""name"":""白豆"",""unit"":""""},{""amount"":0.5,""name"":""芹菜"",""unit"":""""},{""amount"":0.25,""name"":""红洋葱"",""unit"":""""},{""amount"":0.3333333333333333,""name"":""欧芹"",""unit"":""""},{""amount"":1,""name"":""干迷迭香"",""unit"":""""}]","[""低胆固醇"",""高蛋白"",""健康"",""高含量..."",""少于15分钟"",""简单"",""午餐/零食""]"
502602,亚洲金枪鱼小汉堡,956.5,71.2,105.4,25.8,5.8,4.4,12.2,1622.2,86.2,4,lunch,"[{""amount"":2,""name"":""金枪鱼排"",""unit"":""""},{""amount"":3,""name"":""蒜瓣"",""unit"":""-4""},{""amount"":2,""name"":""酱油"",""unit"":""""},{""amount"":1,""name"":""韭菜"",""unit"":""""},{""amount"":2,""name"":""盐"",""unit"":""""},{""amount"":16,""name"":""现磨黑胡椒"",""unit"":""""},{""amount"":0.5,""name"":""特级初榨橄榄油"",""unit"":""""},{""amount"":1,""name"":""腌姜"",""unit"":""""},{""amount"":0.5,""name"":""英式黄瓜"",""unit"":""""}]","[""金枪鱼"",""蔬菜"",""适合幼儿"",""适合儿童"",""工作日夜晚"",""烤/炙烤"",""少于60分钟"",""烤箱"",""炉灶顶"",""小型电器"",""午餐/零食""]"
473473,基米猫法式蘸酱三明治,701.5,72.4,22.6,35.7,16.7,1,3.9,527.6,221.2,1,lunch,"[{""amount"":2,""name"":""烤牛肉"",""unit"":""""},{""amount"":4,""name"":""切达奶酪"",""unit"":""""},{""amount"":4,""name"":""酸奶油"",""unit"":""""},{""amount"":0.5,""name"":""韭菜"",""unit"":""""}]","[""奶酪"",""肉"",""工作日夜晚"",""少于15分钟"",""简单"",""午餐/零食""]"
243323,鸡肉牛油果沙拉三明治,832.3,56.2,59.6,44.9,10.9,23.1,12.2,823.1,114.6,2,lunch,"[{""amount"":8,""name"":""山核桃"",""unit"":""""},{""amount"":2,""name"":""芹菜"",""unit"":""""},{""amount"":0.25,""name"":""红洋葱"",""unit"":""""},{""amount"":0.25,""name"":""第戎芥末酱"",""unit"":""""},{""amount"":1,""name"":""鲜榨柠檬汁"",""unit"":""""},{""amount"":0.5,""name"":""犹太盐"",""unit"":""""},{""amount"":1,""name"":""蛋黄酱"",""unit"":""""},{""amount"":0.125,""name"":""蛋黄酱"",""unit"":""""},{""amount"":3,""name"":""第戎芥末酱"",""unit"":""""},{""amount"":4,""name"":""牛油果"",""unit"":""""},{""amount"":2,""name"":""波罗伏洛奶酪"",""unit"":""""},{""amount"":1,""name"":""罗马生菜叶"",""unit"":""""}]","[""鸡肉"",""禽肉"",""奶酪"",""肉"",""少于15分钟"",""午餐/零食""]"
307980,一桶鸡配牧场蘸酱,662.6,69,64.7,12.7,6.2,2.7,13,436.5,154.1,4,lunch,"[{""amount"":4,""name"":""白脱牛奶"",""unit"":""""},{""amount"":2,""name"":""蒜瓣"",""unit"":""""},{""amount"":2,""name"":""新鲜平叶欧芹"",""unit"":""-3""},{""amount"":4,""name"":""新鲜莳萝"",""unit"":""""},{""amount"":4,""name"":""新鲜细香葱"",""unit"":""""},{""amount"":2,""name"":""盐"",""unit"":""""},{""amount"":1,""name"":""现磨黑胡椒"",""unit"":""""},{""amount"":2,""name"":""鸡里脊"",""unit"":""""},{""amount"":2,""name"":""菜籽油"",""unit"":""""},{""amount"":8,""name"":""面粉"",""unit"":""-12""},{""amount"":0.5,""name"":""葱"",""unit"":""""},{""amount"":0,""name"":""酸奶油"",""unit"":""""}]","[""鸡胸肉"",""鸡肉"",""禽肉"",""肉"",""健康"",""适合儿童"",""咸味"",""少于60分钟"",""冷藏"",""炉灶顶"",""午餐/零食""]"
252236,法式蘸汁三明治速成版,715.5,72.1,34.8,31.6,15.2,1.4,1.5,1668.2,159.3,4,lunch,"[{""amount"":1,""name"":""通用面粉"",""unit"":""""},{""amount"":2,""name"":""烤牛肉"",""unit"":""""},{""amount"":1.5,""name"":""波罗伏洛奶酪"",""unit"":""""}]","[""高蛋白"",""高含量..."",""少于15分钟"",""简单"",""午餐/零食""]"
355346,卡真风味全料鸡肉汉堡,735.2,66.9,15.7,45.6,14.3,8.1,0.9,1018.6,196.2,4,lunch,"[{""amount"":4,""name"":""去皮鸡胸肉"",""unit"":""""},{""amount"":2,""name"":""橄榄油"",""unit"":""""},{""amount"":4,""name"":""烟熏培根"",""unit"":""""},{""amount"":2,""name"":""牛油果"",""unit"":""""},{""amount"":4,""name"":""奶酪"",""unit"":""""},{""amount"":4,""name"":""蛋黄酱"",""unit"":""""},{""amount"":1,""name"":""孜然粉"",""unit"":""""},{""amount"":1,""name"":""芫荽粉"",""unit"":""""},{""amount"":1,""name"":""辣椒粉"",""unit"":""""}]","[""鸡胸肉"",""鸡肉"",""禽肉"",""肉"",""卡真"",""加拿大"",""欧洲"",""少于60分钟"",""新手厨师"",""简单"",""便宜"",""午餐/零食""]"
424208,清蒸三文鱼配彩虹蔬菜,447.5,69.2,15.7,11.6,1.9,2.4,4.8,273.9,165.4,1,lunch,"[{""amount"":1,""name"":""三文鱼柳"",""unit"":""""},{""amount"":1,""name"":""西兰花小朵"",""unit"":""""},{""amount"":0.25,""name"":""红薯"",""unit"":""""},{""amount"":0.5,""name"":""甜菜"",""unit"":""""},{""amount"":5,""name"":""蘑菇"",""unit"":""""}]","[""蔬菜"",""极低碳水化合物"",""健康"",""少于30分钟"",""简单"",""午餐/零食""]"
190007,古巴风味烤汉堡,920.4,74.6,35.2,52.4,20.9,1.8,6.9,2076.2,237.9,4,lunch,"[{""amount"":2,""name"":""蛋黄酱"",""unit"":""""},{""amount"":0.5,""name"":""烤大蒜"",""unit"":""""},{""amount"":3,""name"":""第戎芥末酱"",""unit"":""""},{""amount"":0.25,""name"":""瑞士奶酪"",""unit"":""""},{""amount"":4,""name"":""烟熏火腿"",""unit"":""""},{""amount"":8,""name"":""莳萝腌黄瓜"",""unit"":""""}]","[""肉"",""加勒比"",""高蛋白"",""高含量..."",""少于30分钟"",""午餐/零食""]"
149228,法式蘸汁牛肉三明治,883,74.2,19.1,54,21.1,1.2,0.1,829.5,239.5,1,lunch,"[{""amount"":1,""name"":""牛臀尖肉烤肉"",""unit"":""""},{""amount"":1,""name"":""黑胡椒粉"",""unit"":""""},{""amount"":1.5,""name"":""蒜汁"",""unit"":""""}]","[""烤牛肉"",""肉"",""烤"",""烤箱"",""少于4小时"",""午餐/零食""]"
329348,托斯卡纳鸡肉意面,711.1,56.9,81.2,18.4,5.3,18.5,1.5,227.7,95.1,2,lunch,"[{""amount"":2,""name"":""通心粉"",""unit"":""""},{""amount"":10,""name"":""鸡胸肉"",""unit"":""""},{""amount"":4,""name"":""白腰豆"",""unit"":""""},{""amount"":1,""name"":""橄榄油"",""unit"":""""},{""amount"":1,""name"":""蒜瓣"",""unit"":""""},{""amount"":1,""name"":""迷迭香"",""unit"":""""},{""amount"":0.5,""name"":""红甜椒"",""unit"":""""},{""amount"":2,""name"":""帕玛森奶酪"",""unit"":""""}]","[""健康"",""少于30分钟"",""午餐/零食""]"
39989,烧烤姜味杜松子鸡,879.2,73.9,7.2,59.9,18.1,0.6,4,316.9,294.4,1,lunch,"[{""amount"":8,""name"":""原味酸奶"",""unit"":""""},{""amount"":8,""name"":""大蒜"",""unit"":""""},{""amount"":1,""name"":""鲜姜"",""unit"":""""},{""amount"":1.5,""name"":""辣椒粉"",""unit"":""""}]","[""鸡肉"",""禽肉"",""肉"",""辣味"",""工作日夜晚"",""烤/炙烤"",""烤箱"",""简单"",""午餐/零食""]"
10881,印度鸡肉咖喱,923.9,46.3,97.3,48.7,19.5,38.1,6.5,178.4,112.5,4,lunch,"[{""amount"":600,""name"":""鸡肉"",""unit"":""""},{""amount"":2,""name"":""土豆"",""unit"":""""},{""amount"":4,""name"":""咖喱粉（鸡肉用）"",""unit"":""""},{""amount"":1,""name"":""椰奶"",""unit"":""""},{""amount"":1,""name"":""洋葱"",""unit"":""""},{""amount"":2,""name"":""大蒜"",""unit"":""""},{""amount"":0.5,""name"":""姜"",""unit"":""""},{""amount"":1,""name"":""肉桂棒"",""unit"":""""},{""amount"":2,""name"":""青辣椒"",""unit"":""""},{""amount"":0,""name"":""盐"",""unit"":""""}]","[""鸡肉"",""土豆"",""禽肉"",""蔬菜"",""肉"",""亚洲"",""印度"",""辣味"",""少于60分钟"",""午餐/零食""]"
372293,黄油豆金枪鱼芹菜籽沙拉,696.8,64.4,30.5,34.5,5.2,8.5,0.9,1506.8,64.4,4,lunch,"[{""amount"":2,""name"":""鲜榨柠檬汁"",""unit"":""""},{""amount"":2,""name"":""第戎芥末酱"",""unit"":""""},{""amount"":0.25,""name"":""特级初榨橄榄油"",""unit"":""""},{""amount"":1,""name"":""特级初榨橄榄油"",""unit"":""""},{""amount"":0.5,""name"":""韭菜"",""unit"":""""},{""amount"":4,""name"":""犹太盐"",""unit"":""""},{""amount"":3,""name"":""新鲜研磨黑胡椒"",""unit"":""""},{""amount"":2,""name"":""橄榄油浸金枪鱼"",""unit"":""""},{""amount"":1.5,""name"":""芹菜茎"",""unit"":""""},{""amount"":0,""name"":""黄油豆"",""unit"":""""},{""amount"":0,""name"":""刺山柑"",""unit"":""""}]","[""金枪鱼"",""豆类"",""欧洲"",""低胆固醇"",""健康"",""适合儿童"",""咸味"",""少于30分钟"",""免煮"",""午餐/零食""]"
74870,意大利火鸡三明治,479.8,68.3,36.6,4.5,1,2.4,2.8,800.3,155,10,lunch,"[{""amount"":5.5,""name"":""青椒"",""unit"":""""},{""amount"":0.5,""name"":""洋葱"",""unit"":""""},{""amount"":1,""name"":""辣椒酱"",""unit"":""""},{""amount"":0.25,""name"":""白醋"",""unit"":""""},{""amount"":3,""name"":""干牛至"",""unit"":""""},{""amount"":2,""name"":""牛肉汤粒"",""unit"":""""}]","[""禽肉"",""肉"",""高蛋白"",""健康"",""高含量..."",""感恩节"",""工作日夜晚"",""午餐/零食""]"
117986,三文鱼培根生菜番茄三明治,963.8,73.5,25.7,61.9,15,1.7,5.6,1378,226.9,4,lunch,"[{""amount"":1,""name"":""蛋黄酱"",""unit"":""""},{""amount"":2,""name"":""白玉米面"",""unit"":""""},{""amount"":0.25,""name"":""日式面包糠"",""unit"":""""},{""amount"":2,""name"":""干百里香"",""unit"":""""},{""amount"":0.25,""name"":""干牛至"",""unit"":""""},{""amount"":0.25,""name"":""盐"",""unit"":""""},{""amount"":0.25,""name"":""现磨黑胡椒"",""unit"":""""},{""amount"":0.5,""name"":""辣椒粉"",""unit"":""""},{""amount"":0.75,""name"":""三文鱼柳"",""unit"":""""},{""amount"":4,""name"":""盐"",""unit"":""""},{""amount"":8,""name"":""新鲜研磨黑胡椒"",""unit"":""""},{""amount"":12,""name"":""橄榄油"",""unit"":""""},{""amount"":12,""name"":""芝麻菜"",""unit"":""""},{""amount"":0,""name"":""新鲜番茄"",""unit"":""""},{""amount"":0,""name"":""培根"",""unit"":""""}]","[""少于60分钟"",""炉灶顶"",""午餐/零食""]"
398293,低脂高蛋白金枪鱼沙拉,540.8,66.3,31.5,16.8,4.3,4.7,11.1,1039.3,84.4,1,lunch,"[{""amount"":1,""name"":""金枪鱼"",""unit"":""""},{""amount"":0.5,""name"":""低脂白软干酪"",""unit"":""- 1""},{""amount"":2,""name"":""鲜豌豆"",""unit"":""""},{""amount"":0.25,""name"":""葱"",""unit"":""""},{""amount"":6,""name"":""青柠"",""unit"":""""},{""amount"":1,""name"":""酸苹果"",""unit"":""""}]","[""低胆固醇"",""健康"",""适合儿童"",""家常菜聚餐"",""少于15分钟"",""午餐/零食""]"
168012,水牛城辣鸡柳,731.3,69.6,37.3,26.1,7.8,1.9,8.2,887.2,152.2,1,lunch,"[{""amount"":2,""name"":""水"",""unit"":""""},{""amount"":2,""name"":""去骨去皮鸡胸肉"",""unit"":""""},{""amount"":0.75,""name"":""脱脂原味酸奶"",""unit"":""""},{""amount"":0.25,""name"":""蓝纹奶酪"",""unit"":""""},{""amount"":1,""name"":""红酒醋"",""unit"":""""},{""amount"":2,""name"":""干雪利酒"",""unit"":""""},{""amount"":0.5,""name"":""伍斯特酱"",""unit"":""""},{""amount"":0.3333333333333333,""name"":""大蒜粉"",""unit"":""""},{""amount"":0.25,""name"":""黑胡椒"",""unit"":""""}]","[""鸡胸肉"",""鸡肉"",""禽肉"",""肉"",""少于30分钟"",""午餐/零食""]"
425754,快手法式蘸酱,840.9,69.4,85,24,8,3.6,10.8,937.7,140.8,4,lunch,"[{""amount"":1,""name"":""烤牛肉"",""unit"":""""},{""amount"":1,""name"":""芝士片"",""unit"":""""},{""amount"":1,""name"":""水"",""unit"":""""}]","[""肉"",""少于15分钟"",""新手厨师"",""简单"",""便宜"",""午餐/零食""]"
17581,世界最棒至尊大份玉米片！,900.5,63.7,78.6,37.4,9.9,12.5,5.9,1375.4,150.5,4,lunch,"[{""amount"":1,""name"":""墨西哥玉米片"",""unit"":""""},{""amount"":2,""name"":""番茄"",""unit"":""""},{""amount"":1,""name"":""洋葱"",""unit"":""""},{""amount"":1,""name"":""青橄榄"",""unit"":""""},{""amount"":1,""name"":""黑橄榄"",""unit"":""""},{""amount"":1,""name"":""蘑菇"",""unit"":""""},{""amount"":0.5,""name"":""低脂酸奶油"",""unit"":""""},{""amount"":0.5,""name"":""水"",""unit"":""""},{""amount"":1,""name"":""青辣椒"",""unit"":""""},{""amount"":3,""name"":""洋葱"",""unit"":""""},{""amount"":2,""name"":""生菜"",""unit"":""""}]","[""午餐/零食"",""奶酪"",""豆类"",""蔬菜"",""肉"",""墨西哥风味"",""美国西南部"",""墨西哥"",""家常菜聚餐"",""辣味"",""微波"",""少于60分钟"",""烤箱"",""新手厨师"",""炉灶顶"",""小型电器"",""简单"",""便宜"",""一餐即食""]"
52756,炒牛肝,586.1,68.3,15.8,26.3,6,1.3,0.2,256.1,916.7,3,lunch,"[{""amount"":1,""name"":""肝脏"",""unit"":""""},{""amount"":2,""name"":""红辣椒粉"",""unit"":""""},{""amount"":1,""name"":""姜黄粉"",""unit"":""""},{""amount"":1,""name"":""盐"",""unit"":""""},{""amount"":3,""name"":""薄荷叶"",""unit"":""""}]","[""牛内脏"",""牛肝"",""肉"",""亚洲"",""印度"",""辣味"",""少于60分钟"",""午餐/零食""]"
450683,墨西哥金枪鱼豆子沙拉,786.2,61,64.1,33.3,5.4,13.5,16.7,1339.4,87.5,2,lunch,"[{""amount"":2,""name"":""牛油果"",""unit"":""""},{""amount"":1,""name"":""番茄"",""unit"":""""},{""amount"":1,""name"":""葱"",""unit"":""""},{""amount"":4,""name"":""红辣椒"",""unit"":""""},{""amount"":4,""name"":""水浸金枪鱼"",""unit"":""""}]","[""金枪鱼"",""豆类"",""墨西哥"",""家常菜聚餐"",""咸味"",""少于15分钟"",""简单"",""午餐/零食""]"
65508,烤鸡肉串,611.4,67.4,14.7,30.9,4.7,2.3,2.8,771.7,164.6,1,lunch,"[{""amount"":1.25,""name"":""去骨去皮鸡胸肉"",""unit"":""""},{""amount"":0.25,""name"":""特级初榨橄榄油"",""unit"":""""},{""amount"":2,""name"":""柠檬汁"",""unit"":""""},{""amount"":2,""name"":""大蒜"",""unit"":""""},{""amount"":1,""name"":""新鲜薄荷"",""unit"":""""},{""amount"":1,""name"":""新鲜牛至"",""unit"":""""},{""amount"":0.5,""name"":""盐"",""unit"":""""},{""amount"":0.5,""name"":""黑胡椒粉"",""unit"":""""},{""amount"":1,""name"":""红洋葱"",""unit"":""""},{""amount"":1,""name"":""黄甜椒"",""unit"":""""}]","[""洋葱"",""蔬菜"",""亚洲"",""印度"",""工作日夜晚"",""烤/炙烤"",""烤箱"",""少于4小时"",""午餐/零食""]"
129883,玉米黑豆芒果莎莎酱,848,40,180.1,4.7,1,40.9,30.9,21.9,0,1,lunch,"[{""amount"":1,""name"":""冷冻玉米"",""unit"":""""},{""amount"":1,""name"":""新鲜玉米"",""unit"":""""},{""amount"":0.5,""name"":""芒果"",""unit"":""""},{""amount"":0.3333333333333333,""name"":""红洋葱"",""unit"":""""},{""amount"":1,""name"":""黑豆"",""unit"":""""},{""amount"":1,""name"":""香菜"",""unit"":""""},{""amount"":0.3333333333333333,""name"":""青柠汁"",""unit"":""""}]","[""午餐/零食"",""芒果"",""热带水果"",""玉米"",""水果"",""蔬菜"",""少于15分钟"",""新手厨师"",""简单"",""酱料""]"
246391,酥脆鱼卷澳式5点,527.2,66.9,53.5,3.4,0.7,2.6,2.3,474.6,133.7,4,lunch,"[{""amount"":1,""name"":""中筋面粉"",""unit"":""""},{""amount"":2,""name"":""法式长棍面包"",""unit"":""""},{""amount"":6,""name"":""低脂蛋黄酱"",""unit"":""""},{""amount"":2,""name"":""生菜叶"",""unit"":""""},{""amount"":6,""name"":""黄瓜"",""unit"":""""}]","[""少于30分钟"",""简单"",""午餐/零食""]"
284773,正宗南佛罗里达古巴三明治,692.8,70.1,32.1,29.6,12.3,1.3,1.5,1617.1,186.8,6,lunch,"[{""amount"":6,""name"":""火腿"",""unit"":""""},{""amount"":1,""name"":""猪肉"",""unit"":""""},{""amount"":1,""name"":""火鸡胸肉"",""unit"":""""},{""amount"":1,""name"":""瑞士奶酪"",""unit"":""""},{""amount"":0.5,""name"":""腌黄瓜"",""unit"":""""},{""amount"":0,""name"":""芥末"",""unit"":""""},{""amount"":0,""name"":""黄油"",""unit"":""""},{""amount"":0,""name"":""人造黄油"",""unit"":""""}]","[""猪肉"",""肉"",""高蛋白"",""高含量..."",""少于15分钟"",""午餐/零食""]"
346508,洋蓟虾仁沙拉三明治,701.6,58.2,61,26.6,4,15.3,5.6,1116.9,345.6,2,lunch,"[{""amount"":1,""name"":""小虾"",""unit"":""""},{""amount"":1,""name"":""洋蓟心"",""unit"":""""},{""amount"":0.5,""name"":""番茄丁"",""unit"":""""},{""amount"":1,""name"":""特级初榨橄榄油"",""unit"":""""},{""amount"":1,""name"":""葱叶"",""unit"":""""},{""amount"":1,""name"":""新鲜罗勒叶"",""unit"":""""},{""amount"":2,""name"":""鲜榨柠檬汁"",""unit"":""""},{""amount"":2,""name"":""罗马生菜叶"",""unit"":""""},{""amount"":4,""name"":""牛油果"",""unit"":""""}]","[""蟹"",""少于15分钟"",""简单"",""午餐/零食""]"
402932,美味三明治,670.6,40.9,119.8,11.9,1.8,37.6,23.9,1410,3.8,4,lunch,"[{""amount"":1,""name"":""鹰嘴豆"",""unit"":""""},{""amount"":0.5,""name"":""芹菜"",""unit"":""""},{""amount"":0.25,""name"":""洋葱"",""unit"":""""},{""amount"":0.25,""name"":""葱"",""unit"":""""},{""amount"":2,""name"":""柠檬汁"",""unit"":""""},{""amount"":1,""name"":""蛋黄酱"",""unit"":""""},{""amount"":0.25,""name"":""生菜"",""unit"":""""},{""amount"":8,""name"":""番茄"",""unit"":""""},{""amount"":8,""name"":""芥末"",""unit"":""""}]","[""纯素"",""咸味"",""少于4小时"",""简单"",""午餐/零食""]"
436170,摇滚金枪鱼三明治,583.3,52.5,70.6,15,4.1,21.6,9.2,1173.5,42.7,1,lunch,"[{""amount"":1,""name"":""轻块金枪鱼"",""unit"":""""},{""amount"":2,""name"":""蛋黄酱"",""unit"":""""},{""amount"":2,""name"":""辣椒粉"",""unit"":""""},{""amount"":0.25,""name"":""大蒜粉"",""unit"":""""},{""amount"":1,""name"":""干欧芹碎"",""unit"":""""},{""amount"":1.5,""name"":""美式奶酪"",""unit"":""""},{""amount"":4,""name"":""莳萝泡菜片"",""unit"":""""}]","[""金枪鱼"",""低胆固醇"",""高蛋白"",""健康"",""高含量..."",""少于15分钟"",""简单"",""午餐/零食""]"
342381,莫尔孔肉卷（菲律宾）,657.6,69.4,17.4,33.3,12.2,1,8.1,557.5,280.9,1,lunch,"[{""amount"":2,""name"":""牛腹肉心"",""unit"":""""},{""amount"":2,""name"":""人造黄油"",""unit"":""""},{""amount"":0.5,""name"":""猪肉末"",""unit"":""""},{""amount"":0.5,""name"":""鸡蛋"",""unit"":""""},{""amount"":1,""name"":""切达奶酪"",""unit"":""""},{""amount"":3,""name"":""柠檬汁"",""unit"":""""},{""amount"":0.5,""name"":""葡萄干"",""unit"":""""},{""amount"":2,""name"":""熟鸡蛋"",""unit"":""""},{""amount"":2,""name"":""水"",""unit"":""""},{""amount"":1,""name"":""葡萄酒醋"",""unit"":""""},{""amount"":2,""name"":""洋葱"",""unit"":""""},{""amount"":2,""name"":""蒜瓣"",""unit"":""""},{""amount"":0.25,""name"":""黑胡椒粒"",""unit"":""""}]","[""牛排"",""肉"",""菲律宾人"",""亚洲"",""冬季"",""圣诞"",""炉灶顶"",""少于4小时"",""午餐/零食""]"
346074,香草蒜香豆,700.5,40,113.3,11.6,1.7,38.3,3.9,74.4,0,1,lunch,"[{""amount"":2,""name"":""橄榄油"",""unit"":""""},{""amount"":1,""name"":""洋葱"",""unit"":""""},{""amount"":1,""name"":""芹菜"",""unit"":""""},{""amount"":1,""name"":""胡萝卜"",""unit"":""""},{""amount"":1,""name"":""蒜瓣"",""unit"":""""},{""amount"":1,""name"":""红芸豆"",""unit"":""""},{""amount"":1,""name"":""黑豆"",""unit"":""""},{""amount"":1,""name"":""菜豆"",""unit"":""""},{""amount"":0.5,""name"":""罐装整颗番茄"",""unit"":""""},{""amount"":1,""name"":""新鲜百里香"",""unit"":""""},{""amount"":2,""name"":""白葡萄酒"",""unit"":""""}]","[""黑豆"",""豆类"",""蔬菜"",""少于15分钟"",""午餐/零食""]"
85101,橙姜汁烤康沃尔鸡,460.3,69,16.2,11.5,2.9,0.4,12.8,529.1,309.9,4,lunch,"[{""amount"":0.75,""name"":""鲜姜"",""unit"":""""},{""amount"":2,""name"":""低钠酱油"",""unit"":""""},{""amount"":1,""name"":""蜂蜜"",""unit"":""""},{""amount"":2,""name"":""水"",""unit"":""""},{""amount"":1,""name"":""玉米淀粉"",""unit"":""""},{""amount"":2,""name"":""盐"",""unit"":""""},{""amount"":2,""name"":""胡椒"",""unit"":""""},{""amount"":0.25,""name"":""姜粉"",""unit"":""""},{""amount"":0.5,""name"":""葱"",""unit"":""""}]","[""橙子"",""禽肉"",""柑橘"",""水果"",""肉"",""辣味"",""甜味"",""少于60分钟"",""烤箱"",""炉灶顶"",""午餐/零食""]"
175558,健康德克尔,657.5,63.3,47.9,24.5,8.1,8.4,8.5,1930.1,127,1,lunch,"[{""amount"":3,""name"":""低脂切达奶酪"",""unit"":""""},{""amount"":2,""name"":""番茄"",""unit"":""""},{""amount"":1,""name"":""生菜叶"",""unit"":""""},{""amount"":3,""name"":""苜蓿芽"",""unit"":""""},{""amount"":1,""name"":""鸡胸肉"",""unit"":""""},{""amount"":180,""name"":""大蒜"",""unit"":""""},{""amount"":1,""name"":""酱油"",""unit"":""""},{""amount"":0.5,""name"":""粗黑胡椒碎"",""unit"":""""}]","[""鸡胸肉"",""鸡肉"",""禽肉"",""肉"",""少于15分钟"",""便宜"",""午餐/零食""]"
362867,填馅烤猪排,594.9,69.1,3,31.2,13.9,0.5,1,313.3,225.6,1,lunch,"[{""amount"":3,""name"":""去骨猪肩肉"",""unit"":""""},{""amount"":4,""name"":""奶油奶酪"",""unit"":""""},{""amount"":0.5,""name"":""切达干酪（陈年）"",""unit"":""""},{""amount"":1,""name"":""青葱"",""unit"":""""},{""amount"":4,""name"":""油浸番茄干"",""unit"":""""},{""amount"":0.5,""name"":""青椒"",""unit"":""""},{""amount"":1,""name"":""鲜蒜"",""unit"":""""},{""amount"":1,""name"":""干甜罗勒叶"",""unit"":""""},{""amount"":2,""name"":""欧芹"",""unit"":""""},{""amount"":1,""name"":""辣椒粉"",""unit"":""""},{""amount"":0.3333333333333333,""name"":""墨西哥辣椒酱"",""unit"":""""},{""amount"":0.3333333333333333,""name"":""鸡汤"",""unit"":""""},{""amount"":3,""name"":""干白葡萄酒"",""unit"":""""},{""amount"":2,""name"":""干韭菜"",""unit"":""""},{""amount"":0,""name"":""甜罗勒"",""unit"":""""}]","[""猪肉"",""肉"",""极低碳水化合物"",""高蛋白"",""高含量..."",""咸味"",""少于4小时"",""简单"",""午餐/零食""]"
176833,慢炖锅酱香对决烧烤猪肉三明治,858.5,71.8,26.6,49.5,17,0.9,8,353.1,204.1,1,lunch,"[{""amount"":1,""name"":""姜汁汽水"",""unit"":""""},{""amount"":1,""name"":""烟熏液"",""unit"":""""},{""amount"":1,""name"":""烧烤酱"",""unit"":""""}]","[""午餐/零食"",""猪肉"",""肉"",""新手厨师"",""简单"",""一餐即食""]"
347973,终极超级食物三明治,613.5,62.3,39,24.4,9.7,8.9,7.8,540.5,167.4,1,lunch,"[{""amount"":1,""name"":""去皮鸡胸肉"",""unit"":""""},{""amount"":2,""name"":""黄油"",""unit"":""""},{""amount"":1,""name"":""牛油果"",""unit"":""""},{""amount"":0.25,""name"":""意大利熏火腿"",""unit"":""""},{""amount"":1,""name"":""西洋菜"",""unit"":""""},{""amount"":2,""name"":""番茄"",""unit"":""""}]","[""鸡肉"",""禽肉"",""肉"",""欧洲"",""适合儿童"",""咸味"",""少于15分钟"",""午餐/零食""]"
175536,南方炸鸡,999.1,72.4,49.5,54.3,15.9,1.8,0.3,562.9,312.5,4,lunch,"[{""amount"":1,""name"":""肉用仔鸡"",""unit"":""""},{""amount"":0.5,""name"":""盐"",""unit"":""""},{""amount"":0.125,""name"":""胡椒"",""unit"":""""},{""amount"":2,""name"":""通用面粉"",""unit"":""""},{""amount"":1,""name"":""红辣椒碎"",""unit"":""""},{""amount"":1,""name"":""鸡蛋"",""unit"":""""},{""amount"":0.5,""name"":""牛奶"",""unit"":""""}]","[""鸡肉"",""禽肉"",""肉"",""高蛋白"",""高含量..."",""少于60分钟"",""简单"",""午餐/零食""]"
41606,改良烤卷饼,957.5,70,62.5,47.3,22.2,5.9,14.1,1193.7,200.9,1,lunch,"[{""amount"":2,""name"":""瘦牛肉末"",""unit"":""""},{""amount"":1,""name"":""牛至"",""unit"":""""},{""amount"":2,""name"":""洋葱"",""unit"":""""},{""amount"":1,""name"":""孜然"",""unit"":""""},{""amount"":12,""name"":""青辣椒"",""unit"":""""},{""amount"":8,""name"":""蒙特利杰克奶酪"",""unit"":""""},{""amount"":4,""name"":""大蒜"",""unit"":""""},{""amount"":15,""name"":""罐装炖番茄"",""unit"":""""},{""amount"":10,""name"":""面粉玉米饼"",""unit"":""""}]","[""奶酪"",""水果"",""蔬菜"",""肉"",""墨西哥风味"",""美国西南部"",""墨西哥"",""适合儿童"",""辣味"",""少于30分钟"",""烤箱"",""新手厨师"",""简单"",""便宜"",""午餐/零食""]"
328693,香芒酸甜鸡沙拉,920.3,67.3,65.1,47.4,34.5,11.1,48.4,651.9,136.9,2,lunch,"[{""amount"":2,""name"":""柠檬草"",""unit"":""""},{""amount"":14,""name"":""椰奶"",""unit"":""""},{""amount"":2,""name"":""去皮鸡胸肉"",""unit"":""""},{""amount"":2,""name"":""椰糖"",""unit"":""""},{""amount"":1,""name"":""芒果"",""unit"":""""},{""amount"":0.25,""name"":""黄瓜"",""unit"":""""},{""amount"":4,""name"":""葱"",""unit"":""""},{""amount"":1,""name"":""新鲜红辣椒"",""unit"":""""},{""amount"":0.25,""name"":""薄荷叶"",""unit"":""""},{""amount"":1,""name"":""香菜叶"",""unit"":""""},{""amount"":1,""name"":""生菜"",""unit"":""""},{""amount"":1,""name"":""烤花生"",""unit"":""""},{""amount"":1,""name"":""鱼露"",""unit"":""""},{""amount"":1,""name"":""姜根"",""unit"":""""},{""amount"":0,""name"":""青柠，汁和皮屑"",""unit"":""""},{""amount"":0,""name"":""椰糖"",""unit"":""""}]","[""鸡胸肉"",""鸡肉"",""芒果"",""禽肉"",""热带水果"",""水果"",""肉"",""亚洲"",""适合儿童"",""夏季"",""辣味"",""咸味"",""少于60分钟"",""午餐/零食""]"
92061,多米尼加风味炸鸡皮,756.9,68.2,57.6,27.1,7.7,2.7,2.5,1852.6,181.6,1,lunch,"[{""amount"":0.5,""name"":""鲜青柠汁"",""unit"":""""},{""amount"":2,""name"":""酱油"",""unit"":""""},{""amount"":1,""name"":""伍斯特酱"",""unit"":""""},{""amount"":2,""name"":""大蒜"",""unit"":""""},{""amount"":1.25,""name"":""去骨鸡胸肉"",""unit"":""""},{""amount"":1,""name"":""面粉"",""unit"":""""},{""amount"":1,""name"":""甜红椒粉"",""unit"":""""},{""amount"":0.75,""name"":""黑胡椒"",""unit"":""""},{""amount"":0.5,""name"":""盐"",""unit"":""""}]","[""鸡胸肉"",""鸡肉"",""禽肉"",""肉"",""加勒比"",""无乳糖"",""高蛋白"",""无蛋"",""适合儿童"",""不含..."",""高含量..."",""咸味"",""油炸"",""简单"",""午餐/零食""]"
43728,西南鸡肉黑豆汤,567,50.3,68.2,11.2,2.5,23.5,3.3,833.6,72.6,1,lunch,"[{""amount"":1,""name"":""去骨去皮鸡胸肉"",""unit"":""""},{""amount"":1,""name"":""碎番茄"",""unit"":""""},{""amount"":2,""name"":""鸡汤"",""unit"":""""},{""amount"":3,""name"":""黑豆"",""unit"":""""},{""amount"":1,""name"":""青椒"",""unit"":""""},{""amount"":1,""name"":""红甜椒"",""unit"":""""},{""amount"":1,""name"":""洋葱"",""unit"":""""},{""amount"":1,""name"":""柠檬汁"",""unit"":""""},{""amount"":6,""name"":""人造黄油"",""unit"":""-8""},{""amount"":2,""name"":""调味盐"",""unit"":""""},{""amount"":1,""name"":""月桂叶"",""unit"":""""},{""amount"":1,""name"":""龙蒿"",""unit"":""""},{""amount"":1,""name"":""牛至"",""unit"":""""},{""amount"":1,""name"":""肉桂"",""unit"":""""}]","[""鸡肉"",""禽肉"",""黑豆"",""豆类"",""肉"",""美国西南部"",""冬季"",""辣味"",""工作日夜晚"",""炉灶顶"",""小型电器"",""少于4小时"",""午餐/零食""]"
176442,金枪鱼小食,883.2,69,78.5,30.9,8.5,3.4,2.4,1789,86,1,lunch,"[{""amount"":12,""name"":""橄榄油浸金枪鱼"",""unit"":""""},{""amount"":3,""name"":""刺山柑"",""unit"":""""},{""amount"":0.3333333333333333,""name"":""蛋黄酱"",""unit"":""""},{""amount"":2,""name"":""鲜榨柠檬汁"",""unit"":""""},{""amount"":0.75,""name"":""百吉饼"",""unit"":""""},{""amount"":4,""name"":""瑞士奶酪"",""unit"":""""},{""amount"":4,""name"":""红洋葱"",""unit"":""""}]","[""金枪鱼"",""少于30分钟"",""午餐/零食""]"
254971,温柠檬青柠洛神花虾配夏朗德皮诺酒,508.5,68.9,7.8,21,7.2,0.2,2.6,534.3,541.5,1,lunch,"[{""amount"":24,""name"":""独活草"",""unit"":""""},{""amount"":25,""name"":""芹菜叶"",""unit"":""""},{""amount"":4,""name"":""法式酸奶油"",""unit"":""""},{""amount"":3,""name"":""青柠，汁和皮屑"",""unit"":""""},{""amount"":0.5,""name"":""柠檬，汁和皮"",""unit"":""""},{""amount"":0.5,""name"":""细砂糖"",""unit"":""""},{""amount"":1,""name"":""细砂糖"",""unit"":""""},{""amount"":1,""name"":""橄榄油"",""unit"":""""},{""amount"":50,""name"":""第戎芥末酱"",""unit"":""""},{""amount"":1,""name"":""盐"",""unit"":""""},{""amount"":0,""name"":""胡椒"",""unit"":""""},{""amount"":0,""name"":""混合生菜"",""unit"":""""},{""amount"":0,""name"":""独活草"",""unit"":""""},{""amount"":0,""name"":""青柠"",""unit"":""""},{""amount"":0,""name"":""柠檬"",""unit"":""""}]","[""蔬菜"",""西班牙语"",""欧洲"",""少于15分钟"",""简单"",""午餐/零食""]"
86533,烟熏肉铺巨无霸汉堡,979.3,74.1,28,61.8,26.5,1.4,5.6,1989.2,257.9,1,lunch,"[{""amount"":1,""name"":""碎牛肉"",""unit"":""""},{""amount"":3,""name"":""烧烤酱"",""unit"":""""},{""amount"":5,""name"":""塔巴斯科®品牌奇波特雷辣椒酱"",""unit"":""-6""},{""amount"":1.5,""name"":""烟熏液"",""unit"":""""},{""amount"":0.5,""name"":""洋葱"",""unit"":""""},{""amount"":0.25,""name"":""烟熏高达奶酪"",""unit"":""""},{""amount"":0.25,""name"":""切达奶酪"",""unit"":""""},{""amount"":0.5,""name"":""烟熏火腿"",""unit"":""""},{""amount"":2,""name"":""橄榄油"",""unit"":""-3""},{""amount"":0,""name"":""烧烤酱"",""unit"":""""},{""amount"":0,""name"":""芥末"",""unit"":""""}]","[""肉"",""高蛋白"",""适合儿童"",""高含量..."",""少于60分钟"",""炉灶顶"",""午餐/零食""]"
146394,意式金枪鱼焗意面,940.9,65.8,94.5,33.4,15,9.3,17.1,1103.2,123.3,4,lunch,"[{""amount"":1,""name"":""洋葱"",""unit"":""""},{""amount"":2,""name"":""橄榄油"",""unit"":""""},{""amount"":2,""name"":""罐头金枪鱼"",""unit"":""""},{""amount"":2,""name"":""切碎番茄"",""unit"":""""},{""amount"":4,""name"":""番茄膏"",""unit"":""""},{""amount"":1,""name"":""牛至"",""unit"":""""},{""amount"":0.5,""name"":""大蒜颗粒"",""unit"":""""},{""amount"":1,""name"":""新鲜罗勒"",""unit"":""""},{""amount"":2,""name"":""贝壳意面"",""unit"":""""},{""amount"":4,""name"":""切达奶酪"",""unit"":""""},{""amount"":1.5,""name"":""马苏里拉奶酪"",""unit"":""""}]","[""金枪鱼"",""贝壳意面"",""蔬菜"",""适合儿童"",""少于60分钟"",""烤箱"",""简单"",""便宜"",""午餐/零食""]"
262734,乡村风味烟熏香肠火腿豌豆汤,624.4,60.8,29.9,28.1,9.6,11.1,6.4,2469.1,146.8,4,lunch,"[{""amount"":8,""name"":""熟火腿"",""unit"":""-10""},{""amount"":2,""name"":""烟熏香肠"",""unit"":""""},{""amount"":1,""name"":""洋葱"",""unit"":""""},{""amount"":2,""name"":""胡萝卜"",""unit"":""""},{""amount"":4,""name"":""小扁豆"",""unit"":""""},{""amount"":4,""name"":""新鲜欧芹"",""unit"":""""},{""amount"":2,""name"":""火腿"",""unit"":""""}]","[""午餐/零食"",""火腿"",""猪肉"",""扁豆"",""洋葱"",""豆类"",""蔬菜"",""肉"",""苏格兰"",""威尔士"",""欧洲"",""高蛋白"",""适合儿童"",""高含量..."",""冬季"",""少于4小时"",""简单"",""库存""]"
475302,鸡肉提卡烤串,700,69.3,45.5,25.6,14.9,1.1,40.8,325.7,286.4,1,lunch,"[{""amount"":10,""name"":""去骨去皮鸡腿肉"",""unit"":""""},{""amount"":1,""name"":""红洋葱"",""unit"":""""},{""amount"":3,""name"":""椰奶"",""unit"":""""},{""amount"":0.5,""name"":""鲜榨柠檬汁"",""unit"":""""}]","[""鸡肉"",""禽肉"",""椰子"",""洋葱"",""水果"",""蔬菜"",""肉"",""印度"",""工作日夜晚"",""少于30分钟"",""简单"",""午餐/零食""]"
368159,家常炖猪肉,597.7,68,5.4,31.9,12,0.7,2.4,153.9,208.7,1,lunch,"[{""amount"":4,""name"":""猪肉"",""unit"":""""},{""amount"":3,""name"":""墨角兰"",""unit"":""""},{""amount"":0.5,""name"":""干马郁兰"",""unit"":""""},{""amount"":4,""name"":""新鲜百里香枝"",""unit"":""""},{""amount"":4,""name"":""干百里香"",""unit"":""""},{""amount"":3,""name"":""月桂叶"",""unit"":""""},{""amount"":10,""name"":""花椒粒"",""unit"":""""},{""amount"":1,""name"":""橙子"",""unit"":""""},{""amount"":1,""name"":""牛奶"",""unit"":""""},{""amount"":0,""name"":""海盐"",""unit"":""""}]","[""猪肉"",""肉"",""墨西哥"",""咸味"",""少于60分钟"",""炉灶顶"",""午餐/零食""]"
13728,速成鸡肉蓝带卷,645.5,68.7,23,28.5,14.9,1.1,1.7,800.2,219.2,1,lunch,"[{""amount"":4,""name"":""去骨去皮鸡胸肉半块"",""unit"":""""},{""amount"":2,""name"":""第戎芥末酱"",""unit"":""""},{""amount"":0.5,""name"":""辣椒粉"",""unit"":""""},{""amount"":4,""name"":""火腿"",""unit"":""""},{""amount"":1,""name"":""帕玛森奶酪"",""unit"":""""},{""amount"":0.25,""name"":""胡椒"",""unit"":""""},{""amount"":0.25,""name"":""蛋黄酱"",""unit"":""""},{""amount"":0.25,""name"":""黄油"",""unit"":""""},{""amount"":1,""name"":""通用面粉"",""unit"":""""},{""amount"":1,""name"":""牛奶"",""unit"":""""},{""amount"":1,""name"":""瑞士奶酪"",""unit"":""""},{""amount"":0.5,""name"":""白葡萄酒"",""unit"":""""},{""amount"":2,""name"":""鸡汤"",""unit"":""""}]","[""鸡肉"",""猪肉"",""禽肉"",""奶酪"",""肉"",""适合儿童"",""微波"",""少于60分钟"",""新手厨师"",""简单"",""午餐/零食""]"
307715,蒜香西班牙辣肠大虾,527.6,67.9,4.4,23.8,3.6,0.1,0.1,495.4,506.7,6,lunch,"[{""amount"":2,""name"":""橄榄油"",""unit"":""""},{""amount"":125,""name"":""蒜瓣"",""unit"":""""},{""amount"":6,""name"":""虎虾"",""unit"":""""},{""amount"":2,""name"":""干雪利酒"",""unit"":""""},{""amount"":0.5,""name"":""柠檬角"",""unit"":""""}]","[""少于60分钟"",""简单"",""午餐/零食""]"
470120,披萨小狗,902.2,70.6,52.1,44,18.6,2.7,7.5,1335.5,197.9,1,lunch,"[{""amount"":2,""name"":""汉堡"",""unit"":""""},{""amount"":0.5,""name"":""洋葱"",""unit"":""""},{""amount"":2,""name"":""牛至"",""unit"":""""},{""amount"":2,""name"":""罗勒"",""unit"":""""},{""amount"":1,""name"":""马苏里拉奶酪"",""unit"":""""}]","[""肉"",""高蛋白"",""适合幼儿"",""适合儿童"",""高含量..."",""家常菜聚餐"",""工作日夜晚"",""少于30分钟"",""简单"",""便宜"",""午餐/零食""]"
415717,香辣鸡肉意面,687.6,64.9,28.3,34.5,8.8,5.1,3.2,348.1,185.6,1,lunch,"[{""amount"":0.5,""name"":""通心粉"",""unit"":""""},{""amount"":4,""name"":""鸡胸肉"",""unit"":""""},{""amount"":1,""name"":""李子番茄"",""unit"":""""},{""amount"":2,""name"":""番茄膏"",""unit"":""""},{""amount"":2,""name"":""蒜瓣"",""unit"":""""},{""amount"":0.25,""name"":""柠檬汁"",""unit"":""""},{""amount"":1,""name"":""橄榄油"",""unit"":""""},{""amount"":3,""name"":""盐"",""unit"":""""}]","[""午餐/零食"",""鸡胸肉"",""鸡肉"",""通心粉"",""禽肉"",""肉"",""少于30分钟"",""一餐即食""]"
416571,藜麦脆皮鸡柳,651.1,62.5,57.1,18,2.9,6.8,0.3,878.4,145.3,4,lunch,"[{""amount"":2,""name"":""去骨去皮鸡胸肉"",""unit"":""""},{""amount"":1,""name"":""盐"",""unit"":""""},{""amount"":2,""name"":""大蒜粉"",""unit"":""""},{""amount"":2,""name"":""现磨黑胡椒"",""unit"":""""},{""amount"":2,""name"":""辣椒粉"",""unit"":""""},{""amount"":2,""name"":""藜麦"",""unit"":""""},{""amount"":0.5,""name"":""藜麦"",""unit"":""""},{""amount"":2,""name"":""橄榄油"",""unit"":""""}]","[""鸡胸肉"",""鸡肉"",""禽肉"",""谷物"",""肉"",""适合儿童"",""少于30分钟"",""炉灶顶"",""简单"",""午餐/零食""]"
338480,鸡肉斯卡帕里耶洛,568.8,67.3,13.1,21.1,5.3,0.5,0.7,596,174.7,2,lunch,"[{""amount"":1.25,""name"":""去骨去皮鸡胸肉半块"",""unit"":""""},{""amount"":3,""name"":""通用面粉"",""unit"":""""},{""amount"":2,""name"":""橄榄油"",""unit"":""""},{""amount"":2,""name"":""黄油"",""unit"":""""},{""amount"":2,""name"":""火葱"",""unit"":""""},{""amount"":2,""name"":""蒜瓣"",""unit"":""""},{""amount"":1,""name"":""水"",""unit"":""""},{""amount"":0.5,""name"":""白葡萄酒"",""unit"":""""},{""amount"":1,""name"":""鸡高汤块"",""unit"":""""},{""amount"":0.5,""name"":""鸡高汤块"",""unit"":""""},{""amount"":0.25,""name"":""干迷迭香"",""unit"":""""},{""amount"":1,""name"":""盐"",""unit"":""""},{""amount"":0,""name"":""黑胡椒粉"",""unit"":""""}]","[""鸡胸肉"",""鸡肉"",""禽肉"",""肉"",""极低碳水化合物"",""少于60分钟"",""简单"",""午餐/零食""]"
408007,香脆烤鸡柳,679.4,62.5,57,22,12.5,9,6.8,944,182.4,1,lunch,"[{""amount"":2,""name"":""白脱牛奶"",""unit"":""""},{""amount"":2,""name"":""大蒜"",""unit"":""""},{""amount"":1,""name"":""犹太盐"",""unit"":""""},{""amount"":1,""name"":""新鲜研磨黑胡椒"",""unit"":""""},{""amount"":1,""name"":""去骨去皮鸡胸肉"",""unit"":""""},{""amount"":2,""name"":""无盐黄油"",""unit"":""""}]","[""鸡胸肉"",""鸡肉"",""禽肉"",""肉"",""适合儿童"",""工作日夜晚"",""少于60分钟"",""简单"",""午餐/零食""]"
454169,玉米饼火鸡碎肉塔可,752.6,64.9,43.4,37,15.8,7.4,5.7,1074.3,206.9,1,lunch,"[{""amount"":0.25,""name"":""橄榄油"",""unit"":""""},{""amount"":0.25,""name"":""洋葱"",""unit"":""""},{""amount"":1,""name"":""火鸡绞肉"",""unit"":""""},{""amount"":0.75,""name"":""莎莎酱"",""unit"":""""},{""amount"":1,""name"":""辣椒粉"",""unit"":""""},{""amount"":1,""name"":""大蒜粉"",""unit"":""""},{""amount"":6,""name"":""玉米饼"",""unit"":""""},{""amount"":1,""name"":""蒙特利杰克奶酪"",""unit"":""-2""}]","[""禽肉"",""肉"",""少于30分钟"",""午餐/零食""]"
318257,葡萄叶烤牛肉,733.7,30.2,113,19.4,7.1,51.7,37.1,1224.4,77.1,1,lunch,"[{""amount"":1,""name"":""碎牛肉"",""unit"":""""},{""amount"":0.25,""name"":""黑胡椒"",""unit"":""""},{""amount"":0.5,""name"":""辣椒粉"",""unit"":""""},{""amount"":0.25,""name"":""花生"",""unit"":""""},{""amount"":1,""name"":""鱼露"",""unit"":""""},{""amount"":0.5,""name"":""泰国罗勒"",""unit"":""""},{""amount"":1,""name"":""蜂蜜"",""unit"":""""},{""amount"":3,""name"":""白糖"",""unit"":""""},{""amount"":0.5,""name"":""盐"",""unit"":""""},{""amount"":0.5,""name"":""葡萄叶"",""unit"":""""},{""amount"":4,""name"":""黄油生菜叶"",""unit"":""-6""},{""amount"":3,""name"":""薄荷叶"",""unit"":""""},{""amount"":3,""name"":""青柠叶"",""unit"":""""},{""amount"":3,""name"":""泰国罗勒"",""unit"":""""},{""amount"":3,""name"":""香菜"",""unit"":""""},{""amount"":3,""name"":""胡萝卜"",""unit"":""""},{""amount"":6,""name"":""凉薯"",""unit"":""""}]","[""肉"",""柬埔寨"",""印度尼西亚"",""亚洲"",""春季"",""少于30分钟"",""午餐/零食""]"
360736,烧烤猪肉三明治,616.5,66.6,32.5,23.1,8,1.6,22.4,892.7,194.9,1,lunch,"[{""amount"":2,""name"":""去骨猪肩肉"",""unit"":""-3""},{""amount"":0.75,""name"":""洋葱"",""unit"":""""},{""amount"":1,""name"":""烧烤酱"",""unit"":""""},{""amount"":0.25,""name"":""蜂蜜"",""unit"":""""}]","[""猪肉"",""肉"",""高蛋白"",""高含量..."",""新手厨师"",""简单"",""午餐/零食""]"
98436,烟熏切达辣椒牧场肉饼,867.6,72,6.7,59.7,24.6,1.2,2.9,1575.5,446.7,4,lunch,"[{""amount"":0.25,""name"":""培根"",""unit"":""""},{""amount"":1.75,""name"":""猪肉末"",""unit"":""""},{""amount"":0.75,""name"":""鸡蛋"",""unit"":""""},{""amount"":4,""name"":""伍斯特酱"",""unit"":""""},{""amount"":0.25,""name"":""现磨黑胡椒"",""unit"":""""},{""amount"":1,""name"":""盐"",""unit"":""""},{""amount"":1,""name"":""新鲜香菜"",""unit"":""""},{""amount"":2,""name"":""墨西哥牛至"",""unit"":""""},{""amount"":0.3333333333333333,""name"":""烟熏切达奶酪"",""unit"":""""}]","[""猪肉"",""肉"",""冬季"",""烤箱"",""新手厨师"",""少于4小时"",""简单"",""午餐/零食""]"
203670,O”特制三明治,633,63.2,66.9,12.9,2.4,5,27.2,867.4,170.2,6,lunch,"[{""amount"":20,""name"":""黑胡椒粒"",""unit"":""""},{""amount"":2,""name"":""月桂叶"",""unit"":""""},{""amount"":2,""name"":""丁香"",""unit"":""""},{""amount"":0.5,""name"":""柠檬"",""unit"":""""},{""amount"":3,""name"":""辣棕芥末"",""unit"":""""},{""amount"":0.5,""name"":""辣棕芥末"",""unit"":""""},{""amount"":2,""name"":""蜂蜜"",""unit"":""""},{""amount"":0.5,""name"":""咖喱粉"",""unit"":""""},{""amount"":1.25,""name"":""柠檬胡椒"",""unit"":""""},{""amount"":0.75,""name"":""盐"",""unit"":""""},{""amount"":0.125,""name"":""黄油"",""unit"":""""},{""amount"":1,""name"":""胡萝卜"",""unit"":""""},{""amount"":0.5,""name"":""番茄"",""unit"":""""},{""amount"":0.5,""name"":""混合生菜"",""unit"":""""},{""amount"":2,""name"":""红葡萄"",""unit"":""""},{""amount"":5,""name"":""浆果"",""unit"":""""}]","[""少于30分钟"",""午餐/零食""]"
473353,公路杀手或橱柜清空辣椒,528,56.6,45.6,12.6,3.8,14.4,11,1029.3,147.5,15,lunch,"[{""amount"":3,""name"":""猪肉"",""unit"":""""},{""amount"":2,""name"":""火鸡"",""unit"":""""},{""amount"":1,""name"":""甜椒"",""unit"":""""},{""amount"":2,""name"":""洋葱"",""unit"":""""},{""amount"":2,""name"":""芹菜"",""unit"":""""},{""amount"":2,""name"":""大蒜"",""unit"":""""},{""amount"":1,""name"":""番茄酱"",""unit"":""""},{""amount"":2,""name"":""整颗番茄"",""unit"":""""},{""amount"":0.5,""name"":""辣椒粉"",""unit"":""""},{""amount"":30,""name"":""孜然"",""unit"":""""},{""amount"":30,""name"":""墨西哥牛至"",""unit"":""""},{""amount"":6,""name"":""海盐"",""unit"":""""},{""amount"":2,""name"":""黑胡椒粒"",""unit"":""""},{""amount"":2,""name"":""黑啤酒"",""unit"":""""},{""amount"":2,""name"":""菜豆"",""unit"":""""},{""amount"":2,""name"":""黑豆"",""unit"":""""},{""amount"":24,""name"":""番茄丁"",""unit"":""""},{""amount"":32,""name"":""番茄汁"",""unit"":""""}]","[""供多人食用"",""少于4小时"",""自制"",""午餐/零食""]"
23125,夏日鸡肉水果沙拉,640,61.8,48.4,24.4,3.8,6.7,36.8,190.6,139.1,1,lunch,"[{""amount"":2,""name"":""去骨去皮鸡胸肉"",""unit"":""""},{""amount"":3,""name"":""新鲜菠萝"",""unit"":""""},{""amount"":3,""name"":""无籽葡萄"",""unit"":""""},{""amount"":2,""name"":""无糖椰子"",""unit"":""-4""},{""amount"":0.5,""name"":""山核桃"",""unit"":""- 1""},{""amount"":1,""name"":""香草酸奶"",""unit"":""""},{""amount"":1,""name"":""生菜叶"",""unit"":""""}]","[""午餐/零食"",""鸡肉"",""菠萝"",""禽肉"",""热带水果"",""水果"",""肉"",""夏季"",""少于30分钟"",""免煮"",""简单"",""一餐即食""]"
322440,面包糠三文鱼,450.6,67.3,10.6,13.5,2.7,0.6,0.9,336.9,220.4,8,lunch,"[{""amount"":2,""name"":""鸡蛋"",""unit"":""""},{""amount"":0.5,""name"":""牛奶"",""unit"":""""},{""amount"":1,""name"":""柠檬胡椒调味料"",""unit"":""""},{""amount"":2,""name"":""莳萝叶"",""unit"":""""},{""amount"":0.5,""name"":""大蒜粉"",""unit"":""""},{""amount"":0.25,""name"":""三文鱼柳"",""unit"":""""}]","[""少于30分钟"",""简单"",""午餐/零食""]"
28532,菠萝鸡肉,703.7,65.8,51.6,24.2,4.8,2.3,7.5,155.4,168.8,8,lunch,"[{""amount"":3.5,""name"":""去皮鸡肉"",""unit"":""- 4""},{""amount"":1,""name"":""菠萝"",""unit"":""""},{""amount"":1,""name"":""洋葱"",""unit"":""""},{""amount"":2,""name"":""大蒜"",""unit"":""""},{""amount"":4,""name"":""青柠汁"",""unit"":""""},{""amount"":4,""name"":""橄榄油"",""unit"":""""},{""amount"":4,""name"":""白醋"",""unit"":""""},{""amount"":0.5,""name"":""起酥油"",""unit"":""""},{""amount"":2,""name"":""大米"",""unit"":""""},{""amount"":2,""name"":""洋葱"",""unit"":""""},{""amount"":1,""name"":""大蒜"",""unit"":""""},{""amount"":1,""name"":""番茄"",""unit"":""""},{""amount"":1,""name"":""豌豆"",""unit"":""""},{""amount"":2,""name"":""胡萝卜"",""unit"":""""},{""amount"":0.5,""name"":""水"",""unit"":""""},{""amount"":24,""name"":""莫顿轻盐"",""unit"":""""}]","[""一餐即食"",""午餐/零食"",""鸡肉"",""菠萝"",""禽肉"",""大米"",""谷物"",""热带水果"",""水果"",""蔬菜"",""肉"",""危地马拉"",""墨西哥"",""适合儿童"",""家常菜聚餐"",""工作日夜晚"",""炉灶顶"",""少于4小时"",""简单"",""便宜"",""炖""]"
360274,马修的健康金枪鱼融化三明治,452,64.8,31.4,6.9,2.8,3.9,4.6,1121.4,71.6,1,lunch,"[{""amount"":2,""name"":""水浸淡金枪鱼块"",""unit"":""""},{""amount"":1,""name"":""低脂瑞士奶酪"",""unit"":""""}]","[""金枪鱼"",""谷物"",""高蛋白"",""健康"",""高含量..."",""少于15分钟"",""简单"",""午餐/零食""]"
193122,豪华牛排三明治,997.8,68.5,54.4,56.1,23.9,6.3,6.6,816.5,185.8,4,lunch,"[{""amount"":1.5,""name"":""上脑牛排"",""unit"":""""},{""amount"":4,""name"":""洋葱"",""unit"":""""},{""amount"":1,""name"":""番茄"",""unit"":""""},{""amount"":2,""name"":""瑞士奶酪"",""unit"":""""},{""amount"":0.75,""name"":""牛油果"",""unit"":""""},{""amount"":1,""name"":""蛋黄酱"",""unit"":""""},{""amount"":4,""name"":""第戎芥末酱"",""unit"":""""},{""amount"":2,""name"":""大蒜"",""unit"":""""}]","[""牛排"",""肉"",""少于30分钟"",""午餐/零食""]"
117646,胡椒牛肉丝,589.8,65.9,28.9,23.5,11.5,2.5,2.7,2023.7,193.9,6,lunch,"[{""amount"":3,""name"":""去骨烤牛肉"",""unit"":""""},{""amount"":1,""name"":""水"",""unit"":""""},{""amount"":2,""name"":""马苏里拉奶酪"",""unit"":""""}]","[""肉"",""高蛋白"",""高含量..."",""新手厨师"",""简单"",""午餐/零食""]"
96126,慢炖锅费城牛排芝士,937.6,71.2,29.1,57.6,22.3,1.4,5.3,784.9,227.6,1,lunch,"[{""amount"":2,""name"":""洋葱"",""unit"":""""},{""amount"":1,""name"":""蒜瓣"",""unit"":""""},{""amount"":2,""name"":""伍斯特酱"",""unit"":""""},{""amount"":5.25,""name"":""胡椒"",""unit"":""""},{""amount"":2,""name"":""帕玛森奶酪"",""unit"":""""},{""amount"":0.5,""name"":""生菜"",""unit"":""""},{""amount"":0.25,""name"":""番茄"",""unit"":""""},{""amount"":4,""name"":""蛋黄酱"",""unit"":""-6""},{""amount"":0,""name"":""芝士酱"",""unit"":""""},{""amount"":0,""name"":""波罗伏洛奶酪"",""unit"":""""}]","[""午餐/零食"",""牛排"",""洋葱"",""蔬菜"",""肉"",""无蛋"",""适合幼儿"",""适合儿童"",""不含..."",""家常菜聚餐"",""简单"",""一餐即食""]"
490712,北卡罗来纳风味烟熏猪肩肉,789.5,68.3,17.7,48.3,16.8,2.5,11.8,1794.8,238.1,1,lunch,"[{""amount"":8,""name"":""盐"",""unit"":""-10""},{""amount"":4,""name"":""大蒜粉"",""unit"":""""},{""amount"":4,""name"":""洋葱粉"",""unit"":""""},{""amount"":4,""name"":""辣椒粉"",""unit"":""""},{""amount"":4,""name"":""孜然"",""unit"":""""},{""amount"":2,""name"":""黑胡椒"",""unit"":""""},{""amount"":3,""name"":""辣椒粉"",""unit"":""""},{""amount"":1,""name"":""深红糖"",""unit"":""""}]","[""猪肉"",""肉"",""高蛋白"",""高含量..."",""春季"",""夏季"",""冬季"",""冷藏"",""少于4小时"",""简单"",""午餐/零食""]"
19544,蒜香洋蓟蘸酱,729.9,53.5,73.2,30.2,17.6,21.5,25,1664.3,88,1,lunch,"[{""amount"":1,""name"":""大蒜"",""unit"":""""},{""amount"":8,""name"":""帕玛森奶酪"",""unit"":""""},{""amount"":1,""name"":""蛋黄酱"",""unit"":""""},{""amount"":1,""name"":""青辣椒"",""unit"":""""}]","[""午餐/零食"",""少于30分钟"",""烤箱"",""简单"",""涂抹酱""]"
449360,墨西哥鸡肉,624.5,59.5,34.5,23.3,7.9,9.9,8.8,1064.9,176.5,1,lunch,"[{""amount"":2,""name"":""去骨去皮鸡胸肉"",""unit"":""""},{""amount"":1,""name"":""鸡大腿"",""unit"":""""},{""amount"":3,""name"":""洋葱"",""unit"":""""},{""amount"":14,""name"":""蒜瓣"",""unit"":""""},{""amount"":14,""name"":""番茄丁"",""unit"":""""},{""amount"":15,""name"":""黑豆"",""unit"":""""},{""amount"":1,""name"":""莎莎酱"",""unit"":""""},{""amount"":0.25,""name"":""孜然粉"",""unit"":""""},{""amount"":0.25,""name"":""牛至"",""unit"":""""},{""amount"":0.5,""name"":""黑胡椒"",""unit"":""""},{""amount"":1,""name"":""三氯蔗糖代糖"",""unit"":""""},{""amount"":2,""name"":""白葡萄酒"",""unit"":""""},{""amount"":4,""name"":""橄榄油"",""unit"":""""},{""amount"":0,""name"":""奶油奶酪"",""unit"":""""}]","[""豆类"",""蔬菜"",""肉"",""适合儿童"",""少于30分钟"",""简单"",""午餐/零食""]"
312077,火鸡培根芝士汉堡,882.7,67.9,52.8,43.4,18.1,4.4,5.3,1919.9,254.2,4,lunch,"[{""amount"":8,""name"":""瘦火鸡绞肉"",""unit"":""""},{""amount"":2,""name"":""香菜"",""unit"":""""},{""amount"":3,""name"":""盐"",""unit"":""""},{""amount"":1,""name"":""胡椒"",""unit"":""""},{""amount"":1,""name"":""辣椒粉"",""unit"":""""},{""amount"":1,""name"":""洋葱"",""unit"":""""},{""amount"":1,""name"":""蒙特利杰克胡椒奶酪"",""unit"":""""},{""amount"":0.25,""name"":""英式玛芬"",""unit"":""""}]","[""禽肉"",""肉"",""少于60分钟"",""简单"",""午餐/零食""]"
46531,简易金枪鱼意面沙拉,759.6,56.8,95.9,16.9,2.6,13.9,1.1,712.5,55.2,2,lunch,"[{""amount"":0.5,""name"":""通心粉"",""unit"":""""},{""amount"":4,""name"":""大蒜"",""unit"":""""},{""amount"":1,""name"":""柠檬"",""unit"":""""},{""amount"":0.25,""name"":""新鲜罗勒叶"",""unit"":""""},{""amount"":1,""name"":""橄榄油浸金枪鱼"",""unit"":""""},{""amount"":2,""name"":""番茄"",""unit"":""""},{""amount"":0,""name"":""葱"",""unit"":""""},{""amount"":0,""name"":""帕玛森奶酪"",""unit"":""""},{""amount"":0,""name"":""塔巴斯科辣椒酱"",""unit"":""""},{""amount"":0,""name"":""松子仁"",""unit"":""""},{""amount"":0,""name"":""核桃"",""unit"":""""}]","[""午餐/零食"",""金枪鱼"",""低胆固醇"",""高蛋白"",""健康"",""高含量..."",""少于60分钟"",""简单"",""一餐即食""]"
112445,填馅肉丸,906.5,71.8,11.8,62.1,29.1,1.2,3.6,901.8,337,2,lunch,"[{""amount"":1,""name"":""牛肉末"",""unit"":""""},{""amount"":1,""name"":""洋葱"",""unit"":""""},{""amount"":1,""name"":""蒜瓣"",""unit"":""""},{""amount"":1,""name"":""孜然"",""unit"":""""},{""amount"":1,""name"":""混合香草"",""unit"":""""},{""amount"":1,""name"":""盐"",""unit"":""""},{""amount"":0.5,""name"":""胡椒"",""unit"":""""},{""amount"":1,""name"":""鸡蛋"",""unit"":""""},{""amount"":0,""name"":""马苏里拉奶酪"",""unit"":""""},{""amount"":0,""name"":""面粉"",""unit"":""""}]","[""肉"",""苏格兰"",""欧洲"",""适合幼儿"",""适合儿童"",""少于30分钟"",""新手厨师"",""简单"",""便宜"",""午餐/零食""]"
11637,蒜香鸡块配莳萝蘸酱,948.5,71.2,7.7,68.8,19,0.3,5,305.6,296.7,4,lunch,"[{""amount"":1.5,""name"":""鸡翅"",""unit"":""""},{""amount"":2,""name"":""大蒜"",""unit"":""""},{""amount"":2,""name"":""柠檬汁"",""unit"":""""},{""amount"":2,""name"":""辣椒粉"",""unit"":""""},{""amount"":1,""name"":""原味酸奶"",""unit"":""""},{""amount"":1,""name"":""新鲜欧芹"",""unit"":""""},{""amount"":1,""name"":""新鲜莳萝"",""unit"":""""},{""amount"":2,""name"":""干莳萝"",""unit"":""""}]","[""鸡肉"",""禽肉"",""肉"",""极低碳水化合物"",""高蛋白"",""高含量..."",""工作日夜晚"",""烤箱"",""午餐/零食""]"
95534,芝加哥风味意式牛肉“至尊,657.6,67.7,3.2,39.6,15.6,0.4,0.8,517.7,243.2,1,lunch,"[{""amount"":1,""name"":""牛臀肉烤块"",""unit"":""""},{""amount"":0.5,""name"":""大蒜粉"",""unit"":""""},{""amount"":0.5,""name"":""干牛至"",""unit"":""""},{""amount"":0.5,""name"":""黑胡椒"",""unit"":""""},{""amount"":2,""name"":""开水"",""unit"":""""},{""amount"":2,""name"":""牛肉高汤块"",""unit"":""""},{""amount"":2,""name"":""干牛至"",""unit"":""""},{""amount"":1,""name"":""干百里香"",""unit"":""""},{""amount"":0.5,""name"":""黑胡椒"",""unit"":""""},{""amount"":1,""name"":""塔巴斯科辣椒酱"",""unit"":""""},{""amount"":8,""name"":""蒜瓣"",""unit"":""""},{""amount"":2,""name"":""伍斯特酱"",""unit"":""""},{""amount"":0,""name"":""盐"",""unit"":""""}]","[""烤牛肉"",""肉"",""极低碳水化合物"",""高蛋白"",""适合儿童"",""高含量..."",""咸味"",""烤箱"",""简单"",""午餐/零食""]"
24707,香脆鸡柳条,737.7,64.8,75.4,12.8,4.6,3.2,2.5,865.4,168.4,1,lunch,"[{""amount"":4,""name"":""去皮鸡胸肉"",""unit"":""""},{""amount"":1,""name"":""白葡萄酒"",""unit"":""""},{""amount"":2,""name"":""面粉"",""unit"":""""},{""amount"":1,""name"":""牛奶"",""unit"":""""},{""amount"":2,""name"":""胡椒"",""unit"":""""}]","[""鸡肉"",""禽肉"",""肉"",""适合儿童"",""工作日夜晚"",""油炸"",""炉灶顶"",""少于4小时"",""简单"",""午餐/零食""]"
339162,柠檬蛋黄酱水煮三文鱼,725.4,65.5,37.8,31.1,4.7,2.2,10.1,1251,180.6,4,lunch,"[{""amount"":3,""name"":""干白葡萄酒"",""unit"":""""},{""amount"":0.75,""name"":""柠檬"",""unit"":""""},{""amount"":3,""name"":""新鲜莳萝"",""unit"":""""},{""amount"":3,""name"":""花椒粒"",""unit"":""""},{""amount"":4,""name"":""三文鱼柳"",""unit"":""""},{""amount"":4,""name"":""蛋黄酱"",""unit"":""""},{""amount"":1,""name"":""鲜榨柠檬汁"",""unit"":""""},{""amount"":2,""name"":""柠檬皮"",""unit"":""""},{""amount"":2,""name"":""新鲜细香葱"",""unit"":""""},{""amount"":2,""name"":""新鲜欧芹"",""unit"":""""},{""amount"":2,""name"":""奶油生菜叶"",""unit"":""""},{""amount"":4,""name"":""柠檬"",""unit"":""""},{""amount"":8,""name"":""柠檬角"",""unit"":""""},{""amount"":0,""name"":""番茄"",""unit"":""""}]","[""少于60分钟"",""午餐/零食""]"
310381,豌豆火腿汤,644.3,35.7,110.5,9.2,1.4,39.8,18.7,85,0,1,lunch,"[{""amount"":1,""name"":""烟熏猪蹄"",""unit"":""""},{""amount"":2,""name"":""橄榄油"",""unit"":""""},{""amount"":3,""name"":""洋葱"",""unit"":""""},{""amount"":3,""name"":""胡萝卜"",""unit"":""""},{""amount"":3,""name"":""芹菜茎"",""unit"":""""},{""amount"":6,""name"":""蒜瓣"",""unit"":""""},{""amount"":3,""name"":""番茄"",""unit"":""""},{""amount"":0.25,""name"":""新鲜百里香"",""unit"":""""},{""amount"":0.5,""name"":""大麦"",""unit"":""""},{""amount"":2.5,""name"":""糙米"",""unit"":""""},{""amount"":0,""name"":""水"",""unit"":""""}]","[""火腿"",""猪肉"",""肉"",""冬季"",""新手厨师"",""炉灶顶"",""少于4小时"",""简单"",""午餐/零食""]"
481067,印度风味烤三文鱼,431.4,66.4,3.1,15.5,2.8,0.8,1.4,542.8,146.6,4,lunch,"[{""amount"":1,""name"":""孜然粉"",""unit"":""""},{""amount"":1,""name"":""芫荽粉"",""unit"":""""},{""amount"":0.5,""name"":""姜黄"",""unit"":""""},{""amount"":0.5,""name"":""干百里香"",""unit"":""""},{""amount"":0.5,""name"":""茴香籽"",""unit"":""""},{""amount"":0.5,""name"":""黑胡椒"",""unit"":""""},{""amount"":0.25,""name"":""肉桂粉"",""unit"":""""},{""amount"":0.125,""name"":""丁香粉"",""unit"":""""},{""amount"":4,""name"":""三文鱼柳"",""unit"":""""},{""amount"":0.5,""name"":""盐"",""unit"":""""},{""amount"":1,""name"":""橄榄油"",""unit"":""""},{""amount"":0.25,""name"":""脱脂原味酸奶"",""unit"":""""},{""amount"":4,""name"":""柠檬角"",""unit"":""""}]","[""印度"",""工作日夜晚"",""少于30分钟"",""简单"",""午餐/零食""]"
187204,费城芝士牛排配融化芳汀那奶酪和炒红洋葱,900,69.4,36.5,51.6,20.9,2.1,4.2,878.7,204.1,4,lunch,"[{""amount"":3,""name"":""红洋葱"",""unit"":""""},{""amount"":2,""name"":""牛上脑肉"",""unit"":""""},{""amount"":2,""name"":""芳蒂娜奶酪"",""unit"":""""}]","[""牛排"",""奶酪"",""肉"",""高蛋白"",""适合儿童"",""高含量..."",""少于30分钟"",""新手厨师"",""简单"",""午餐/零食""]"
183356,剩烤牛肉烧烤三明治馅,688,65.2,58.7,21.1,7.5,2.3,28.7,1410.2,176.8,1,lunch,"[{""amount"":2,""name"":""烤牛肉"",""unit"":""-3""},{""amount"":12,""name"":""烧烤酱"",""unit"":""""},{""amount"":1,""name"":""洋葱"",""unit"":""""},{""amount"":2,""name"":""腌黄瓜"",""unit"":""""}]","[""烤牛肉"",""肉"",""高蛋白"",""健康"",""高含量..."",""少于30分钟"",""新手厨师"",""简单"",""午餐/零食""]"
239875,烤鸡胸三明治配马苏里拉奶酪、番茄和罗勒,713.8,67.3,3,46.8,13.3,0.6,1.5,363,208,6,lunch,"[{""amount"":0.25,""name"":""特级初榨橄榄油"",""unit"":""""},{""amount"":2,""name"":""特级初榨橄榄油"",""unit"":""""},{""amount"":1,""name"":""柠檬皮屑"",""unit"":""""},{""amount"":1.5,""name"":""鲜榨柠檬汁"",""unit"":""""},{""amount"":1,""name"":""百里香叶"",""unit"":""""},{""amount"":2,""name"":""蒜瓣"",""unit"":""""},{""amount"":2,""name"":""番茄"",""unit"":""""},{""amount"":12,""name"":""鸡胸肉"",""unit"":""""},{""amount"":6,""name"":""新鲜马苏里拉奶酪"",""unit"":""""},{""amount"":6,""name"":""罗勒叶"",""unit"":""""}]","[""鸡胸肉"",""鸡肉"",""禽肉"",""蔬菜"",""肉"",""少于60分钟"",""简单"",""午餐/零食""]"
84207,莎莉生日三文鱼,536.4,65,14.2,21.2,3.3,1,5,512.9,173,4,lunch,"[{""amount"":2,""name"":""黎巴嫩黄瓜"",""unit"":""""},{""amount"":2,""name"":""水"",""unit"":""""},{""amount"":0.5,""name"":""白葡萄酒"",""unit"":""""},{""amount"":1,""name"":""青柠皮屑"",""unit"":""""},{""amount"":2,""name"":""莳萝"",""unit"":""""},{""amount"":4,""name"":""三文鱼柳"",""unit"":""""},{""amount"":0.5,""name"":""蛋黄酱"",""unit"":""""},{""amount"":2,""name"":""颗粒芥末酱"",""unit"":""""},{""amount"":1,""name"":""青柠汁"",""unit"":""""}]","[""澳大利亚"",""咸味"",""少于15分钟"",""炉灶顶"",""简单"",""午餐/零食""]"
72442,莫卧儿肉末豌豆,809.6,67,15,52.4,19.6,3.4,5.8,194.3,240,4,lunch,"[{""amount"":2,""name"":""洋葱"",""unit"":""""},{""amount"":2,""name"":""蒜片"",""unit"":""""},{""amount"":8,""name"":""姜"",""unit"":""""},{""amount"":1,""name"":""盐"",""unit"":""""},{""amount"":1,""name"":""红辣椒粉"",""unit"":""""},{""amount"":1,""name"":""芫荽粉"",""unit"":""""},{""amount"":1,""name"":""孜然粉"",""unit"":""""},{""amount"":1,""name"":""葛拉姆马萨拉粉"",""unit"":""""},{""amount"":2,""name"":""青辣椒"",""unit"":""""},{""amount"":1,""name"":""热水"",""unit"":""""},{""amount"":200,""name"":""青豌豆"",""unit"":""""},{""amount"":1,""name"":""青柠汁"",""unit"":""""}]","[""午餐/零食"",""洋葱"",""蔬菜"",""肉"",""亚洲"",""印度"",""家常菜聚餐"",""辣味"",""工作日夜晚"",""炉灶顶"",""炒"",""少于4小时"",""咖喱""]"
96399,死beat皮特的圣塔菲鸡肉,962.5,70.3,54,51.4,31.8,3.9,8.2,1477.9,216.5,6,lunch,"[{""amount"":0.5,""name"":""禽肉调味料"",""unit"":""""},{""amount"":1,""name"":""新鲜粗磨黑胡椒"",""unit"":""""},{""amount"":2,""name"":""辣椒粉"",""unit"":""""},{""amount"":1,""name"":""洋葱粉"",""unit"":""""},{""amount"":1,""name"":""大蒜颗粒"",""unit"":""""},{""amount"":1,""name"":""盐"",""unit"":""""},{""amount"":4,""name"":""水"",""unit"":""""},{""amount"":4,""name"":""熟白米饭"",""unit"":""""},{""amount"":2,""name"":""青椒"",""unit"":""""},{""amount"":4,""name"":""红洋葱"",""unit"":""""},{""amount"":16,""name"":""无盐黄油"",""unit"":""""},{""amount"":6,""name"":""莎莎酱"",""unit"":""""},{""amount"":16,""name"":""去骨去皮鸡胸肉"",""unit"":""""},{""amount"":16,""name"":""温和切达奶酪"",""unit"":""""},{""amount"":0,""name"":""蒙特利杰克奶酪"",""unit"":""""}]","[""鸡胸肉"",""鸡肉"",""禽肉"",""大米"",""辣椒"",""蔬菜"",""肉"",""夏季"",""烤箱"",""午餐/零食""]"
23839,鸡肉肉汁饼干顶,932.9,68.2,75.9,38.2,11.2,2.3,8.2,2217.9,210.5,1,lunch,"[{""amount"":8,""name"":""去骨去皮鸡胸肉"",""unit"":""""},{""amount"":1,""name"":""粗盐"",""unit"":""""},{""amount"":1,""name"":""面粉"",""unit"":""""},{""amount"":3,""name"":""烟熏培根"",""unit"":""""},{""amount"":2,""name"":""牛奶"",""unit"":""""},{""amount"":1,""name"":""水"",""unit"":""""},{""amount"":1.5,""name"":""黑胡椒"",""unit"":""""},{""amount"":0.5,""name"":""盐"",""unit"":""""},{""amount"":1,""name"":""冷水"",""unit"":""""},{""amount"":0.25,""name"":""鸡蛋"",""unit"":""""}]","[""一餐即食"",""午餐/零食"",""鸡肉"",""猪肉"",""禽肉"",""蔬菜"",""肉"",""春季"",""夏季"",""冬季"",""少于60分钟"",""烤箱"",""炉灶顶"",""炖""]"
345288,拉丁风味鸡肉卷,783.6,54.6,41,46.5,11,17.7,3.6,290.1,112.9,4,lunch,"[{""amount"":1.3333333333333333,""name"":""香菜叶"",""unit"":""""},{""amount"":1,""name"":""蒜瓣"",""unit"":""""},{""amount"":0.25,""name"":""孜然粉"",""unit"":""""},{""amount"":2,""name"":""辣椒粉"",""unit"":""""},{""amount"":0.5,""name"":""蒙特利杰克奶酪"",""unit"":""""},{""amount"":0.5,""name"":""切达奶酪"",""unit"":""""},{""amount"":1,""name"":""特级初榨橄榄油"",""unit"":""""},{""amount"":2,""name"":""特级初榨橄榄油"",""unit"":""""},{""amount"":0.25,""name"":""青柠汁和青柠皮屑"",""unit"":""""},{""amount"":2,""name"":""第戎芥末酱"",""unit"":""""},{""amount"":1,""name"":""黑豆"",""unit"":""""},{""amount"":1,""name"":""李子番茄"",""unit"":""""},{""amount"":3,""name"":""红洋葱"",""unit"":""""},{""amount"":0.5,""name"":""结球生菜"",""unit"":""""},{""amount"":0.25,""name"":""牛油果"",""unit"":""""},{""amount"":2,""name"":""全麦玉米饼"",""unit"":""""},{""amount"":4,""name"":""玉米片"",""unit"":""""}]","[""少于30分钟"",""午餐/零食""]"
50857,意式辣味牛肉,426.5,66.4,6.7,13.3,5.3,0.7,1.6,574.1,193.5,6,lunch,"[{""amount"":4,""name"":""洋葱"",""unit"":""-5""},{""amount"":2,""name"":""啤酒"",""unit"":""""},{""amount"":1,""name"":""牛肉高汤"",""unit"":""""},{""amount"":1,""name"":""波罗伏洛奶酪"",""unit"":""""}]","[""肉"",""欧洲"",""家常菜聚餐"",""工作日夜晚"",""午餐/零食""]"
16111,披萨女巫II,978,71.7,21.5,66.8,33.1,2.3,11.1,1938.8,251.1,1,lunch,"[{""amount"":1.5,""name"":""碎牛肉"",""unit"":""""},{""amount"":1,""name"":""洋葱"",""unit"":""""},{""amount"":0.5,""name"":""熟橄榄"",""unit"":""""},{""amount"":1,""name"":""大蒜粉"",""unit"":""""},{""amount"":1,""name"":""牛至"",""unit"":""""},{""amount"":0.5,""name"":""甜罗勒"",""unit"":""""}]","[""奶酪"",""肉"",""适合儿童"",""万圣节"",""工作日夜晚"",""烤箱"",""少于4小时"",""午餐/零食""]"
87269,慢炖锅法式蘸酱三明治,559.6,64.8,32.2,19.1,7.8,1.6,1.4,1437,179.7,10,lunch,"[{""amount"":6,""name"":""酱油"",""unit"":""""},{""amount"":0.5,""name"":""牛肉高汤块"",""unit"":""""},{""amount"":1,""name"":""现磨黑胡椒"",""unit"":""""},{""amount"":0.5,""name"":""干迷迭香"",""unit"":""""},{""amount"":1,""name"":""干百里香"",""unit"":""""},{""amount"":1,""name"":""新鲜蒜末"",""unit"":""""}]","[""肉"",""高蛋白"",""高含量..."",""新手厨师"",""简单"",""便宜"",""午餐/零食""]"
449150,鸡肉炒面,823.9,60,106.9,17,3.8,9.3,10,685,214.5,4,lunch,"[{""amount"":450,""name"":""鸡胸肉片"",""unit"":""""},{""amount"":2,""name"":""胡萝卜"",""unit"":""""},{""amount"":750,""name"":""芹菜茎"",""unit"":""""},{""amount"":1,""name"":""荸荠"",""unit"":""""},{""amount"":1,""name"":""西兰花"",""unit"":""""},{""amount"":2,""name"":""蒜瓣"",""unit"":""""},{""amount"":227,""name"":""鲜姜"",""unit"":""""},{""amount"":250,""name"":""小葱"",""unit"":""""},{""amount"":2,""name"":""辣椒酱"",""unit"":""""},{""amount"":2,""name"":""酱油"",""unit"":""""},{""amount"":3,""name"":""番茄酱"",""unit"":""""}]","[""鸡胸肉"",""鸡肉"",""禽肉"",""肉"",""亚洲"",""澳大利亚"",""工作日夜晚"",""少于60分钟"",""自制"",""午餐/零食""]"
390126,菠萝鸡肉沙拉,740.3,60.6,32.9,42.6,6.9,8.1,19.9,1143.2,140.6,1,lunch,"[{""amount"":2,""name"":""菠萝小块"",""unit"":""""},{""amount"":1,""name"":""奇迹蛋黄酱"",""unit"":""""},{""amount"":2,""name"":""盐"",""unit"":""""},{""amount"":1,""name"":""黑胡椒"",""unit"":""""}]","[""鸡胸肉"",""鸡肉"",""禽肉"",""肉"",""少于15分钟"",""简单"",""便宜"",""午餐/零食""]"
415053,游牧鸡——香草罐焖鸡,740.8,58.1,20.4,48.8,15,12.8,3.3,476.1,157.7,4,lunch,"[{""amount"":800,""name"":""鸡胸肉"",""unit"":""""},{""amount"":1,""name"":""水"",""unit"":""""},{""amount"":1,""name"":""白葡萄酒"",""unit"":""""},{""amount"":250,""name"":""新鲜百里香"",""unit"":""""},{""amount"":150,""name"":""蒜瓣"",""unit"":""""},{""amount"":1,""name"":""现磨黑胡椒"",""unit"":""-2""},{""amount"":4,""name"":""盐"",""unit"":""""},{""amount"":80,""name"":""罐装洋蓟心"",""unit"":""""},{""amount"":2,""name"":""橄榄油"",""unit"":""""}]","[""鸡胸肉"",""鸡肉"",""禽肉"",""奶酪"",""蔬菜"",""肉"",""苏格兰"",""欧洲"",""无蛋"",""不含..."",""少于30分钟"",""午餐/零食""]"
427982,三文鱼融化三明治,684.2,62.7,37.7,30.4,9.4,5,4.1,1111.4,169.2,2,lunch,"[{""amount"":1,""name"":""红鲑"",""unit"":""""},{""amount"":0.25,""name"":""红洋葱"",""unit"":""""},{""amount"":0.25,""name"":""刺山柑"",""unit"":""""},{""amount"":2,""name"":""青柠汁"",""unit"":""""},{""amount"":2,""name"":""新鲜莳萝"",""unit"":""""},{""amount"":1,""name"":""黑胡椒"",""unit"":""""},{""amount"":2,""name"":""低脂酸奶油"",""unit"":""""},{""amount"":1,""name"":""瑞士奶酪"",""unit"":""""}]","[""高蛋白"",""高含量..."",""少于30分钟"",""午餐/零食""]"
136553,丹麦汉堡配香草酸豆酱和现代沙拉,634,61.6,46.8,22.6,9.8,5.8,5.4,888.7,184.2,4,lunch,"[{""amount"":2,""name"":""鸡肉末"",""unit"":""""},{""amount"":1,""name"":""禽肉调味料"",""unit"":""""},{""amount"":2,""name"":""火葱"",""unit"":""""},{""amount"":2,""name"":""第戎芥末酱"",""unit"":""""},{""amount"":5,""name"":""小褐菇"",""unit"":""""},{""amount"":0.25,""name"":""莳萝哈瓦蒂奶酪"",""unit"":""""},{""amount"":1,""name"":""特级初榨橄榄油"",""unit"":""""},{""amount"":3,""name"":""酸奶油"",""unit"":""-4""},{""amount"":3,""name"":""新鲜莳萝"",""unit"":""-4""},{""amount"":1,""name"":""刺山柑"",""unit"":""""},{""amount"":1,""name"":""无籽黄瓜"",""unit"":""""},{""amount"":3,""name"":""红洋葱"",""unit"":""""},{""amount"":1,""name"":""李子番茄"",""unit"":""""},{""amount"":2,""name"":""白葡萄酒醋"",""unit"":""-3""},{""amount"":4,""name"":""萝卜"",""unit"":""""}]","[""午餐/零食"",""鸡肉"",""禽肉"",""肉"",""丹麦"",""斯堪的纳维亚"",""欧洲"",""适合儿童"",""少于30分钟"",""一餐即食""]"
285459,简易金枪鱼焗三明治,716.7,65.2,45.3,28.9,8.9,2.2,3.2,1781.7,120.9,1,lunch,"[{""amount"":8,""name"":""罐头金枪鱼"",""unit"":""""},{""amount"":2,""name"":""蛋黄酱"",""unit"":""""},{""amount"":1,""name"":""欧芹碎"",""unit"":""""},{""amount"":0.25,""name"":""墨西哥薄饼"",""unit"":""""},{""amount"":0,""name"":""奶酪"",""unit"":""""}]","[""高蛋白"",""高含量..."",""少于15分钟"",""简单"",""午餐/零食""]"
295233,牛排沙拉,950.6,68.7,9.6,70.5,22.8,2.9,4.3,216.2,222.1,1,lunch,"[{""amount"":2,""name"":""白蘑菇"",""unit"":""""},{""amount"":1,""name"":""葱"",""unit"":""""},{""amount"":1,""name"":""硬熟番茄"",""unit"":""""},{""amount"":2,""name"":""新鲜欧芹"",""unit"":""""},{""amount"":2,""name"":""橄榄油"",""unit"":""""},{""amount"":0.3333333333333333,""name"":""红酒醋"",""unit"":""""},{""amount"":3,""name"":""第戎芥末酱"",""unit"":""""},{""amount"":1,""name"":""蒜瓣"",""unit"":""""},{""amount"":1,""name"":""青葱"",""unit"":""""},{""amount"":1,""name"":""粗盐"",""unit"":""""},{""amount"":0,""name"":""新鲜研磨黑胡椒"",""unit"":""""},{""amount"":0,""name"":""生菜叶"",""unit"":""""}]","[""少于60分钟"",""午餐/零食""]"
271423,维多利亚式纸包鱼,613.6,59,47.4,18.6,3.9,7.5,7.5,121.7,86.2,4,lunch,"[{""amount"":2,""name"":""橄榄油"",""unit"":""""},{""amount"":1,""name"":""黄洋葱"",""unit"":""""},{""amount"":2,""name"":""蒜瓣"",""unit"":""""},{""amount"":1,""name"":""胡萝卜"",""unit"":""""},{""amount"":4,""name"":""红 bliss 土豆"",""unit"":""""},{""amount"":4,""name"":""番茄"",""unit"":""""},{""amount"":2,""name"":""金枪鱼排"",""unit"":""""},{""amount"":12,""name"":""三文鱼排"",""unit"":""""},{""amount"":0.5,""name"":""罗勒叶"",""unit"":""""},{""amount"":1,""name"":""干白葡萄酒"",""unit"":""""},{""amount"":0,""name"":""苹果醋"",""unit"":""""},{""amount"":0,""name"":""柠檬"",""unit"":""""}]","[""金枪鱼"",""土豆"",""蔬菜"",""低胆固醇"",""无蛋"",""健康"",""不含..."",""咸味"",""少于30分钟"",""新手厨师"",""简单"",""午餐/零食""]"
260472,菠萝烤猪串,774.6,63.5,37.1,41.5,10,5,26.1,609,165.5,4,lunch,"[{""amount"":0.25,""name"":""橄榄油"",""unit"":""""},{""amount"":3,""name"":""蒜瓣"",""unit"":""""},{""amount"":2,""name"":""酱油"",""unit"":""""},{""amount"":2,""name"":""去骨猪里脊排"",""unit"":""""},{""amount"":1,""name"":""新鲜菠萝"",""unit"":""""},{""amount"":2,""name"":""红甜椒"",""unit"":""""},{""amount"":1,""name"":""红洋葱"",""unit"":""""},{""amount"":2,""name"":""橄榄油"",""unit"":""""}]","[""猪肉"",""肉"",""日语"",""亚洲"",""适合儿童"",""夏季"",""露营"",""少于60分钟"",""简单"",""午餐/零食""]"
21491,烈火烹制？,927.7,69.7,0.5,69.9,17.6,0.2,0.1,425.2,291.3,1,lunch,"[{""amount"":2.5,""name"":""鸡翅"",""unit"":""""},{""amount"":2,""name"":""菜籽油"",""unit"":""""},{""amount"":1,""name"":""醋"",""unit"":""""},{""amount"":5,""name"":""塔巴斯科辣椒酱"",""unit"":""""},{""amount"":0.5,""name"":""大蒜粉"",""unit"":""""}]","[""鸡肉"",""禽肉"",""谷物"",""奶酪"",""蔬菜"",""肉"",""墨西哥风味"",""美国西南部"",""极低碳水化合物"",""高蛋白"",""高含量..."",""家常菜聚餐"",""辣味"",""烤/炙烤"",""少于60分钟"",""烤箱"",""新手厨师"",""简单"",""便宜"",""午餐/零食""]"
39734,香脆鸡柳配辣蜂蜜芥末酱,541.2,62.8,49.9,9,2.4,2.9,21,837.3,239.5,1,lunch,"[{""amount"":2,""name"":""鸡蛋"",""unit"":""""},{""amount"":2,""name"":""牛奶"",""unit"":""""},{""amount"":0.25,""name"":""辣棕芥末"",""unit"":""""},{""amount"":1.5,""name"":""蜂蜜"",""unit"":""""}]","[""鸡肉"",""禽肉"",""肉"",""高蛋白"",""健康"",""适合儿童"",""高含量..."",""少于30分钟"",""新手厨师"",""油炸"",""炉灶顶"",""简单"",""午餐/零食""]"
208980,鸡肉帕玛肉丸潜艇堡,945,66.2,59.8,50,19.3,5.9,3.4,1857.9,250.9,4,lunch,"[{""amount"":1.5,""name"":""鸡肉末"",""unit"":""""},{""amount"":1,""name"":""鸡蛋"",""unit"":""""},{""amount"":1,""name"":""帕玛森奶酪"",""unit"":""""},{""amount"":1,""name"":""欧芹"",""unit"":""""},{""amount"":0.5,""name"":""特级初榨橄榄油"",""unit"":""""},{""amount"":3,""name"":""蒜瓣"",""unit"":""""},{""amount"":2,""name"":""红辣椒碎"",""unit"":""""},{""amount"":0.25,""name"":""碎番茄"",""unit"":""""},{""amount"":1,""name"":""盐"",""unit"":""""},{""amount"":1,""name"":""黑胡椒"",""unit"":""""},{""amount"":8,""name"":""新鲜罗勒叶"",""unit"":""-10""},{""amount"":4,""name"":""波罗伏洛奶酪"",""unit"":""""}]","[""鸡肉"",""禽肉"",""肉"",""少于30分钟"",""简单"",""午餐/零食""]"
12707,三文鱼菲力,418.7,64.7,9,12.4,2,1.8,3,799.8,165.4,4,lunch,"[{""amount"":4,""name"":""三文鱼柳"",""unit"":""""},{""amount"":200,""name"":""番茄"",""unit"":""""},{""amount"":2,""name"":""姜"",""unit"":""""},{""amount"":1,""name"":""大蒜"",""unit"":""""},{""amount"":1,""name"":""洋葱"",""unit"":""""},{""amount"":1,""name"":""盐"",""unit"":""""},{""amount"":2,""name"":""黑胡椒粉"",""unit"":""""},{""amount"":1,""name"":""橄榄油"",""unit"":""""}]","[""苏格兰"",""亚洲"",""欧洲"",""极低碳水化合物"",""高蛋白"",""健康"",""高含量..."",""少于30分钟"",""午餐/零食""]"
40857,慢炖锅照烧牛排,682.5,67,6,41.8,14.8,0.4,3.8,2154.2,204,1,lunch,"[{""amount"":2,""name"":""姜"",""unit"":""- 2 1/2""},{""amount"":1,""name"":""白糖"",""unit"":""""},{""amount"":1,""name"":""酱油"",""unit"":""""},{""amount"":2,""name"":""蒜瓣"",""unit"":""""}]","[""午餐/零食"",""牛排"",""肉"",""日语"",""亚洲"",""极低碳水化合物"",""高蛋白"",""高含量..."",""家常菜聚餐"",""工作日夜晚"",""新手厨师"",""简单"",""便宜"",""一餐即食""]"
471987,烤核桃华尔道夫皮塔饼,796.5,31.4,123.1,29.6,3.6,46.5,42.9,494.4,0,1,lunch,"[{""amount"":1,""name"":""橄榄油"",""unit"":""""},{""amount"":0.25,""name"":""芹菜"",""unit"":""""},{""amount"":1,""name"":""苹果"",""unit"":""""},{""amount"":2,""name"":""核桃"",""unit"":""""},{""amount"":3,""name"":""罗马生菜叶"",""unit"":""""}]","[""少于15分钟"",""简单"",""午餐/零食""]"
336595,照烧猪里脊,467.4,66,1.7,20.3,6.3,0.2,0.4,1158.7,205.8,1,lunch,"[{""amount"":2.75,""name"":""酱油"",""unit"":""""},{""amount"":0.25,""name"":""水"",""unit"":""""},{""amount"":2,""name"":""柠檬汁"",""unit"":""""},{""amount"":1,""name"":""红糖代糖"",""unit"":""""},{""amount"":1,""name"":""新鲜粗磨黑胡椒"",""unit"":""""},{""amount"":1,""name"":""蒜瓣"",""unit"":""""}]","[""猪肉"",""肉"",""少于60分钟"",""简单"",""午餐/零食""]"
74149,帕尔玛鸡排,969.7,68.2,63,48.2,18.2,3.2,21.1,2338,252,2,lunch,"[{""amount"":2,""name"":""去骨去皮鸡胸肉半块"",""unit"":""""},{""amount"":1,""name"":""日式面包糠"",""unit"":""""},{""amount"":0.75,""name"":""帕玛森奶酪"",""unit"":""""},{""amount"":1,""name"":""鸡蛋"",""unit"":""""},{""amount"":1.5,""name"":""橄榄油"",""unit"":""""},{""amount"":2,""name"":""小马苏里拉奶酪球"",""unit"":""""}]","[""鸡肉"",""禽肉"",""肉"",""适合儿童"",""咸味"",""烤/炙烤"",""少于30分钟"",""烤箱"",""新手厨师"",""炉灶顶"",""简单"",""午餐/零食""]"
348830,牛肉啤酒炖,806.1,58.6,72,28.9,7.2,11,10.1,593.7,134.2,4,lunch,"[{""amount"":2,""name"":""瘦牛肉"",""unit"":""""},{""amount"":1,""name"":""辣椒粉"",""unit"":""""},{""amount"":0.25,""name"":""面粉"",""unit"":""""},{""amount"":4,""name"":""洋葱"",""unit"":""""},{""amount"":1,""name"":""蒜瓣"",""unit"":""""},{""amount"":3,""name"":""芹菜"",""unit"":""""},{""amount"":2,""name"":""牛肉高汤"",""unit"":""""},{""amount"":4,""name"":""啤酒"",""unit"":""""},{""amount"":2,""name"":""水"",""unit"":""""},{""amount"":12,""name"":""小土豆"",""unit"":""""},{""amount"":1,""name"":""平叶欧芹"",""unit"":""""}]","[""牛排"",""土豆"",""蔬菜"",""肉"",""低胆固醇"",""健康"",""适合儿童"",""家常菜聚餐"",""冬季"",""少于60分钟"",""烤箱"",""便宜"",""午餐/零食""]"
215755,意式牛肉三明治（慢炖锅版）,660.2,65.3,9.2,37.1,14.6,1.7,2.4,917,226.8,1,lunch,"[{""amount"":4,""name"":""臀肉牛排"",""unit"":""""},{""amount"":1,""name"":""牛臀尖肉烤肉"",""unit"":""""},{""amount"":1,""name"":""干牛至"",""unit"":""""},{""amount"":1,""name"":""干罗勒"",""unit"":""""},{""amount"":1,""name"":""大蒜粉"",""unit"":""""},{""amount"":2,""name"":""红辣椒碎"",""unit"":""""},{""amount"":3,""name"":""啤酒"",""unit"":""""}]","[""烤牛肉"",""肉"",""午餐/零食""]"
193326,金枪鱼砂锅塔丁,933.8,67.7,30.9,60,27.5,4.6,7.5,568.4,189.6,1,lunch,"[{""amount"":1,""name"":""特级初榨橄榄油"",""unit"":""""},{""amount"":0.25,""name"":""洋葱"",""unit"":""""},{""amount"":4,""name"":""青葱"",""unit"":""""},{""amount"":1,""name"":""新鲜蘑菇"",""unit"":""""},{""amount"":0.25,""name"":""金枪鱼"",""unit"":""""},{""amount"":2,""name"":""盐"",""unit"":""-3""},{""amount"":0.5,""name"":""现磨黑胡椒"",""unit"":""""},{""amount"":1,""name"":""对半奶油"",""unit"":""""},{""amount"":2,""name"":""帕玛森-雷吉亚诺奶酪"",""unit"":""""},{""amount"":0,""name"":""罗马诺奶酪"",""unit"":""""},{""amount"":0,""name"":""瑞士奶酪"",""unit"":""""}]","[""金枪鱼"",""少于60分钟"",""烤箱"",""午餐/零食""]"
450490,意式烤猪排,607.5,60.9,9.9,36.1,10.2,6.2,1.6,2256.2,151.5,4,lunch,"[{""amount"":1,""name"":""第戎芥末酱"",""unit"":""""},{""amount"":1,""name"":""特级初榨橄榄油"",""unit"":""""},{""amount"":0.5,""name"":""猪排中段"",""unit"":""""},{""amount"":4,""name"":""盐"",""unit"":""""},{""amount"":0.5,""name"":""胡椒"",""unit"":""""}]","[""猪肉"",""肉"",""适合幼儿"",""适合儿童"",""工作日夜晚"",""少于15分钟"",""简单"",""午餐/零食""]"
59908,姜橙釉烤三文鱼,421,65.5,11.8,11,1.8,0.3,10.3,1219.5,165.4,4,lunch,"[{""amount"":0.25,""name"":""酱油（无麸质）"",""unit"":""""},{""amount"":0.25,""name"":""酱油"",""unit"":""""},{""amount"":0.25,""name"":""鲜姜"",""unit"":""""},{""amount"":2,""name"":""蜂蜜"",""unit"":""""},{""amount"":2,""name"":""三文鱼柳"",""unit"":""""},{""amount"":4,""name"":""熟米饭"",""unit"":""""},{""amount"":0,""name"":""柠檬片"",""unit"":""""}]","[""极低碳水化合物"",""健康"",""甜味"",""工作日夜晚"",""烤/炙烤"",""烤箱"",""冷藏"",""炉灶顶"",""少于4小时"",""午餐/零食""]"
514044,五香猪肉配藜麦,554,60.5,41.9,15.8,3.9,5.2,0.3,139.2,164.1,4,lunch,"[{""amount"":2,""name"":""红辣椒碎"",""unit"":""""},{""amount"":0.5,""name"":""孜然粉"",""unit"":""""},{""amount"":2,""name"":""犹太盐"",""unit"":""""},{""amount"":2,""name"":""橄榄油"",""unit"":""""},{""amount"":1,""name"":""藜麦"",""unit"":""""},{""amount"":1,""name"":""冷冻玉米"",""unit"":""""},{""amount"":1.5,""name"":""葱"",""unit"":""""},{""amount"":2,""name"":""现磨黑胡椒"",""unit"":""""},{""amount"":0,""name"":""绿酱"",""unit"":""""}]","[""猪肉"",""玉米"",""洋葱"",""蔬菜"",""肉"",""南美洲"",""高蛋白"",""健康"",""适合儿童"",""高含量..."",""工作日夜晚"",""少于60分钟"",""简单"",""午餐/零食""]"
436093,杰西卡招牌炸鸡,527.8,63.1,48.1,6.8,1.9,1.7,0.4,196.7,273,1,lunch,"[{""amount"":3,""name"":""去骨去皮鸡胸肉"",""unit"":""-4""},{""amount"":4,""name"":""鸡蛋"",""unit"":""""},{""amount"":1,""name"":""牛奶"",""unit"":""""},{""amount"":3,""name"":""通用面粉"",""unit"":""""},{""amount"":0.5,""name"":""调味盐"",""unit"":""""}]","[""鸡肉"",""禽肉"",""肉"",""美国西南部"",""工作日夜晚"",""少于30分钟"",""自制"",""午餐/零食""]"
18142,黎巴嫩烤羊肉配土豆,873.8,61,64.4,41.5,15.9,9.9,10.7,271.1,195.8,4,lunch,"[{""amount"":800,""name"":""羔羊肉"",""unit"":""""},{""amount"":1,""name"":""欧芹"",""unit"":""""},{""amount"":1,""name"":""洋葱"",""unit"":""""},{""amount"":2,""name"":""辣椒粉"",""unit"":""""},{""amount"":0.5,""name"":""肉桂粉"",""unit"":""""},{""amount"":0.25,""name"":""土豆"",""unit"":""""},{""amount"":0.25,""name"":""番茄"",""unit"":""""},{""amount"":1,""name"":""番茄"",""unit"":""""},{""amount"":1,""name"":""柠檬汁"",""unit"":""""},{""amount"":1,""name"":""水"",""unit"":""""},{""amount"":1,""name"":""番茄泥"",""unit"":""""}]","[""羔羊/绵羊"",""土豆"",""蔬菜"",""肉"",""黎巴嫩"",""西南亚（中东）"",""亚洲"",""犹太洁食"",""家常菜聚餐"",""工作日夜晚"",""烤箱"",""少于4小时"",""午餐/零食""]"
105999,猪肩肉三明治,855.9,67,19.6,54.8,18.8,2.2,2.4,414.1,224.5,1,lunch,"[{""amount"":6,""name"":""棕芥末籽"",""unit"":""-8""},{""amount"":0.25,""name"":""辣芥末"",""unit"":""""},{""amount"":8,""name"":""烧烤酱"",""unit"":""-10""},{""amount"":2.5,""name"":""肯德基凉拌卷心菜"",""unit"":""""},{""amount"":2,""name"":""炸薯条"",""unit"":""""},{""amount"":1,""name"":""甜红椒粉"",""unit"":""""},{""amount"":1,""name"":""大蒜粉"",""unit"":""""},{""amount"":1,""name"":""黑胡椒"",""unit"":""""},{""amount"":1,""name"":""洋葱粉"",""unit"":""""},{""amount"":1,""name"":""辣椒粉"",""unit"":""""},{""amount"":0,""name"":""牛至"",""unit"":""""},{""amount"":0,""name"":""百里香"",""unit"":""""}]","[""猪肉"",""肉"",""午餐/零食""]"
223887,葡萄牙卡科伊拉炖肉,558.4,63.6,12.2,24.3,8,1.8,6.1,713.2,190.4,4,lunch,"[{""amount"":2,""name"":""猪肉"",""unit"":""""},{""amount"":2,""name"":""洋葱"",""unit"":""""},{""amount"":2,""name"":""蒜瓣"",""unit"":""""},{""amount"":1,""name"":""干碎红辣椒"",""unit"":""""},{""amount"":1,""name"":""盐"",""unit"":""""},{""amount"":0.5,""name"":""红餐酒"",""unit"":""""},{""amount"":0.5,""name"":""辣椒粉"",""unit"":""""},{""amount"":1,""name"":""黑胡椒"",""unit"":""""},{""amount"":0.5,""name"":""肉桂"",""unit"":""""},{""amount"":0.25,""name"":""水"",""unit"":""""}]","[""葡萄牙语"",""欧洲"",""极低碳水化合物"",""少于30分钟"",""午餐/零食""]"
28220,葫芦巴叶炖羊肉,819.7,66,15.2,54.1,19.8,3.1,6.9,199.7,240,4,lunch,"[{""amount"":1,""name"":""绿葫芦巴叶"",""unit"":""""},{""amount"":1,""name"":""洋葱"",""unit"":""""},{""amount"":3,""name"":""大蒜"",""unit"":""-4""},{""amount"":5,""name"":""姜"",""unit"":""-6""},{""amount"":1,""name"":""番茄"",""unit"":""""},{""amount"":4,""name"":""芫荽粉"",""unit"":""""},{""amount"":1.5,""name"":""姜黄粉"",""unit"":""""},{""amount"":0.5,""name"":""红辣椒粉"",""unit"":""""},{""amount"":1.5,""name"":""葛拉姆马萨拉粉"",""unit"":""""},{""amount"":0.5,""name"":""盐"",""unit"":""""}]","[""鸡肉"",""羔羊/绵羊"",""禽肉"",""肉"",""亚洲"",""印度"",""少于60分钟"",""炉灶顶"",""午餐/零食""]"
56495,金枪鱼配乡村奶酪,461.1,65.9,5.6,17.8,8.1,0,0.6,916.8,96.1,1,lunch,"[{""amount"":1,""name"":""金枪鱼"",""unit"":""""},{""amount"":1,""name"":""白软干酪"",""unit"":""""},{""amount"":0,""name"":""莎莎酱"",""unit"":""""}]","[""午餐/零食"",""金枪鱼"",""奶酪"",""极低碳水化合物"",""低胆固醇"",""适合幼儿"",""健康"",""适合儿童"",""犹太洁食"",""咸味"",""少于15分钟"",""免煮"",""新手厨师"",""简单"",""便宜"",""涂抹酱""]"
18990,加州鸡肉三明治,985.5,58.9,93.7,43.2,14.5,13.9,9,918.5,127,4,lunch,"[{""amount"":4,""name"":""去骨去皮鸡胸肉"",""unit"":""""},{""amount"":8,""name"":""瑞士奶酪"",""unit"":""""},{""amount"":8,""name"":""高达奶酪"",""unit"":""""},{""amount"":8,""name"":""牛油果"",""unit"":""""},{""amount"":3,""name"":""番茄"",""unit"":""""},{""amount"":12,""name"":""大蒜"",""unit"":""""},{""amount"":0.25,""name"":""新鲜研磨黑胡椒"",""unit"":""""}]","[""鸡肉"",""禽肉"",""肉"",""少于60分钟"",""简单"",""午餐/零食""]"
281990,希腊烤鸡胸肉,840.2,144.8,1,24.4,4.8,0.2,0.2,791.9,435.8,4,dinner,"[{""amount"":2,""name"":""柠檬汁"",""unit"":""""},{""amount"":2,""name"":""橄榄油"",""unit"":""""},{""amount"":3,""name"":""新鲜欧芹"",""unit"":""""},{""amount"":1,""name"":""蒜瓣"",""unit"":""""},{""amount"":0.5,""name"":""干牛至"",""unit"":""""},{""amount"":4,""name"":""去骨去皮鸡胸肉半块"",""unit"":""""}]","[""鸡肉"",""禽肉"",""肉"",""极低碳水化合物"",""高蛋白"",""健康"",""高含量..."",""少于30分钟"",""新手厨师"",""简单"",""鸡胸肉""]"
395573,卡贝松米饭,988.5,142.5,22.2,33.7,10.2,5.5,13.5,494.3,484,1,dinner,"[{""amount"":3,""name"":""去骨去皮鸡腿肉"",""unit"":""""},{""amount"":3,""name"":""红酒醋"",""unit"":""""},{""amount"":1.5,""name"":""辣椒粉"",""unit"":""""},{""amount"":0.5,""name"":""辣椒粉"",""unit"":""""},{""amount"":1,""name"":""牛至"",""unit"":""""},{""amount"":1,""name"":""孜然"",""unit"":""""},{""amount"":1,""name"":""黑胡椒"",""unit"":""""},{""amount"":1,""name"":""西班牙洋葱"",""unit"":""""},{""amount"":1,""name"":""蒜瓣"",""unit"":""""},{""amount"":0.5,""name"":""橙子"",""unit"":""""},{""amount"":4,""name"":""盐"",""unit"":""""}]","[""禽肉"",""肉"",""少于4小时"",""猪肉""]"
237630,梅斯基特香烤裹粉,909.3,139.7,20.2,27.1,7.1,5.2,0.3,1759.6,544.8,1,dinner,"[{""amount"":6,""name"":""盐"",""unit"":""""},{""amount"":0.75,""name"":""胡椒"",""unit"":""""},{""amount"":0.25,""name"":""罗勒"",""unit"":""""},{""amount"":2,""name"":""牛至"",""unit"":""""},{""amount"":1,""name"":""百里香粉"",""unit"":""""},{""amount"":0.5,""name"":""大蒜粉"",""unit"":""""}]","[""鸡肉"",""禽肉"",""肉"",""少于4小时"",""鸡大腿及鸡腿""]"
151135,现代鹿肉烤,954.8,136.9,58.1,16.7,4,8.3,8.1,94.6,109,1,dinner,"[{""amount"":8,""name"":""啤酒"",""unit"":""-10""},{""amount"":2,""name"":""姜粉"",""unit"":""""},{""amount"":2,""name"":""洋葱粉"",""unit"":""""},{""amount"":2,""name"":""大蒜粉"",""unit"":""""},{""amount"":2,""name"":""胡萝卜"",""unit"":""""},{""amount"":9,""name"":""土豆"",""unit"":""""}]","[""鹿肉"",""野味"",""肉"",""低胆固醇"",""健康"",""不含..."",""冬季"",""少于60分钟"",""新手厨师"",""简单"",""便宜"",""一餐即食""]"
540012,超简易红鲷鱼纸包烤,938,139.3,42.4,19.8,3.4,5,4,950.9,239.7,2,dinner,"[{""amount"":1.5,""name"":""橄榄油"",""unit"":""""},{""amount"":6,""name"":""红鲷鱼片"",""unit"":""""},{""amount"":3,""name"":""樱桃番茄"",""unit"":""""},{""amount"":3,""name"":""海盐"",""unit"":""""},{""amount"":0.5,""name"":""黑胡椒"",""unit"":""""},{""amount"":0.5,""name"":""莳萝"",""unit"":""""},{""amount"":0.5,""name"":""韭菜"",""unit"":""""},{""amount"":1,""name"":""辣椒粉"",""unit"":""""},{""amount"":0.125,""name"":""黑橄榄"",""unit"":""""},{""amount"":1,""name"":""干白葡萄酒"",""unit"":""""},{""amount"":1,""name"":""柠檬角"",""unit"":""""}]","[""少于30分钟"",""简单"",""一餐即食""]"
239709,香煎鸡胸配时蔬,925.6,137.4,6.7,35.6,10,2.2,3.3,334.6,381.4,4,dinner,"[{""amount"":4,""name"":""去骨鸡胸肉半片"",""unit"":""""},{""amount"":0.25,""name"":""西葫芦"",""unit"":""""},{""amount"":1,""name"":""芦笋"",""unit"":""""},{""amount"":1,""name"":""红洋葱"",""unit"":""""}]","[""鸡肉"",""禽肉"",""肉"",""夏季"",""咸味"",""少于60分钟"",""一餐即食""]"
321621,烤康沃尔母鸡（尼利家风味）,846.4,137,3.9,27.3,6.5,1,1.5,1638,619.7,6,dinner,"[{""amount"":1,""name"":""盐"",""unit"":""""},{""amount"":2,""name"":""柠檬胡椒调味料"",""unit"":""""},{""amount"":1,""name"":""干罗勒"",""unit"":""""},{""amount"":1,""name"":""禽肉调味料"",""unit"":""""},{""amount"":2,""name"":""橄榄油"",""unit"":""""},{""amount"":6,""name"":""青椒"",""unit"":""""},{""amount"":1,""name"":""芹菜"",""unit"":""""},{""amount"":2,""name"":""洋葱"",""unit"":""""}]","[""鸡肉"",""禽肉"",""肉"",""少于4小时"",""整鸡""]"
346888,蜂蜜芥末酱烤康沃尔鸡,927.3,137,20.3,29.7,6.8,1.1,17.5,687.6,619.7,1,dinner,"[{""amount"":4,""name"":""犹太盐"",""unit"":""""},{""amount"":0.5,""name"":""现磨黑胡椒"",""unit"":""""},{""amount"":0.5,""name"":""月桂叶"",""unit"":""""},{""amount"":4,""name"":""蒜瓣"",""unit"":""""},{""amount"":4,""name"":""干百里香"",""unit"":""""},{""amount"":2,""name"":""橄榄油"",""unit"":""""},{""amount"":0.5,""name"":""蜂蜜"",""unit"":""""},{""amount"":2,""name"":""石磨第戎芥末酱"",""unit"":""""},{""amount"":0.25,""name"":""孜然粉"",""unit"":""""},{""amount"":0.25,""name"":""新鲜香菜"",""unit"":""""}]","[""禽肉"",""肉"",""烤箱"",""少于4小时"",""简单"",""鸡肉""]"
306715,巴西橄榄酿烤牛肉,878,130.1,23.3,31.6,11.4,7.4,11.3,1564.8,379.7,1,dinner,"[{""amount"":1.5,""name"":""去核熟橄榄"",""unit"":""""},{""amount"":0.3333333333333333,""name"":""欧芹"",""unit"":""""},{""amount"":0.25,""name"":""帕玛森奶酪"",""unit"":""""},{""amount"":3,""name"":""辣椒粉"",""unit"":""""},{""amount"":0.5,""name"":""盐"",""unit"":""""},{""amount"":1,""name"":""大蒜"",""unit"":""""},{""amount"":1,""name"":""烤牛肉"",""unit"":""""},{""amount"":0.5,""name"":""洋葱"",""unit"":""""},{""amount"":1,""name"":""番茄酱"",""unit"":""""},{""amount"":4,""name"":""胡萝卜"",""unit"":""""},{""amount"":4,""name"":""西葫芦"",""unit"":""""},{""amount"":1,""name"":""面粉"",""unit"":""""}]","[""肉"",""巴西的"",""南美洲"",""极低碳水化合物"",""少于4小时"",""烤牛肉""]"
194464,简易慢炖锅炖肉,936.2,129.2,53,24.5,9.7,8.3,12.2,1764.1,374.6,1,dinner,"[{""amount"":1,""name"":""烤牛肉"",""unit"":""""},{""amount"":2,""name"":""洋葱"",""unit"":""""},{""amount"":2,""name"":""鲜蒜"",""unit"":""""},{""amount"":1,""name"":""黑胡椒"",""unit"":""""},{""amount"":1,""name"":""辣椒粉"",""unit"":""""},{""amount"":2,""name"":""番茄汁"",""unit"":""""},{""amount"":1,""name"":""土豆"",""unit"":""""}]","[""肉"",""新手厨师"",""简单"",""烤牛肉""]"
16953,西班牙风味牛肝（慢炖锅）,929.7,132.2,33.5,26.4,8.9,1.7,4.6,1178.2,1764.3,1,dinner,"[{""amount"":2,""name"":""牛肝"",""unit"":""""},{""amount"":4,""name"":""培根"",""unit"":""""},{""amount"":0.5,""name"":""胡萝卜"",""unit"":""""},{""amount"":0.5,""name"":""芹菜"",""unit"":""""},{""amount"":1,""name"":""洋葱"",""unit"":""""},{""amount"":1,""name"":""炖番茄"",""unit"":""""},{""amount"":1,""name"":""盐"",""unit"":""""},{""amount"":0.25,""name"":""胡椒"",""unit"":""""},{""amount"":1,""name"":""月桂叶"",""unit"":""""}]","[""牛肝"",""肉"",""高蛋白"",""健康"",""高含量..."",""工作日夜晚"",""简单"",""牛内脏""]"
245659,克里奥尔猪肉香肠,986.7,133.3,6.1,44,15.5,1.1,2.2,1432.5,389.9,1,dinner,"[{""amount"":4,""name"":""猪肉"",""unit"":""""},{""amount"":2,""name"":""猪肉"",""unit"":""""},{""amount"":3,""name"":""盐"",""unit"":""""},{""amount"":2,""name"":""黑胡椒"",""unit"":""""},{""amount"":0.5,""name"":""辣椒粉"",""unit"":""""},{""amount"":0.5,""name"":""辣椒"",""unit"":""""},{""amount"":1,""name"":""辣椒粉"",""unit"":""""},{""amount"":2,""name"":""洋葱"",""unit"":""""},{""amount"":1,""name"":""蒜瓣"",""unit"":""""},{""amount"":1,""name"":""新鲜百里香"",""unit"":""""},{""amount"":1,""name"":""新鲜欧芹"",""unit"":""""},{""amount"":2,""name"":""月桂叶"",""unit"":""""},{""amount"":0.5,""name"":""多香果"",""unit"":""""}]","[""肉"",""克里奥尔语"",""不含..."",""辣味"",""少于30分钟"",""简单"",""猪肉""]"
34081,金简易慢炖锅枫糖乡村排骨,954,129.9,20.5,35.2,12.6,0.5,17,422.4,461.5,4,dinner,"[{""amount"":5.5,""name"":""乡村风味去骨猪肋排"",""unit"":""""},{""amount"":0.3333333333333333,""name"":""纯枫糖浆"",""unit"":""""},{""amount"":2,""name"":""洋葱"",""unit"":""""},{""amount"":1,""name"":""大蒜粉"",""unit"":""""},{""amount"":0.5,""name"":""黑胡椒粉"",""unit"":""""}]","[""肉"",""工作日夜晚"",""新手厨师"",""简单"",""猪肉""]"
25846,西班牙辣香肠,957.9,126.7,7.5,43.7,14.3,4.4,0.9,1611.6,380.8,1,dinner,"[{""amount"":2,""name"":""猪肉"",""unit"":""""},{""amount"":1,""name"":""盐"",""unit"":""""},{""amount"":3,""name"":""辣椒粉"",""unit"":""""},{""amount"":3,""name"":""醋"",""unit"":""""},{""amount"":2,""name"":""大蒜"",""unit"":""""},{""amount"":1,""name"":""牛至"",""unit"":""""},{""amount"":1,""name"":""孜然粉"",""unit"":""""}]","[""肉"",""墨西哥"",""极低碳水化合物"",""高蛋白"",""高含量..."",""辣味"",""少于30分钟"",""免煮"",""简单"",""猪肉""]"
342103,红醋栗百里香鸡胸,865.4,63,163.1,18.2,5.6,84.9,7.2,748.3,76.1,4,dinner,"[{""amount"":4,""name"":""去骨去皮鸡胸肉"",""unit"":""""},{""amount"":0.25,""name"":""通用面粉"",""unit"":""""},{""amount"":1,""name"":""盐"",""unit"":""""},{""amount"":0.5,""name"":""黑胡椒粉"",""unit"":""""},{""amount"":1,""name"":""橄榄油"",""unit"":""""},{""amount"":1,""name"":""黄油"",""unit"":""""},{""amount"":4,""name"":""火葱"",""unit"":""""},{""amount"":1,""name"":""白糖"",""unit"":""""},{""amount"":0.75,""name"":""低钠鸡汤"",""unit"":""""},{""amount"":0.25,""name"":""干醋栗"",""unit"":""""},{""amount"":0.5,""name"":""新鲜百里香叶"",""unit"":""""},{""amount"":1,""name"":""玉米淀粉"",""unit"":""""}]","[""鸡肉"",""禽肉"",""肉"",""少于15分钟"",""鸡胸肉""]"
387437,橙香鸡,718.3,124.1,15.3,14.3,4,0.3,14.1,523.8,337.7,4,dinner,"[{""amount"":0.5,""name"":""伍斯特酱"",""unit"":""""},{""amount"":2,""name"":""盐"",""unit"":""""},{""amount"":0.25,""name"":""现磨黑胡椒"",""unit"":""""},{""amount"":0.25,""name"":""去皮鸡肉"",""unit"":""""}]","[""鸡肉"",""禽肉"",""肉"",""高蛋白"",""健康"",""高含量..."",""咸味"",""少于60分钟"",""简单"",""整鸡""]"
4203,英式香肠,934,126.8,1.6,42.8,14.5,0.8,0.2,2191.3,386.4,1,dinner,"[{""amount"":1400,""name"":""猪肉"",""unit"":""""},{""amount"":900,""name"":""猪肉"",""unit"":""""},{""amount"":25,""name"":""盐"",""unit"":""""},{""amount"":10,""name"":""胡椒"",""unit"":""""},{""amount"":0.5,""name"":""肉豆蔻"",""unit"":""""},{""amount"":3,""name"":""鼠尾草"",""unit"":""""},{""amount"":1,""name"":""百里香"",""unit"":""""}]","[""肉"",""欧洲"",""极低碳水化合物"",""高蛋白"",""高含量..."",""少于60分钟"",""猪肉""]"
81821,格拉玛玛兹炖肉,933,123.2,26.3,38.3,16,4.7,9.1,852.2,374.2,4,dinner,"[{""amount"":5,""name"":""面粉"",""unit"":""""},{""amount"":0.25,""name"":""橄榄油"",""unit"":""""},{""amount"":1,""name"":""洋葱"",""unit"":""""},{""amount"":1,""name"":""大蒜"",""unit"":""""},{""amount"":1,""name"":""芹菜"",""unit"":""""},{""amount"":2,""name"":""Rotel番茄（番茄与青辣椒混合罐头）"",""unit"":""""},{""amount"":1,""name"":""月桂叶"",""unit"":""""},{""amount"":1,""name"":""胡萝卜"",""unit"":""""},{""amount"":3,""name"":""欧洲防风根"",""unit"":""""}]","[""肉"",""烤箱"",""少于4小时"",""一餐即食""]"
511803,自制血橙姜味淡味香肠,934.5,125.3,4.7,41.9,14.1,0.8,1.4,254.2,380.8,6,dinner,"[{""amount"":6,""name"":""猪肉"",""unit"":""""},{""amount"":4,""name"":""红酒醋"",""unit"":""""},{""amount"":2,""name"":""柠檬胡椒调味料"",""unit"":""""},{""amount"":2.5,""name"":""大蒜"",""unit"":""""},{""amount"":1,""name"":""罗勒"",""unit"":""""},{""amount"":2,""name"":""红糖"",""unit"":""""},{""amount"":2,""name"":""牛至"",""unit"":""""},{""amount"":2,""name"":""百里香"",""unit"":""""},{""amount"":0.5,""name"":""姜"",""unit"":""""}]","[""肉"",""少于30分钟"",""简单"",""猪肉""]"
511807,自制哈里萨辣味淡香肠,933.4,125.2,4.4,42,14.1,0.8,1.6,261.2,380.8,6,dinner,"[{""amount"":6,""name"":""猪肉"",""unit"":""""},{""amount"":4,""name"":""红酒醋"",""unit"":""""},{""amount"":2,""name"":""柠檬胡椒调味料"",""unit"":""""},{""amount"":2.5,""name"":""大蒜"",""unit"":""""},{""amount"":1,""name"":""洋葱粉"",""unit"":""""},{""amount"":2,""name"":""五香粉"",""unit"":""""},{""amount"":1.5,""name"":""牛至"",""unit"":""""},{""amount"":2,""name"":""百里香"",""unit"":""""},{""amount"":1.25,""name"":""干安乔辣椒粉"",""unit"":""""},{""amount"":0.25,""name"":""混合香料"",""unit"":""""}]","[""肉"",""非洲"",""少于30分钟"",""简单"",""猪肉""]"
511806,自制扎塔尔微辣香肠,932.5,125.2,4.3,41.9,14,0.7,1.7,253.9,380.8,6,dinner,"[{""amount"":6,""name"":""猪肉"",""unit"":""""},{""amount"":4,""name"":""红酒醋"",""unit"":""""},{""amount"":2,""name"":""柠檬胡椒调味料"",""unit"":""""},{""amount"":2.5,""name"":""大蒜"",""unit"":""""},{""amount"":1,""name"":""洋葱粉"",""unit"":""""},{""amount"":2,""name"":""五香粉"",""unit"":""""},{""amount"":2,""name"":""牛至"",""unit"":""""},{""amount"":2,""name"":""百里香"",""unit"":""""},{""amount"":1.5,""name"":""混合香料"",""unit"":""""}]","[""肉"",""西南亚（中东）"",""少于30分钟"",""简单"",""猪肉""]"
19293,卡西的鸡肉摩尔酱,916.9,117.6,52.3,26.1,7.5,9,7.2,1379.4,283.4,4,dinner,"[{""amount"":12,""name"":""玉米饼"",""unit"":""""},{""amount"":1,""name"":""低脂酸奶油"",""unit"":""""},{""amount"":2,""name"":""菜籽油"",""unit"":""""},{""amount"":4,""name"":""去骨去皮鸡胸肉"",""unit"":""""},{""amount"":2,""name"":""莎莎酱"",""unit"":""""},{""amount"":1,""name"":""鸡汤"",""unit"":""""},{""amount"":2,""name"":""奶油花生酱"",""unit"":""""},{""amount"":2,""name"":""大蒜粉"",""unit"":""""},{""amount"":2,""name"":""洋葱粉"",""unit"":""""},{""amount"":0.5,""name"":""辣椒粉"",""unit"":""""},{""amount"":0.5,""name"":""肉桂"",""unit"":""""},{""amount"":0.25,""name"":""丁香"",""unit"":""""},{""amount"":0.25,""name"":""肉豆蔻"",""unit"":""""}]","[""禽肉"",""肉"",""墨西哥"",""健康"",""少于30分钟"",""炉灶顶"",""简单"",""鸡肉""]"
205070,藏红花鸡,996.6,119.6,72,22.6,5.3,6.1,13.1,610.4,295.7,1,dinner,"[{""amount"":2,""name"":""橄榄油"",""unit"":""""},{""amount"":3,""name"":""去皮鸡肉"",""unit"":""""},{""amount"":1,""name"":""洋葱"",""unit"":""""},{""amount"":1,""name"":""蒜瓣"",""unit"":""""},{""amount"":2,""name"":""辣椒粉"",""unit"":""""},{""amount"":8,""name"":""番茄"",""unit"":""""},{""amount"":1.25,""name"":""长粒米"",""unit"":""""},{""amount"":3.5,""name"":""藏红花粉"",""unit"":""""},{""amount"":0.25,""name"":""新鲜欧芹"",""unit"":""""}]","[""整鸡"",""鸡肉"",""长粒米"",""禽肉"",""大米"",""肉"",""健康"",""辣味"",""少于60分钟"",""炉灶顶"",""一餐即食""]"
537300,牛肉面疙瘩,934.4,124.6,26,36.9,16.5,0.8,0.1,615.6,423.2,1,dinner,"[{""amount"":5,""name"":""面粉"",""unit"":""""},{""amount"":1,""name"":""鸡蛋"",""unit"":""""},{""amount"":1,""name"":""盐"",""unit"":""""},{""amount"":1,""name"":""黄油"",""unit"":""""},{""amount"":1,""name"":""泡打粉"",""unit"":""""},{""amount"":1,""name"":""水"",""unit"":""""},{""amount"":1,""name"":""水"",""unit"":""""}]","[""鸡肉"",""禽肉"",""肉"",""高蛋白"",""高含量..."",""少于60分钟"",""炖""]"
213146,印尼慢炖鸡（万鸦老风味）,868.4,117,38.3,26.2,6.4,7.8,19.9,1398,423.2,1,dinner,"[{""amount"":8,""name"":""洋葱"",""unit"":""""},{""amount"":2,""name"":""番茄"",""unit"":""""},{""amount"":4,""name"":""青柠叶"",""unit"":""""},{""amount"":20,""name"":""姜黄"",""unit"":""""},{""amount"":0.5,""name"":""姜根"",""unit"":""""},{""amount"":1,""name"":""橄榄油"",""unit"":""""},{""amount"":3,""name"":""胡椒"",""unit"":""""},{""amount"":1,""name"":""盐"",""unit"":""""},{""amount"":0.25,""name"":""罗勒叶"",""unit"":""""},{""amount"":0.5,""name"":""青葱"",""unit"":""""}]","[""鸡大腿及鸡腿"",""鸡肉"",""禽肉"",""肉"",""印度尼西亚"",""亚洲"",""少于4小时"",""鸡胸肉""]"
208906,酿肉圆眼肉卷,943.8,121,17.8,36.8,10.6,3.1,9.3,1811.7,312.4,1,dinner,"[{""amount"":5,""name"":""牛眼肉芯"",""unit"":""-6""},{""amount"":10,""name"":""蒜瓣"",""unit"":""""},{""amount"":2,""name"":""牛至碎"",""unit"":""-3""},{""amount"":1.5,""name"":""孜然粉"",""unit"":""""},{""amount"":2,""name"":""月桂叶"",""unit"":""""},{""amount"":0.75,""name"":""青柠汁"",""unit"":""""},{""amount"":1,""name"":""干白葡萄酒"",""unit"":""""},{""amount"":1,""name"":""盐"",""unit"":""""},{""amount"":3,""name"":""现磨黑胡椒"",""unit"":""""},{""amount"":0.25,""name"":""刺山柑"",""unit"":""""},{""amount"":3,""name"":""阿多波调味料"",""unit"":""""},{""amount"":3,""name"":""香菜"",""unit"":""""},{""amount"":0.6666666666666666,""name"":""火腿"",""unit"":""""},{""amount"":2,""name"":""厚切培根"",""unit"":""""},{""amount"":1,""name"":""胡萝卜"",""unit"":""""},{""amount"":0.5,""name"":""洋葱"",""unit"":""""},{""amount"":1,""name"":""青椒"",""unit"":""""},{""amount"":1,""name"":""红甜椒"",""unit"":""""},{""amount"":0.5,""name"":""橄榄油"",""unit"":""- 3/4""},{""amount"":0.5,""name"":""番茄酱"",""unit"":""- 3/4""}]","[""烤牛肉"",""猪肉"",""肉"",""古巴"",""加勒比"",""家常菜聚餐"",""咸味"",""少于4小时"",""火腿""]"
269109,慢炖锅鸡肉米饭,788.2,115,52.2,11.2,2.4,6.8,10.1,929.7,264,4,dinner,"[{""amount"":4,""name"":""去皮鸡胸肉"",""unit"":""""},{""amount"":1,""name"":""干牛至"",""unit"":""""},{""amount"":1,""name"":""辣椒粉"",""unit"":""""},{""amount"":2,""name"":""孜然粉"",""unit"":""""},{""amount"":0.5,""name"":""盐"",""unit"":""""},{""amount"":0.25,""name"":""新鲜研磨黑胡椒"",""unit"":""""},{""amount"":1,""name"":""番茄丁"",""unit"":""""},{""amount"":1,""name"":""洋葱"",""unit"":""""},{""amount"":1,""name"":""蒜瓣"",""unit"":""""},{""amount"":2,""name"":""烟熏辣椒"",""unit"":""""},{""amount"":0.5,""name"":""低钠鸡汤"",""unit"":""""},{""amount"":1,""name"":""樱桃番茄"",""unit"":""""},{""amount"":1.5,""name"":""新鲜香菜"",""unit"":""""},{""amount"":1.5,""name"":""青柠角"",""unit"":""""}]","[""鸡胸肉"",""鸡肉"",""禽肉"",""大米"",""蔬菜"",""肉"",""墨西哥"",""无乳糖"",""无蛋"",""不含..."",""炉灶顶"",""小型电器"",""一餐即食""]"
276199,香辣奇波特雷慢炖鸡肉,911.3,120.7,6.5,41.7,12.7,1.4,3,802.2,434.5,4,dinner,"[{""amount"":3,""name"":""鸡肉"",""unit"":""""},{""amount"":1.5,""name"":""孜然"",""unit"":""""},{""amount"":1,""name"":""辣椒粉"",""unit"":""""},{""amount"":1,""name"":""鼠尾草"",""unit"":""""},{""amount"":1,""name"":""大蒜"",""unit"":""""},{""amount"":1.25,""name"":""红辣椒碎"",""unit"":""""},{""amount"":0.25,""name"":""姜黄"",""unit"":""""},{""amount"":1,""name"":""烟熏辣椒阿斗波酱"",""unit"":""""},{""amount"":1,""name"":""番茄酱"",""unit"":""""},{""amount"":1,""name"":""伍斯特酱"",""unit"":""""}]","[""禽肉"",""肉"",""新手厨师"",""简单"",""鸡肉""]"
156054,猪里脊,943.3,121.1,0.5,47.2,9.1,0.1,0,848.1,362.9,1,dinner,"[{""amount"":5,""name"":""去骨猪里脊烤肉"",""unit"":""""},{""amount"":1,""name"":""盐"",""unit"":""""},{""amount"":1,""name"":""蒜瓣"",""unit"":""""},{""amount"":0.25,""name"":""干百里香"",""unit"":""""},{""amount"":0.25,""name"":""姜粉"",""unit"":""""},{""amount"":0.25,""name"":""胡椒"",""unit"":""""}]","[""肉"",""极低碳水化合物"",""高蛋白"",""高含量..."",""少于4小时"",""简单"",""猪肉""]"
98496,白鸡肉辣椒汤,822.6,107.6,72.9,9.8,3.6,15.1,8,901,206.3,4,dinner,"[{""amount"":1,""name"":""黄油"",""unit"":""""},{""amount"":1,""name"":""大蒜"",""unit"":""""},{""amount"":3,""name"":""辣椒粉"",""unit"":""""},{""amount"":1,""name"":""辣椒粉"",""unit"":""""},{""amount"":0.5,""name"":""孜然"",""unit"":""""},{""amount"":2.5,""name"":""辣椒粉"",""unit"":""""},{""amount"":1,""name"":""鸡汤"",""unit"":""""},{""amount"":3,""name"":""蔬菜高汤"",""unit"":""""},{""amount"":4,""name"":""玉米淀粉"",""unit"":""""},{""amount"":3,""name"":""去骨去皮鸡胸肉"",""unit"":""""},{""amount"":2,""name"":""白腰豆"",""unit"":""""},{""amount"":1,""name"":""大北方豆"",""unit"":""""},{""amount"":0,""name"":""脱脂原味酸奶"",""unit"":""""}]","[""鸡肉"",""禽肉"",""肉"",""健康"",""少于30分钟"",""新手厨师"",""简单"",""鸡胸肉""]"
296726,柠檬罗勒鸡肉蔬菜,758.2,112.6,54.6,7.6,1.9,6.6,1.6,353.6,263.3,4,dinner,"[{""amount"":1,""name"":""糙米"",""unit"":""""},{""amount"":4,""name"":""去骨去皮鸡胸肉"",""unit"":""""},{""amount"":0.25,""name"":""胡椒"",""unit"":""""},{""amount"":0.25,""name"":""大蒜粉"",""unit"":""""},{""amount"":1,""name"":""洋葱"",""unit"":""""},{""amount"":1,""name"":""水"",""unit"":""""},{""amount"":0.75,""name"":""玉米淀粉"",""unit"":""""}]","[""鸡肉"",""禽肉"",""肉"",""少于30分钟"",""鸡胸肉""]"
110200,香料腌猪排配鹰嘴豆炖锅,866.3,110.1,44.7,26.3,6.2,10.4,6.6,1286.5,313,4,dinner,"[{""amount"":2,""name"":""新鲜欧芹"",""unit"":""""},{""amount"":1,""name"":""孜然粉"",""unit"":""""},{""amount"":1,""name"":""芫荽粉"",""unit"":""""},{""amount"":0.5,""name"":""盐"",""unit"":""""},{""amount"":0.5,""name"":""胡椒"",""unit"":""""},{""amount"":2,""name"":""大蒜"",""unit"":""""},{""amount"":4,""name"":""洋葱"",""unit"":""""},{""amount"":1,""name"":""大蒜"",""unit"":""""},{""amount"":1,""name"":""盐"",""unit"":""""},{""amount"":1,""name"":""胡椒"",""unit"":""""},{""amount"":2,""name"":""鹰嘴豆"",""unit"":""""},{""amount"":0.5,""name"":""番茄丁"",""unit"":""""},{""amount"":0.5,""name"":""新鲜菠菜"",""unit"":""""}]","[""豆类"",""肉"",""健康"",""少于30分钟"",""猪肉""]"
126786,糯米饭炸鸡,846.8,117.2,31.3,24.8,6.5,0.9,13.2,1946.2,565.2,1,dinner,"[{""amount"":5,""name"":""去骨去皮鸡腿肉"",""unit"":""""},{""amount"":0.25,""name"":""玉米淀粉"",""unit"":""""},{""amount"":0.25,""name"":""白糖"",""unit"":""""},{""amount"":0.25,""name"":""盐"",""unit"":""""},{""amount"":0.5,""name"":""鸡蛋"",""unit"":""""},{""amount"":2,""name"":""蒜瓣"",""unit"":""""},{""amount"":5,""name"":""葱"",""unit"":""""},{""amount"":4,""name"":""白芝麻"",""unit"":""-5""}]","[""鸡肉"",""禽肉"",""肉"",""夏威夷"",""日语"",""亚洲"",""高蛋白"",""健康"",""高含量..."",""少于15分钟"",""油炸"",""便宜"",""鸡大腿及鸡腿""]"
467994,帕尔玛猪排（可换鸡肉）,915.1,118.3,21.8,36.4,17.2,2.2,5.8,1308.4,445.6,4,dinner,"[{""amount"":3,""name"":""面粉"",""unit"":""""},{""amount"":1,""name"":""柠檬皮屑"",""unit"":""""},{""amount"":2,""name"":""鸡蛋"",""unit"":""""},{""amount"":3,""name"":""水"",""unit"":""""},{""amount"":0.5,""name"":""帕玛森奶酪"",""unit"":""""},{""amount"":0.3333333333333333,""name"":""干罗勒"",""unit"":""""},{""amount"":0.5,""name"":""去骨猪排"",""unit"":""""},{""amount"":4,""name"":""鸡排"",""unit"":""""},{""amount"":3,""name"":""黄油"",""unit"":""""},{""amount"":1.25,""name"":""番茄酱"",""unit"":""""},{""amount"":1,""name"":""红糖"",""unit"":""""},{""amount"":1,""name"":""干牛至"",""unit"":""""},{""amount"":0.5,""name"":""干罗勒"",""unit"":""""},{""amount"":0.5,""name"":""大蒜"",""unit"":""""},{""amount"":1,""name"":""大蒜粉"",""unit"":""""},{""amount"":4,""name"":""马苏里拉奶酪"",""unit"":""""},{""amount"":0,""name"":""波罗伏洛奶酪"",""unit"":""""},{""amount"":0,""name"":""帕玛森奶酪"",""unit"":""""}]","[""鸡肉"",""猪肉"",""禽肉"",""肉"",""欧洲"",""工作日夜晚"",""少于60分钟"",""鸡胸肉""]"
74883,卡罗琳阿姨的炖驼鹿肉,944.6,110,81.7,18.4,10.3,12.1,13.9,1075.7,305.8,1,dinner,"[{""amount"":4,""name"":""黄油"",""unit"":""""},{""amount"":2,""name"":""洋葱"",""unit"":""""},{""amount"":6,""name"":""欧芹"",""unit"":""""},{""amount"":1,""name"":""百里香"",""unit"":""""},{""amount"":0.25,""name"":""盐"",""unit"":""""},{""amount"":1,""name"":""热水"",""unit"":""""},{""amount"":1.5,""name"":""咸猪肉"",""unit"":""""},{""amount"":0.25,""name"":""胡萝卜"",""unit"":""""},{""amount"":6,""name"":""土豆"",""unit"":""""},{""amount"":6,""name"":""芹菜"",""unit"":""""},{""amount"":1,""name"":""苹果酒"",""unit"":""""},{""amount"":1,""name"":""胡椒"",""unit"":""""},{""amount"":0.25,""name"":""黄油"",""unit"":""""}]","[""驼鹿"",""猪肉"",""野味"",""洋葱"",""蔬菜"",""肉"",""美国西南部"",""加拿大"",""冬季"",""工作日夜晚"",""炉灶顶"",""少于4小时"",""一餐即食""]"
56586,鸡肉油醋汁,784.4,111.2,47.9,13.9,3.7,6.7,10.3,402,289.5,4,dinner,"[{""amount"":1,""name"":""去皮鸡肉"",""unit"":""""},{""amount"":3,""name"":""胡椒"",""unit"":""""},{""amount"":1,""name"":""洋葱"",""unit"":""""},{""amount"":1,""name"":""大蒜"",""unit"":""""},{""amount"":4,""name"":""胡萝卜"",""unit"":""""},{""amount"":4,""name"":""水"",""unit"":""""},{""amount"":0.5,""name"":""欧芹碎"",""unit"":""""},{""amount"":1,""name"":""干罗勒"",""unit"":""""},{""amount"":1,""name"":""鸡高汤粉"",""unit"":""""},{""amount"":0.5,""name"":""青椒"",""unit"":""""},{""amount"":0.0625,""name"":""小葱"",""unit"":""""}]","[""鸡肉"",""禽肉"",""肉"",""高蛋白"",""健康"",""高含量..."",""少于60分钟"",""炉灶顶"",""一餐即食""]"
422524,简氏疯狂混搭无骨烤猪肉——超简单！,910.9,117.1,0,45.7,8.8,0,0,257.9,351.2,1,dinner,"[{""amount"":1,""name"":""盐"",""unit"":""""},{""amount"":0,""name"":""去骨猪里脊烤肉"",""unit"":""""}]","[""肉"",""极低碳水化合物"",""高蛋白"",""高含量..."",""工作日夜晚"",""少于60分钟"",""简单"",""猪肉""]"
183211,腌鸡,568.3,113.1,9,6,1.6,0.7,6.4,2346.8,273.8,1,dinner,"[{""amount"":4,""name"":""去皮鸡胸肉"",""unit"":""""},{""amount"":0.25,""name"":""酱油"",""unit"":""""},{""amount"":0.25,""name"":""伍斯特酱"",""unit"":""""},{""amount"":1,""name"":""大蒜"",""unit"":""""},{""amount"":1,""name"":""芥末"",""unit"":""""},{""amount"":1,""name"":""蜂蜜"",""unit"":""""},{""amount"":2,""name"":""干百里香"",""unit"":""""}]","[""鸡大腿及鸡腿"",""鸡肉"",""禽肉"",""肉"",""少于60分钟"",""鸡胸肉""]"
229490,乔氏菠萝鸡,628.9,110.2,28.9,6.1,1.6,3.2,21.2,309.1,273.8,1,dinner,"[{""amount"":4,""name"":""去皮鸡胸肉"",""unit"":""""},{""amount"":1,""name"":""菠萝圈"",""unit"":""""}]","[""鸡肉"",""菠萝"",""禽肉"",""热带水果"",""水果"",""肉"",""高蛋白"",""健康"",""高含量..."",""少于60分钟"",""新手厨师"",""简单"",""鸡胸肉""]"
401445,慢炖锅摩尔酱康沃尔鸡,735.9,100.8,46.3,19.9,5.3,17.2,20.7,770.6,413.1,1,dinner,"[{""amount"":4,""name"":""整颗番茄"",""unit"":""""},{""amount"":2,""name"":""番茄膏"",""unit"":""""},{""amount"":4,""name"":""孜然粉"",""unit"":""""},{""amount"":1,""name"":""芫荽粉"",""unit"":""""},{""amount"":2,""name"":""八角籽"",""unit"":""""},{""amount"":1,""name"":""辣椒粉"",""unit"":""""},{""amount"":1,""name"":""枫糖浆"",""unit"":""""},{""amount"":5,""name"":""肉桂"",""unit"":""""},{""amount"":1,""name"":""肉豆蔻粉"",""unit"":""""},{""amount"":3,""name"":""蒜瓣"",""unit"":""""},{""amount"":0.25,""name"":""烟熏辣椒"",""unit"":""""}]","[""禽肉"",""肉"",""鸡肉""]"
264176,枫糖鸡,894.4,109.9,55,24.4,10.9,7.8,27.9,758.6,319.9,1,dinner,"[{""amount"":0.25,""name"":""面粉"",""unit"":""""},{""amount"":0.5,""name"":""盐"",""unit"":""""},{""amount"":0.25,""name"":""黑胡椒"",""unit"":""""},{""amount"":3,""name"":""去皮鸡肉"",""unit"":""""},{""amount"":0.25,""name"":""黄油"",""unit"":""""},{""amount"":0.5,""name"":""洋葱"",""unit"":""""},{""amount"":3,""name"":""芹菜叶"",""unit"":""""},{""amount"":12,""name"":""胡萝卜"",""unit"":""""},{""amount"":18,""name"":""水"",""unit"":""""},{""amount"":0.5,""name"":""枫糖浆"",""unit"":""""}]","[""鸡肉"",""禽肉"",""蔬菜"",""肉"",""加拿大"",""少于60分钟"",""烤箱"",""炉灶顶"",""简单"",""一餐即食""]"
425950,卡特烤肉——富尔曼斯烤肉——红烧牛肉,829,113.8,10.1,34.3,13.9,2.1,4.3,370.5,358.7,1,dinner,"[{""amount"":2,""name"":""盐"",""unit"":""""},{""amount"":3,""name"":""胡椒"",""unit"":""""},{""amount"":1,""name"":""辣椒粉"",""unit"":""""},{""amount"":1,""name"":""胡萝卜"",""unit"":""""},{""amount"":0.25,""name"":""韭葱"",""unit"":""""},{""amount"":1,""name"":""块根芹"",""unit"":""""},{""amount"":0.25,""name"":""芹菜"",""unit"":""""},{""amount"":1,""name"":""洋葱"",""unit"":""""},{""amount"":1,""name"":""番茄膏"",""unit"":""""},{""amount"":1,""name"":""月桂叶"",""unit"":""""},{""amount"":2,""name"":""整粒多香果"",""unit"":""""},{""amount"":1,""name"":""多香果粉"",""unit"":""""},{""amount"":0,""name"":""葛缕子籽"",""unit"":""""},{""amount"":0,""name"":""酸奶油"",""unit"":""""},{""amount"":0,""name"":""柠檬汁"",""unit"":""""}]","[""一餐即食"",""烤牛肉"",""肉"",""德语"",""欧洲"",""咸味"",""少于4小时"",""炖""]"
505905,米饭配法苏拉豆汤,941,83.8,135.1,10.7,4.3,41.3,17.6,984,116.1,1,dinner,"[{""amount"":2,""name"":""干大北方豆"",""unit"":""""},{""amount"":2,""name"":""洋葱"",""unit"":""""},{""amount"":1,""name"":""番茄膏"",""unit"":""""},{""amount"":3,""name"":""水"",""unit"":""""}]","[""豆类"",""肉"",""西南亚（中东）"",""高蛋白"",""健康"",""高含量..."",""少于4小时"",""简单"",""一餐即食""]"
197626,牙买加风味烧烤鸡,607.3,108.3,9.4,13.1,2.5,3.4,2.6,1643.1,263.3,2,dinner,"[{""amount"":8,""name"":""葱"",""unit"":""""},{""amount"":2,""name"":""蒜瓣"",""unit"":""""},{""amount"":0.5,""name"":""苏格兰帽椒"",""unit"":""- 1""},{""amount"":1.5,""name"":""酱油"",""unit"":""""},{""amount"":1,""name"":""甜红椒粉"",""unit"":""""},{""amount"":1,""name"":""百里香"",""unit"":""""},{""amount"":1,""name"":""盐"",""unit"":""""},{""amount"":0.5,""name"":""新鲜研磨黑胡椒"",""unit"":""""},{""amount"":0.5,""name"":""去骨去皮鸡胸肉"",""unit"":""""}]","[""鸡肉"",""禽肉"",""肉"",""加勒比"",""少于60分钟"",""简单"",""鸡胸肉""]"
142183,丰收烧烤猪肉,938.1,113.4,55.6,26.6,9,1.3,38.1,740.1,321.5,1,dinner,"[{""amount"":4.5,""name"":""大蒜粉"",""unit"":""""},{""amount"":0.75,""name"":""盐"",""unit"":""""},{""amount"":1,""name"":""胡椒"",""unit"":""""},{""amount"":0,""name"":""烧烤酱"",""unit"":""""}]","[""猪肉"",""肉"",""高蛋白"",""健康"",""高含量..."",""咸味"",""新手厨师"",""简单"",""便宜"",""一餐即食""]"
148652,香草烤小牛肉,864.3,114.5,3.3,40,16.2,0.3,0.2,1011.5,477.4,1,dinner,"[{""amount"":1,""name"":""鳀鱼柳"",""unit"":""""},{""amount"":3,""name"":""蒜瓣"",""unit"":""""},{""amount"":1.5,""name"":""百里香叶"",""unit"":""""},{""amount"":0.5,""name"":""干味美思"",""unit"":""""},{""amount"":2,""name"":""干味美思"",""unit"":""""},{""amount"":1,""name"":""水"",""unit"":""""}]","[""烤牛肉"",""肉"",""极低碳水化合物"",""光明节"",""烤"",""烤箱"",""小型电器"",""少于4小时"",""小牛肉""]"
178121,烤豆汤,847.8,91,88.5,15.2,7.7,29.8,5.9,1725.5,158.8,2,dinner,"[{""amount"":2,""name"":""黑豆"",""unit"":""""},{""amount"":1,""name"":""去骨去皮鸡胸肉"",""unit"":""""},{""amount"":0.75,""name"":""奶酪"",""unit"":""""},{""amount"":1.5,""name"":""莎莎酱"",""unit"":""""}]","[""鸡胸肉"",""鸡肉"",""禽肉"",""黑豆"",""豆类"",""肉"",""健康"",""少于60分钟"",""简单"",""便宜"",""一餐即食""]"
208299,鸡肉酸奶咖喱,763.8,109.2,15,27.7,6.1,3.6,7.7,859.7,294.4,4,dinner,"[{""amount"":3,""name"":""去皮鸡肉"",""unit"":""""},{""amount"":5,""name"":""原味酸奶"",""unit"":""""},{""amount"":4,""name"":""蒜瓣"",""unit"":""""},{""amount"":1,""name"":""姜根"",""unit"":""""},{""amount"":3,""name"":""姜黄粉"",""unit"":""""},{""amount"":0.5,""name"":""芫荽粉"",""unit"":""""},{""amount"":1,""name"":""洋葱"",""unit"":""""},{""amount"":4,""name"":""新鲜青辣椒"",""unit"":""""},{""amount"":1,""name"":""盐"",""unit"":""""},{""amount"":4,""name"":""葛拉姆马萨拉"",""unit"":""""},{""amount"":1,""name"":""新鲜香菜叶"",""unit"":""""}]","[""禽肉"",""肉"",""亚洲"",""印度"",""少于60分钟"",""鸡肉""]"
288913,整香料咖喱鸡,756.2,108.6,13.2,27.9,5.4,3.5,6.3,263.2,289.4,4,dinner,"[{""amount"":3,""name"":""去皮鸡肉"",""unit"":""""},{""amount"":4,""name"":""孜然籽"",""unit"":""""},{""amount"":1,""name"":""洋葱"",""unit"":""""},{""amount"":1,""name"":""鲜姜"",""unit"":""""},{""amount"":0.5,""name"":""蒜瓣"",""unit"":""""},{""amount"":3,""name"":""肉桂棒"",""unit"":""""},{""amount"":3,""name"":""黑豆蔻荚"",""unit"":""""},{""amount"":2,""name"":""整粒丁香"",""unit"":""""},{""amount"":2,""name"":""多香果"",""unit"":""""},{""amount"":4,""name"":""姜黄粉"",""unit"":""""},{""amount"":12,""name"":""辣椒粉"",""unit"":""""},{""amount"":0.5,""name"":""水"",""unit"":""""},{""amount"":2,""name"":""番茄"",""unit"":""""},{""amount"":5,""name"":""新鲜青辣椒"",""unit"":""""},{""amount"":2,""name"":""香菜叶"",""unit"":""""}]","[""鸡肉"",""禽肉"",""肉"",""亚洲"",""印度"",""少于60分钟"",""咖喱""]"
513096,鲜嫩烤菜肉,982,107.5,72.2,30.7,13.8,10,7.3,1653.8,302.8,4,dinner,"[{""amount"":1,""name"":""犹太盐"",""unit"":""""},{""amount"":1,""name"":""黑胡椒粉"",""unit"":""""},{""amount"":0.25,""name"":""胡萝卜"",""unit"":""""},{""amount"":4,""name"":""赤褐色土豆"",""unit"":""-6""},{""amount"":6,""name"":""洋葱"",""unit"":""""}]","[""肉"",""健康"",""烤箱"",""烤牛肉""]"
137685,摩洛哥孜然红鲷鱼,957.1,103.7,77.5,25.7,4,12.5,9.9,2230.6,168.3,6,dinner,"[{""amount"":3,""name"":""孜然籽"",""unit"":""""},{""amount"":12,""name"":""蒜瓣"",""unit"":""""},{""amount"":1,""name"":""新鲜欧芹"",""unit"":""""},{""amount"":3,""name"":""盐"",""unit"":""""},{""amount"":3,""name"":""柠檬"",""unit"":""""},{""amount"":2,""name"":""红鲷鱼"",""unit"":""""},{""amount"":3,""name"":""胡萝卜"",""unit"":""""},{""amount"":12,""name"":""新土豆"",""unit"":""""},{""amount"":4,""name"":""番茄"",""unit"":""""},{""amount"":1,""name"":""青椒"",""unit"":""""},{""amount"":1,""name"":""柠檬"",""unit"":""""},{""amount"":5,""name"":""青椒（微辣）"",""unit"":""""},{""amount"":0.5,""name"":""水"",""unit"":""""},{""amount"":0.5,""name"":""特级初榨橄榄油"",""unit"":""""}]","[""摩洛哥"",""非洲"",""低胆固醇"",""健康"",""少于4小时"",""简单"",""一餐即食""]"
440653,火腿猪蹄炖黑眼豆,877.5,104.8,28.2,36.5,12.5,10.6,10.3,252.7,312.8,1,dinner,"[{""amount"":1,""name"":""豌豆"",""unit"":""""},{""amount"":1,""name"":""青椒"",""unit"":""""},{""amount"":1,""name"":""红甜椒"",""unit"":""""},{""amount"":1,""name"":""洋葱"",""unit"":""""},{""amount"":1,""name"":""芹菜"",""unit"":""""},{""amount"":3,""name"":""水"",""unit"":""""},{""amount"":2,""name"":""烟熏猪蹄"",""unit"":""""}]","[""肉"",""少于4小时"",""简单"",""一餐即食""]"
390826,鸡肉沙库提,857.2,109.2,24.1,34.4,10.8,3.7,15.1,309.9,289.4,4,dinner,"[{""amount"":3,""name"":""去皮鸡肉"",""unit"":""""},{""amount"":4,""name"":""蒜瓣"",""unit"":""""},{""amount"":1,""name"":""孜然籽"",""unit"":""""},{""amount"":6,""name"":""黑胡椒粒"",""unit"":""""},{""amount"":5,""name"":""茴香籽"",""unit"":""""},{""amount"":1,""name"":""罂粟籽"",""unit"":""""},{""amount"":1.5,""name"":""丁香"",""unit"":""""},{""amount"":10,""name"":""肉桂棒"",""unit"":""""},{""amount"":1,""name"":""八角"",""unit"":""""},{""amount"":1,""name"":""姜黄粉"",""unit"":""""},{""amount"":2,""name"":""洋葱"",""unit"":""""},{""amount"":6,""name"":""盐"",""unit"":""""},{""amount"":2,""name"":""罗望子果肉"",""unit"":""""},{""amount"":4,""name"":""肉豆蔻"",""unit"":""""}]","[""鸡肉"",""禽肉"",""肉"",""亚洲"",""印度"",""少于60分钟"",""咖喱""]"
206808,黄油鸡肉巴尔蒂风味,971.5,112,13.3,50.9,22.1,3.8,6.1,741.4,366.9,4,dinner,"[{""amount"":3,""name"":""去皮鸡肉"",""unit"":""""},{""amount"":0.25,""name"":""原味酸奶"",""unit"":""""},{""amount"":2,""name"":""辣椒粉"",""unit"":""""},{""amount"":1.5,""name"":""月桂叶"",""unit"":""""},{""amount"":2,""name"":""丁香粉"",""unit"":""""},{""amount"":0.25,""name"":""肉桂粉"",""unit"":""""},{""amount"":0.25,""name"":""葛拉姆马萨拉"",""unit"":""""},{""amount"":1,""name"":""绿豆蔻荚"",""unit"":""""},{""amount"":5,""name"":""鲜姜"",""unit"":""""},{""amount"":1,""name"":""蒜瓣"",""unit"":""""},{""amount"":2,""name"":""番茄"",""unit"":""""},{""amount"":14,""name"":""黄油"",""unit"":""""},{""amount"":1,""name"":""洋葱"",""unit"":""""}]","[""鸡胸肉"",""鸡大腿及鸡腿"",""鸡肉"",""禽肉"",""肉"",""亚洲"",""印度"",""少于30分钟"",""咖喱""]"
160524,薄荷姜汁鸡,677.9,107.7,12.6,19.4,3.3,1.9,4.5,1268.4,263.3,1,dinner,"[{""amount"":2,""name"":""洋葱"",""unit"":""""},{""amount"":1,""name"":""蒜瓣"",""unit"":""""},{""amount"":4,""name"":""去骨去皮鸡胸肉"",""unit"":""""},{""amount"":2,""name"":""酱油"",""unit"":""""},{""amount"":1,""name"":""鲜姜"",""unit"":""""},{""amount"":1.5,""name"":""薄荷叶"",""unit"":""""},{""amount"":1,""name"":""罗勒叶"",""unit"":""""},{""amount"":1,""name"":""香菇"",""unit"":""""},{""amount"":1,""name"":""小葱"",""unit"":""""},{""amount"":2,""name"":""参巴辣椒酱"",""unit"":""""},{""amount"":1,""name"":""米醋"",""unit"":""""},{""amount"":1,""name"":""细砂糖"",""unit"":""""},{""amount"":0.5,""name"":""鱼露"",""unit"":""""}]","[""鸡肉"",""禽肉"",""肉"",""亚洲"",""少于60分钟"",""鸡胸肉""]"
14424,白葡萄酒洋葱炒牛肝,957.9,111.6,39.7,35.1,16.4,2.4,4.8,1045.7,1507.3,1,dinner,"[{""amount"":0.25,""name"":""面粉"",""unit"":""""},{""amount"":0.5,""name"":""盐"",""unit"":""""},{""amount"":0.125,""name"":""胡椒"",""unit"":""""},{""amount"":1,""name"":""牛肝"",""unit"":""""},{""amount"":0.25,""name"":""黄油"",""unit"":""- 1/2""},{""amount"":2,""name"":""洋葱"",""unit"":""""},{""amount"":1,""name"":""新鲜鼠尾草"",""unit"":""-2""},{""amount"":0.5,""name"":""干白葡萄酒"",""unit"":""""},{""amount"":0.25,""name"":""意大利欧芹"",""unit"":""""}]","[""牛肝"",""肉"",""高蛋白"",""高含量..."",""冬季"",""少于30分钟"",""炉灶顶"",""牛内脏""]"
201405,阿萨米鸡肉,757.2,108.5,12.8,27.8,12.6,2.5,3.5,358.6,327.8,4,dinner,"[{""amount"":3,""name"":""去皮鸡肉"",""unit"":""""},{""amount"":2,""name"":""酥油"",""unit"":""""},{""amount"":1,""name"":""黑胡椒粉"",""unit"":""""},{""amount"":3,""name"":""月桂叶"",""unit"":""""},{""amount"":1,""name"":""姜黄"",""unit"":""""},{""amount"":1,""name"":""辣椒粉"",""unit"":""""},{""amount"":0.5,""name"":""丁香"",""unit"":""""},{""amount"":1,""name"":""豆蔻"",""unit"":""""},{""amount"":0.5,""name"":""孜然粉"",""unit"":""""},{""amount"":0.5,""name"":""芫荽粉"",""unit"":""""},{""amount"":1,""name"":""姜粉"",""unit"":""""},{""amount"":0.5,""name"":""肉桂粉"",""unit"":""""},{""amount"":6,""name"":""蒜瓣"",""unit"":""""},{""amount"":2,""name"":""洋葱"",""unit"":""""}]","[""鸡肉"",""禽肉"",""肉"",""亚洲"",""印度"",""极低碳水化合物"",""高蛋白"",""高含量..."",""少于4小时"",""咖喱""]"
462818,托斯卡纳炖猪里脊,969.9,111.5,13.4,49.5,17.8,2.4,5.9,981.1,310.2,1,dinner,"[{""amount"":3,""name"":""橄榄油"",""unit"":""""},{""amount"":8,""name"":""洋葱"",""unit"":""""},{""amount"":1,""name"":""蒜瓣"",""unit"":""""},{""amount"":2,""name"":""月桂叶"",""unit"":""-3""},{""amount"":1,""name"":""干罗勒"",""unit"":""""},{""amount"":2,""name"":""百里香"",""unit"":""""},{""amount"":1,""name"":""番茄丁"",""unit"":""""},{""amount"":1,""name"":""新鲜迷迭香"",""unit"":""""},{""amount"":1,""name"":""鼠尾草"",""unit"":""""},{""amount"":1,""name"":""欧芹"",""unit"":""""}]","[""肉"",""极低碳水化合物"",""高蛋白"",""高含量..."",""少于4小时"",""猪肉""]"
165064,钱奇尔的咖喱鸡,712.5,107.3,11.6,23.8,5.5,2.2,5.3,1849.8,289.4,1,dinner,"[{""amount"":2,""name"":""洋葱"",""unit"":""""},{""amount"":0.5,""name"":""青椒"",""unit"":""""},{""amount"":1,""name"":""姜根"",""unit"":""""},{""amount"":1,""name"":""蒜瓣"",""unit"":""""},{""amount"":2,""name"":""人造黄油"",""unit"":""""},{""amount"":0.25,""name"":""盐"",""unit"":""""},{""amount"":2,""name"":""咖喱粉"",""unit"":""""},{""amount"":1,""name"":""番茄酱"",""unit"":""""},{""amount"":1,""name"":""去皮鸡肉"",""unit"":""""},{""amount"":3,""name"":""马萨拉"",""unit"":""""},{""amount"":2,""name"":""辣椒粉"",""unit"":""""},{""amount"":2,""name"":""热水"",""unit"":""""},{""amount"":0,""name"":""土豆"",""unit"":""""}]","[""整鸡"",""鸡肉"",""禽肉"",""肉"",""咖喱""]"
409282,咖喱鸡肉配菠萝豌豆,831.9,108.8,19.9,33.6,18.2,3.8,9.6,609.2,326.1,1,dinner,"[{""amount"":3,""name"":""去皮鸡肉"",""unit"":""""},{""amount"":2,""name"":""酥油"",""unit"":""""},{""amount"":0.5,""name"":""黑胡椒粉"",""unit"":""""},{""amount"":3,""name"":""月桂叶"",""unit"":""""},{""amount"":1,""name"":""姜黄"",""unit"":""""},{""amount"":0.5,""name"":""辣椒粉"",""unit"":""""},{""amount"":0.5,""name"":""丁香"",""unit"":""""},{""amount"":1,""name"":""豆蔻"",""unit"":""""},{""amount"":0.5,""name"":""孜然粉"",""unit"":""""},{""amount"":1,""name"":""葛拉姆马萨拉"",""unit"":""""},{""amount"":1,""name"":""姜粉"",""unit"":""""},{""amount"":0.5,""name"":""肉桂粉"",""unit"":""""},{""amount"":4,""name"":""蒜瓣"",""unit"":""""},{""amount"":2,""name"":""洋葱"",""unit"":""""},{""amount"":1,""name"":""番茄膏"",""unit"":""""},{""amount"":0.5,""name"":""椰奶"",""unit"":""""},{""amount"":0.5,""name"":""水"",""unit"":""""},{""amount"":1,""name"":""菠萝"",""unit"":""""}]","[""鸡肉"",""禽肉"",""肉"",""高蛋白"",""高含量..."",""少于4小时"",""咖喱""]"
201342,海得拉巴咖喱鸡,712.8,107.3,11.4,24.7,11.4,2.7,4,645.3,320.1,4,dinner,"[{""amount"":2,""name"":""黄油"",""unit"":""""},{""amount"":1,""name"":""洋葱"",""unit"":""""},{""amount"":2,""name"":""蒜瓣"",""unit"":""""},{""amount"":2,""name"":""绿豆蔻"",""unit"":""""},{""amount"":2,""name"":""丁香"",""unit"":""""},{""amount"":2,""name"":""肉桂棒"",""unit"":""""},{""amount"":2,""name"":""葛拉姆马萨拉"",""unit"":""""},{""amount"":1,""name"":""辣椒粉"",""unit"":""""},{""amount"":3,""name"":""去皮鸡肉"",""unit"":""""},{""amount"":4,""name"":""番茄泥"",""unit"":""""},{""amount"":0.5,""name"":""水"",""unit"":""""},{""amount"":2,""name"":""柠檬"",""unit"":""""}]","[""鸡肉"",""禽肉"",""肉"",""亚洲"",""印度"",""新手厨师"",""少于4小时"",""简单"",""便宜"",""咖喱""]"
72316,烤猪肉配百里香锅汁,849.3,110.6,4.9,39.7,13.8,0.1,1.3,334,308.9,6,dinner,"[{""amount"":5,""name"":""粗粒芥末酱"",""unit"":""""},{""amount"":1,""name"":""新鲜百里香"",""unit"":""""},{""amount"":1,""name"":""干百里香"",""unit"":""""},{""amount"":1,""name"":""橄榄油"",""unit"":""""},{""amount"":2,""name"":""黄油"",""unit"":""""},{""amount"":2,""name"":""面粉"",""unit"":""""}]","[""肉"",""咸味"",""工作日夜晚"",""烤"",""烤箱"",""新手厨师"",""炉灶顶"",""少于4小时"",""简单"",""猪肉""]"
281591,锡纸包三文鱼,693.6,104.4,25.1,17.9,2.9,4.1,4.3,369,266,4,dinner,"[{""amount"":4.5,""name"":""三文鱼柳"",""unit"":""""},{""amount"":2,""name"":""育空黄金土豆"",""unit"":""-4""},{""amount"":1,""name"":""红洋葱"",""unit"":""""},{""amount"":1,""name"":""胡萝卜"",""unit"":""""},{""amount"":2,""name"":""柠檬"",""unit"":""-4""},{""amount"":1,""name"":""黄油"",""unit"":""""},{""amount"":0,""name"":""酸奶油"",""unit"":""""},{""amount"":0,""name"":""新鲜莳萝"",""unit"":""""}]","[""健康"",""少于60分钟"",""新手厨师"",""简单"",""一餐即食""]"
299106,海得拉巴鸡肉咖喱,723.2,107,10.1,26.6,12.3,2.6,3,270.1,326,4,dinner,"[{""amount"":1,""name"":""洋葱"",""unit"":""""},{""amount"":2,""name"":""酥油"",""unit"":""""},{""amount"":2,""name"":""黄油"",""unit"":""""},{""amount"":2,""name"":""蒜瓣"",""unit"":""""},{""amount"":2,""name"":""绿豆蔻"",""unit"":""""},{""amount"":2,""name"":""整粒丁香"",""unit"":""""},{""amount"":2,""name"":""肉桂棒"",""unit"":""""},{""amount"":1,""name"":""葛拉姆马萨拉"",""unit"":""""},{""amount"":3,""name"":""辣椒粉"",""unit"":""""},{""amount"":4,""name"":""去皮鸡肉"",""unit"":""""},{""amount"":0.5,""name"":""番茄泥"",""unit"":""""},{""amount"":0.5,""name"":""水"",""unit"":""""},{""amount"":1,""name"":""椰子"",""unit"":""""},{""amount"":0,""name"":""柠檬"",""unit"":""""}]","[""鸡肉"",""禽肉"",""肉"",""亚洲"",""印度"",""少于4小时"",""咖喱""]"
457367,烤酿猪里脊,837.2,108.4,37.9,22.7,8.7,1.1,16.8,1148.4,338.7,6,dinner,"[{""amount"":6,""name"":""干红葡萄酒"",""unit"":""""},{""amount"":0.75,""name"":""红糖"",""unit"":""""},{""amount"":0.3333333333333333,""name"":""番茄酱"",""unit"":""""},{""amount"":0.25,""name"":""酱油"",""unit"":""""},{""amount"":2,""name"":""蒜瓣"",""unit"":""""},{""amount"":2,""name"":""咖喱粉"",""unit"":""""},{""amount"":1,""name"":""胡椒"",""unit"":""""},{""amount"":0.5,""name"":""水"",""unit"":""""},{""amount"":0.25,""name"":""黄油"",""unit"":""""}]","[""肉"",""高蛋白"",""健康"",""高含量..."",""少于60分钟"",""猪肉""]"
340078,慢炖锅乡村猪肉烤肉（或牛肉）,799.7,104.3,37.6,23.2,8,5.5,5.4,382.3,285.8,1,dinner,"[{""amount"":4,""name"":""洋葱"",""unit"":""""},{""amount"":1,""name"":""水"",""unit"":""""},{""amount"":1,""name"":""大蒜粉"",""unit"":""""},{""amount"":1,""name"":""欧芹"",""unit"":""""},{""amount"":1,""name"":""厨房花束"",""unit"":""""},{""amount"":1,""name"":""盐"",""unit"":""""},{""amount"":2,""name"":""胡椒"",""unit"":""""},{""amount"":1,""name"":""土豆"",""unit"":""""},{""amount"":1,""name"":""胡萝卜"",""unit"":""""},{""amount"":3,""name"":""橄榄油"",""unit"":""""}]","[""猪肉"",""肉"",""烤牛肉""]"
462765,香辣墨西哥猪排,754.4,104.6,32.3,22.6,5.5,4.1,4,846,313,6,dinner,"[{""amount"":2,""name"":""菜籽油"",""unit"":""""},{""amount"":6,""name"":""橄榄油"",""unit"":""""},{""amount"":1,""name"":""洋葱"",""unit"":""""},{""amount"":3,""name"":""蒜瓣"",""unit"":""-4""},{""amount"":1,""name"":""盐"",""unit"":""""},{""amount"":0.5,""name"":""孜然粉"",""unit"":""""},{""amount"":0.5,""name"":""芫荽粉"",""unit"":""""},{""amount"":0.5,""name"":""辣椒粉"",""unit"":""""},{""amount"":0.25,""name"":""辣椒粉"",""unit"":""""},{""amount"":28,""name"":""番茄丁带汁"",""unit"":""""},{""amount"":2,""name"":""冷冻甜玉米粒"",""unit"":""""},{""amount"":2,""name"":""现磨黑胡椒"",""unit"":""-3""},{""amount"":0,""name"":""新鲜香菜"",""unit"":""""}]","[""猪肉"",""肉"",""墨西哥"",""健康"",""工作日夜晚"",""少于60分钟"",""简单"",""一餐即食""]"
274185,莱尔主厨烤蟹肉香菇酿猪里脊,968.8,110.1,20.4,46.1,19.6,2,3.5,543.7,336.2,1,dinner,"[{""amount"":4.5,""name"":""蟹肉块"",""unit"":""""},{""amount"":8,""name"":""香菇"",""unit"":""""},{""amount"":8,""name"":""蒜瓣"",""unit"":""-10""},{""amount"":1,""name"":""新鲜迷迭香"",""unit"":""""},{""amount"":2,""name"":""新鲜百里香"",""unit"":""""},{""amount"":1,""name"":""无盐黄油"",""unit"":""""},{""amount"":4,""name"":""犹太盐"",""unit"":""""},{""amount"":1,""name"":""新鲜研磨黑胡椒"",""unit"":""""},{""amount"":3,""name"":""白葡萄酒"",""unit"":""""},{""amount"":3,""name"":""黄油"",""unit"":""""},{""amount"":0.5,""name"":""通用面粉"",""unit"":""""}]","[""猪肉"",""肉"",""烤"",""烤箱"",""少于4小时"",""蟹""]"
213199,贝壳鲜葱烤牛肉,790.5,108,14.2,33.7,12.4,1.1,2,940,282.1,1,dinner,"[{""amount"":3.5,""name"":""烤牛肉"",""unit"":""- 4""},{""amount"":1,""name"":""水"",""unit"":""""},{""amount"":0.5,""name"":""水"",""unit"":""""},{""amount"":1,""name"":""大蒜粉"",""unit"":""""},{""amount"":1,""name"":""黑胡椒"",""unit"":""""},{""amount"":1,""name"":""面粉"",""unit"":""""},{""amount"":0.3333333333333333,""name"":""水"",""unit"":""""}]","[""肉"",""极低碳水化合物"",""高蛋白"",""高含量..."",""少于4小时"",""简单"",""烤牛肉""]"
112405,培根鸡肉串,705.4,103.5,16.9,23.2,6.3,4.5,9,740.1,306.9,1,dinner,"[{""amount"":12,""name"":""小褐菇"",""unit"":""-16""},{""amount"":1,""name"":""青椒"",""unit"":""""},{""amount"":12,""name"":""樱桃番茄"",""unit"":""-16""},{""amount"":1,""name"":""洋葱"",""unit"":""""},{""amount"":2,""name"":""去骨去皮鸡胸肉"",""unit"":""""},{""amount"":6,""name"":""培根"",""unit"":""-8""},{""amount"":6,""name"":""盐"",""unit"":""-8""},{""amount"":0,""name"":""胡椒"",""unit"":""""}]","[""鸡肉"",""禽肉"",""肉"",""极低碳水化合物"",""健康"",""少于60分钟"",""简单"",""鸡胸肉""]"
204653,鸡肉丹萨克,887.3,101.3,39.5,35.1,9.6,10.3,7.3,810.3,257.6,4,dinner,"[{""amount"":2.5,""name"":""去皮鸡肉"",""unit"":""""},{""amount"":1,""name"":""盐"",""unit"":""""},{""amount"":1,""name"":""鲜姜"",""unit"":""""},{""amount"":6,""name"":""蒜瓣"",""unit"":""""},{""amount"":1,""name"":""孜然籽"",""unit"":""""},{""amount"":1,""name"":""茴香籽"",""unit"":""""},{""amount"":1,""name"":""绿豆蔻"",""unit"":""""},{""amount"":4,""name"":""肉桂棒"",""unit"":""""},{""amount"":2,""name"":""花椒粒"",""unit"":""""},{""amount"":6,""name"":""月桂叶"",""unit"":""""},{""amount"":10,""name"":""葫芦巴籽"",""unit"":""""},{""amount"":2,""name"":""黑芥末籽"",""unit"":""""},{""amount"":0.25,""name"":""水"",""unit"":""""},{""amount"":0.5,""name"":""酥油"",""unit"":""""},{""amount"":6,""name"":""水"",""unit"":""""},{""amount"":2,""name"":""红扁豆"",""unit"":""""},{""amount"":4,""name"":""洋葱"",""unit"":""""},{""amount"":3,""name"":""姜黄"",""unit"":""""},{""amount"":3,""name"":""葛拉姆马萨拉"",""unit"":""""},{""amount"":5,""name"":""温水"",""unit"":""""},{""amount"":1,""name"":""罗望子酱"",""unit"":""""},{""amount"":1,""name"":""新鲜香菜叶"",""unit"":""""}]","[""鸡肉"",""禽肉"",""肉"",""亚洲"",""印度"",""少于4小时"",""咖喱""]"
322011,香煎猪肉丝,971.8,110.3,6,53.1,16.9,0.7,3.4,1167,365.9,15,dinner,"[{""amount"":3,""name"":""洋葱"",""unit"":""""},{""amount"":2,""name"":""烟熏辣椒"",""unit"":""""},{""amount"":4,""name"":""阿多波调味料"",""unit"":""""},{""amount"":4,""name"":""蒜瓣"",""unit"":""""},{""amount"":8,""name"":""鸡高汤块"",""unit"":""""},{""amount"":2,""name"":""热水"",""unit"":""""},{""amount"":1,""name"":""干牛至"",""unit"":""""},{""amount"":2,""name"":""犹太盐"",""unit"":""""},{""amount"":2,""name"":""橙皮屑"",""unit"":""""}]","[""肉"",""墨西哥"",""供多人食用"",""猪肉""]"
278885,简易培根红葱扁豆,848.4,58.1,131.4,10.1,2.1,65.3,5.8,198.7,8.8,2,dinner,"[{""amount"":2,""name"":""橄榄油"",""unit"":""""},{""amount"":2,""name"":""烟熏培根"",""unit"":""""},{""amount"":1,""name"":""红洋葱"",""unit"":""""},{""amount"":1,""name"":""绿扁豆"",""unit"":""""}]","[""扁豆"",""豆类"",""肉"",""欧洲"",""冬季"",""少于15分钟"",""新手厨师"",""简单"",""便宜"",""猪肉""]"
246485,芥末鸡,996.5,102,41,46.4,17.3,11.4,6.6,1441.3,293.9,1,dinner,"[{""amount"":5,""name"":""干白葡萄酒"",""unit"":""""},{""amount"":1,""name"":""酸奶油"",""unit"":""""},{""amount"":1,""name"":""蛋黄酱"",""unit"":""""},{""amount"":1,""name"":""韭菜"",""unit"":""""},{""amount"":0.3333333333333333,""name"":""棕芥末籽"",""unit"":""""},{""amount"":0.3333333333333333,""name"":""芥末粉"",""unit"":""""},{""amount"":1,""name"":""柠檬汁"",""unit"":""""},{""amount"":2,""name"":""塔巴斯科辣椒酱"",""unit"":""""},{""amount"":0.5,""name"":""黄油"",""unit"":""""},{""amount"":3.5,""name"":""洋蓟心"",""unit"":""""},{""amount"":3,""name"":""熟米饭"",""unit"":""""}]","[""禽肉"",""肉"",""家常菜聚餐"",""咸味"",""少于4小时"",""简单"",""鸡肉""]"
206838,烤焖鸡（穆尔吉）,893.7,108.5,15.8,42.1,22.1,2.3,7.5,1439.6,366.6,4,dinner,"[{""amount"":3,""name"":""去皮鸡肉"",""unit"":""""},{""amount"":1,""name"":""洋葱"",""unit"":""""},{""amount"":4,""name"":""酥油"",""unit"":""""},{""amount"":0.25,""name"":""原味酸奶"",""unit"":""""},{""amount"":1,""name"":""肉桂棒"",""unit"":""""},{""amount"":2,""name"":""豆蔻荚"",""unit"":""""},{""amount"":0.5,""name"":""黑胡椒"",""unit"":""""},{""amount"":0.5,""name"":""辣椒粉"",""unit"":""""},{""amount"":2,""name"":""青辣椒"",""unit"":""""},{""amount"":0.5,""name"":""新鲜香菜叶"",""unit"":""""},{""amount"":0.5,""name"":""姜粉"",""unit"":""""},{""amount"":2,""name"":""盐"",""unit"":""""},{""amount"":2,""name"":""新鲜椰子"",""unit"":""""}]","[""鸡肉"",""禽肉"",""肉"",""亚洲"",""印度"",""少于4小时"",""咖喱""]"
434338,咖喱鸡肉丸（SCD）,924,105.7,79.5,20.5,5.3,2.8,72.8,761.9,529.3,1,dinner,"[{""amount"":1,""name"":""鸡肉末"",""unit"":""""},{""amount"":1,""name"":""洋葱"",""unit"":""""},{""amount"":0.25,""name"":""鸡蛋"",""unit"":""""},{""amount"":1,""name"":""干芥末"",""unit"":""""},{""amount"":1,""name"":""肉豆蔻"",""unit"":""""},{""amount"":0.125,""name"":""姜粉"",""unit"":""""},{""amount"":1,""name"":""姜根"",""unit"":""""},{""amount"":0.125,""name"":""肉桂"",""unit"":""""},{""amount"":0.25,""name"":""蜂蜜"",""unit"":""""},{""amount"":2,""name"":""第戎芥末酱"",""unit"":""""},{""amount"":1,""name"":""咖喱粉"",""unit"":""""}]","[""鸡肉"",""禽肉"",""肉"",""少于30分钟"",""简单"",""咖喱""]"
99764,罗望子石榴酱鸡,725.8,102.5,31.3,19.6,5,4.3,14.6,1105.7,403.2,1,dinner,"[{""amount"":4,""name"":""黄洋葱"",""unit"":""""},{""amount"":4,""name"":""红洋葱"",""unit"":""""},{""amount"":2,""name"":""新鲜香菜"",""unit"":""""},{""amount"":10,""name"":""大蒜"",""unit"":""""},{""amount"":1,""name"":""甜红椒粉"",""unit"":""""},{""amount"":1,""name"":""热辣椒粉"",""unit"":""""},{""amount"":1,""name"":""辣椒粉"",""unit"":""""},{""amount"":3,""name"":""黑胡椒"",""unit"":""""},{""amount"":3,""name"":""罗望子酱"",""unit"":""""},{""amount"":0.5,""name"":""水"",""unit"":""""},{""amount"":0.5,""name"":""石榴膏"",""unit"":""""},{""amount"":2,""name"":""水"",""unit"":""""},{""amount"":1,""name"":""石榴汁"",""unit"":""""},{""amount"":10,""name"":""番茄酱"",""unit"":""""},{""amount"":10,""name"":""盐"",""unit"":""""},{""amount"":0,""name"":""去皮鸡大腿"",""unit"":""""},{""amount"":0,""name"":""石榴籽"",""unit"":""""}]","[""鸡肉"",""禽肉"",""肉"",""欧洲"",""犹太洁食"",""炉灶顶"",""少于4小时"",""鸡大腿及鸡腿""]"
186177,美味炖肉,942,102.7,72.3,28.2,12.6,8.4,21.1,1015.3,299.7,1,dinner,"[{""amount"":4,""name"":""牛肉高汤块"",""unit"":""""},{""amount"":2,""name"":""水"",""unit"":""""},{""amount"":2,""name"":""月桂叶"",""unit"":""""},{""amount"":3,""name"":""番茄酱"",""unit"":""""},{""amount"":4,""name"":""伍斯特酱"",""unit"":""""},{""amount"":1,""name"":""红糖"",""unit"":""""},{""amount"":4,""name"":""洋葱"",""unit"":""""},{""amount"":1,""name"":""洋葱"",""unit"":""""},{""amount"":5,""name"":""土豆"",""unit"":""""},{""amount"":1,""name"":""黑胡椒"",""unit"":""""},{""amount"":2,""name"":""大蒜粉"",""unit"":""""}]","[""烤牛肉"",""土豆"",""洋葱"",""蔬菜"",""肉"",""健康"",""少于4小时"",""一餐即食""]"
259757,炖牛肉,732.5,102.1,40.5,18.9,7.6,5.1,5.8,381.2,299.4,1,dinner,"[{""amount"":1,""name"":""烤牛肉"",""unit"":""""},{""amount"":1,""name"":""甜洋葱"",""unit"":""""},{""amount"":4,""name"":""新鲜大蒜瓣"",""unit"":""""},{""amount"":4,""name"":""烤土豆"",""unit"":""""},{""amount"":4,""name"":""胡萝卜"",""unit"":""""},{""amount"":4,""name"":""欧洲防风根"",""unit"":""""}]","[""肉"",""适合儿童"",""少于4小时"",""简单"",""一餐即食""]"
399654,咖啡腌渍炖牛肉,973,103.2,61.1,36.3,13.9,8.1,9.4,1453.3,299.7,1,dinner,"[{""amount"":4,""name"":""去骨牛肩胛肉"",""unit"":""-5""},{""amount"":2,""name"":""面粉"",""unit"":""""},{""amount"":10,""name"":""土豆"",""unit"":""""},{""amount"":6,""name"":""洋葱"",""unit"":""""},{""amount"":2,""name"":""芹菜"",""unit"":""""},{""amount"":3,""name"":""煮咖啡"",""unit"":""""},{""amount"":8,""name"":""盐"",""unit"":""""},{""amount"":4,""name"":""胡椒"",""unit"":""""},{""amount"":0.25,""name"":""大蒜"",""unit"":""""},{""amount"":2,""name"":""牛肉高汤块"",""unit"":""""},{""amount"":0.25,""name"":""伍斯特酱"",""unit"":""""},{""amount"":0.25,""name"":""罐装番茄"",""unit"":""""}]","[""烤牛肉"",""肉"",""便宜"",""一餐即食""]"
255958,超简单慢炖锅烤肉配真肉汁,784.5,102.3,40.1,24.7,11.2,5.6,6.2,473.4,314.6,4,dinner,"[{""amount"":4,""name"":""烤牛肉"",""unit"":""""},{""amount"":4,""name"":""育空黄金土豆"",""unit"":""""},{""amount"":1,""name"":""芹菜茎"",""unit"":""""},{""amount"":2,""name"":""干味美思"",""unit"":""""},{""amount"":4,""name"":""水"",""unit"":""""},{""amount"":0.5,""name"":""蒜瓣"",""unit"":""""},{""amount"":1.5,""name"":""黄油"",""unit"":""""},{""amount"":3,""name"":""面粉"",""unit"":""""}]","[""烤牛肉"",""肉"",""一餐即食""]"
198644,黎巴嫩卷饼香烤鸡,827.6,100.5,30.5,33.8,14.5,9.7,6.7,2486.5,243,1,dinner,"[{""amount"":2,""name"":""鸡胸肉片"",""unit"":""""},{""amount"":2,""name"":""大蒜"",""unit"":""""},{""amount"":2,""name"":""姜"",""unit"":""""},{""amount"":4,""name"":""鲜青柠汁"",""unit"":""""},{""amount"":1,""name"":""甜酱油"",""unit"":""""},{""amount"":0.5,""name"":""酱油"",""unit"":""""},{""amount"":0.5,""name"":""香菜叶"",""unit"":""""},{""amount"":1,""name"":""牛油果"",""unit"":""""},{""amount"":6,""name"":""柠檬"",""unit"":""-8""},{""amount"":2,""name"":""青柠汁"",""unit"":""""},{""amount"":4,""name"":""番茄"",""unit"":""""},{""amount"":2,""name"":""西班牙洋葱"",""unit"":""""},{""amount"":4,""name"":""奶酪"",""unit"":""""},{""amount"":1,""name"":""生菜"",""unit"":""""}]","[""禽肉"",""肉"",""黎巴嫩"",""日语"",""西南亚（中东）"",""亚洲"",""适合儿童"",""露营"",""少于60分钟"",""新手厨师"",""简单"",""便宜"",""鸡肉""]"
356750,火腿豌豆浓汤,916.2,77.4,105.9,22.7,10.6,40.3,16.2,2119.9,98.6,1,dinner,"[{""amount"":3,""name"":""无盐黄油"",""unit"":""""},{""amount"":1,""name"":""洋葱"",""unit"":""""},{""amount"":2,""name"":""胡萝卜"",""unit"":""""},{""amount"":3,""name"":""蒜瓣"",""unit"":""""},{""amount"":1,""name"":""火腿排"",""unit"":""""},{""amount"":1,""name"":""白糖"",""unit"":""""},{""amount"":1,""name"":""低钠鸡汤"",""unit"":""""},{""amount"":6,""name"":""水"",""unit"":""""},{""amount"":2,""name"":""月桂叶"",""unit"":""""},{""amount"":1,""name"":""胡椒"",""unit"":""""}]","[""猪肉"",""肉"",""低胆固醇"",""健康"",""少于60分钟"",""简单"",""火腿""]"
328637,慢炖锅牛肉斯特罗加诺夫,901.2,106.8,15.8,42,17.2,1.6,3.4,1128.9,330.5,1,dinner,"[{""amount"":1.5,""name"":""低钠牛肉汤"",""unit"":""""},{""amount"":0.25,""name"":""干牛肝菌"",""unit"":""""},{""amount"":2,""name"":""洋葱"",""unit"":""""},{""amount"":2,""name"":""白葡萄酒"",""unit"":""""},{""amount"":0.5,""name"":""酱油"",""unit"":""""},{""amount"":0.3333333333333333,""name"":""去骨牛肩肉"",""unit"":""""},{""amount"":4,""name"":""白蘑菇"",""unit"":""""},{""amount"":1,""name"":""通用面粉"",""unit"":""""},{""amount"":6,""name"":""酸奶油"",""unit"":""""},{""amount"":1.5,""name"":""新鲜莳萝"",""unit"":""""}]","[""一餐即食"",""炖""]"
245291,节日猪肉,816.2,102.7,29.3,30.2,8.8,3.5,23.9,823.6,285.8,4,dinner,"[{""amount"":4,""name"":""蒜瓣"",""unit"":""""},{""amount"":1,""name"":""茴香籽"",""unit"":""""},{""amount"":2,""name"":""红糖"",""unit"":""""},{""amount"":2,""name"":""干百里香"",""unit"":""""},{""amount"":2,""name"":""调味盐"",""unit"":""""},{""amount"":1,""name"":""欧芹"",""unit"":""""},{""amount"":1,""name"":""酱油"",""unit"":""""}]","[""肉"",""高蛋白"",""高含量..."",""少于60分钟"",""猪肉""]"
510380,苹果酒炖猪排,663.2,101.5,9.4,21.8,5.4,1.8,6.1,452.2,313,4,dinner,"[{""amount"":1,""name"":""干牛至"",""unit"":""""},{""amount"":0.5,""name"":""五香粉"",""unit"":""""},{""amount"":0.5,""name"":""甜红椒粉"",""unit"":""""},{""amount"":4,""name"":""犹太盐"",""unit"":""""},{""amount"":4,""name"":""新鲜研磨黑胡椒"",""unit"":""""},{""amount"":1,""name"":""菜籽油"",""unit"":""""},{""amount"":0.3333333333333333,""name"":""黄洋葱"",""unit"":""""},{""amount"":2,""name"":""甜苹果酒"",""unit"":""""},{""amount"":1,""name"":""红酒醋"",""unit"":""""},{""amount"":1,""name"":""富士苹果"",""unit"":""""},{""amount"":0.5,""name"":""鸡汤"",""unit"":""""},{""amount"":0,""name"":""2%淡奶"",""unit"":""""}]","[""肉"",""少于60分钟"",""炉灶顶"",""猪肉""]"
339833,布鲁斯最爱烤猪肉,996.5,103.7,52.8,38.9,12.9,5.2,10.7,1626.2,292.4,1,dinner,"[{""amount"":3,""name"":""去骨猪肩肉"",""unit"":""-4""},{""amount"":2,""name"":""菜籽油"",""unit"":""""},{""amount"":2,""name"":""蒜瓣"",""unit"":""""},{""amount"":2,""name"":""酱油"",""unit"":""""},{""amount"":1,""name"":""洋葱"",""unit"":""""},{""amount"":2,""name"":""红糖"",""unit"":""""},{""amount"":1,""name"":""土豆"",""unit"":""""},{""amount"":5,""name"":""犹太盐"",""unit"":""""},{""amount"":1,""name"":""黑胡椒"",""unit"":""""}]","[""猪肉"",""肉"",""高蛋白"",""高含量..."",""简单"",""一餐即食""]"
344319,慢炖锅烤猪肉,604.6,101.3,5.9,16.9,5,1,2.5,769.9,313,1,dinner,"[{""amount"":4,""name"":""蒜瓣"",""unit"":""-5""},{""amount"":1,""name"":""洋葱"",""unit"":""""},{""amount"":2,""name"":""月桂叶"",""unit"":""""},{""amount"":1,""name"":""热水"",""unit"":""""},{""amount"":1,""name"":""酱油"",""unit"":""""}]","[""肉"",""极低碳水化合物"",""高蛋白"",""健康"",""高含量..."",""猪肉""]"
390894,秋日慢炖鸡,879.6,98.9,20.7,40.8,11.7,8.9,3.5,653.8,278.4,1,dinner,"[{""amount"":1,""name"":""洋蓟心"",""unit"":""""},{""amount"":1,""name"":""整蘑菇"",""unit"":""""},{""amount"":6,""name"":""白葡萄酒"",""unit"":""""},{""amount"":1,""name"":""辣椒粉"",""unit"":""""}]","[""一餐即食""]"
491982,意大利酿鸡胸,684.2,103.1,2.2,26.6,11.3,0.5,0.3,982.2,333.4,6,dinner,"[{""amount"":6,""name"":""去骨去皮鸡胸肉半块"",""unit"":""""},{""amount"":0.5,""name"":""盐"",""unit"":""""},{""amount"":0.5,""name"":""胡椒"",""unit"":""""},{""amount"":1,""name"":""百里香"",""unit"":""""},{""amount"":1,""name"":""墨角兰"",""unit"":""""},{""amount"":12,""name"":""油浸日晒番茄干"",""unit"":""""},{""amount"":6,""name"":""马苏里拉奶酪"",""unit"":""""},{""amount"":8,""name"":""帕尔玛火腿"",""unit"":""""},{""amount"":4,""name"":""帕尔玛火腿"",""unit"":""""},{""amount"":0,""name"":""黄油"",""unit"":""""}]","[""鸡胸肉"",""鸡肉"",""禽肉"",""肉"",""欧洲"",""极低碳水化合物"",""高蛋白"",""高含量..."",""少于4小时"",""简单"",""自制"",""一餐即食""]"
145167,烤猪肉面包师风格,934,102.3,41.9,37.3,14.8,5.3,2.6,533.7,287.2,8,dinner,"[{""amount"":2,""name"":""蒜瓣"",""unit"":""""},{""amount"":1,""name"":""盐"",""unit"":""""},{""amount"":1,""name"":""土豆"",""unit"":""""},{""amount"":4,""name"":""洋葱"",""unit"":""""},{""amount"":1,""name"":""黄油"",""unit"":""""},{""amount"":3,""name"":""调味盐"",""unit"":""""},{""amount"":2,""name"":""胡椒"",""unit"":""""},{""amount"":0.125,""name"":""新鲜欧芹叶"",""unit"":""""},{""amount"":2,""name"":""新鲜欧芹叶"",""unit"":""""}]","[""肉"",""新手厨师"",""少于4小时"",""简单"",""猪肉""]"
493622,烤猪肉,766.4,104,0.7,35,12.8,0.1,0.1,212.1,294.2,1,dinner,"[{""amount"":4,""name"":""蒜瓣"",""unit"":""""},{""amount"":2,""name"":""月桂叶"",""unit"":""""},{""amount"":4,""name"":""白醋"",""unit"":""""},{""amount"":0.5,""name"":""干百里香"",""unit"":""""}]","[""肉"",""极低碳水化合物"",""高蛋白"",""高含量..."",""少于4小时"",""简单"",""猪肉""]"
289394,卡津杂烩炖饭（瑞秋·雷）,932.3,103.2,25.8,44.5,13.3,4.2,11,2426.1,372.5,4,dinner,"[{""amount"":2,""name"":""安杜伊香肠"",""unit"":""""},{""amount"":1,""name"":""黄洋葱"",""unit"":""""},{""amount"":2,""name"":""蒜瓣"",""unit"":""""},{""amount"":1,""name"":""芹菜茎"",""unit"":""""},{""amount"":3,""name"":""青椒"",""unit"":""""},{""amount"":3,""name"":""红甜椒"",""unit"":""""},{""amount"":1,""name"":""新鲜百里香"",""unit"":""""},{""amount"":1,""name"":""番茄汁"",""unit"":""""},{""amount"":4,""name"":""冷冻秋葵"",""unit"":""""},{""amount"":2,""name"":""新鲜平叶欧芹"",""unit"":""""},{""amount"":1,""name"":""葱"",""unit"":""""}]","[""猪肉"",""禽肉"",""肉"",""卡真"",""少于30分钟"",""简单"",""鸡肉""]"
155948,拉里式猪里脊烤肉,772.7,104,3.7,35,12.8,0,3.6,221.9,294.2,5,dinner,"[{""amount"":4,""name"":""调味盐"",""unit"":""""},{""amount"":1,""name"":""伍斯特酱"",""unit"":""""},{""amount"":1,""name"":""蜂蜜"",""unit"":""""}]","[""肉"",""简单"",""猪肉""]"
279131,慢炖锅肩胛骨烧烤猪肉,910,104.4,30.2,38.5,12.4,1.5,22.4,1329.1,292.4,4,dinner,"[{""amount"":1,""name"":""洋葱"",""unit"":""""},{""amount"":3,""name"":""猪肉"",""unit"":""""},{""amount"":3.75,""name"":""蒜片"",""unit"":""""},{""amount"":2,""name"":""蒜瓣"",""unit"":""""}]","[""肉"",""便宜"",""猪肉""]"
407354,帕玛森百里香脆皮鸡配彩椒沙拉,938,101,62,29.8,10.7,6,10.4,1246.3,418.5,2,dinner,"[{""amount"":600,""name"":""鸡胸肉片"",""unit"":""""},{""amount"":0.25,""name"":""面粉"",""unit"":""""},{""amount"":2,""name"":""鸡蛋"",""unit"":""""},{""amount"":1,""name"":""帕玛森奶酪"",""unit"":""""},{""amount"":0.75,""name"":""新鲜百里香叶"",""unit"":""""},{""amount"":1,""name"":""甜椒"",""unit"":""""},{""amount"":2,""name"":""红甜椒"",""unit"":""""},{""amount"":70,""name"":""芝麻菜苗"",""unit"":""""},{""amount"":3,""name"":""红糖"",""unit"":""""},{""amount"":0.25,""name"":""橄榄油"",""unit"":""""}]","[""鸡大腿及鸡腿"",""鸡肉"",""禽肉"",""肉"",""少于60分钟"",""鸡胸肉""]"
288676,炸鸡块,905.6,100.7,93,10.8,3,3.9,0.9,303.1,416.8,1,dinner,"[{""amount"":8,""name"":""中筋面粉"",""unit"":""""},{""amount"":1,""name"":""辣椒粉"",""unit"":""""},{""amount"":1,""name"":""混合香草"",""unit"":""""},{""amount"":1,""name"":""大蒜粉"",""unit"":""""},{""amount"":1,""name"":""鸡蛋"",""unit"":""""},{""amount"":2,""name"":""去皮鸡胸肉"",""unit"":""""}]","[""鸡肉"",""禽肉"",""肉"",""少于30分钟"",""简单"",""鸡胸肉""]"
133920,猪肉蔬菜砂锅,937.4,99.2,44.4,38.6,11.5,7.9,10.9,1047.7,285.6,1,dinner,"[{""amount"":3,""name"":""猪肉"",""unit"":""""},{""amount"":2,""name"":""盐"",""unit"":""""},{""amount"":0.5,""name"":""胡椒"",""unit"":""""},{""amount"":0.25,""name"":""香薄荷"",""unit"":""""},{""amount"":1.5,""name"":""洋葱"",""unit"":""""},{""amount"":1,""name"":""胡萝卜"",""unit"":""""},{""amount"":0.5,""name"":""芜菁"",""unit"":""""},{""amount"":0.5,""name"":""欧洲防风根"",""unit"":""""},{""amount"":4,""name"":""土豆"",""unit"":""""},{""amount"":1,""name"":""番茄酱"",""unit"":""""}]","[""土豆"",""蔬菜"",""烤箱"",""少于4小时"",""便宜"",""一餐即食""]"
73970,香嫩慢炖辣猪排,705.6,100.8,14,25.1,6.1,1.5,11.6,1215.3,313,1,dinner,"[{""amount"":5,""name"":""洋葱"",""unit"":""-6""},{""amount"":3,""name"":""青椒"",""unit"":""""},{""amount"":1,""name"":""番茄酱"",""unit"":""""},{""amount"":1,""name"":""红糖"",""unit"":""""},{""amount"":1,""name"":""醋"",""unit"":""""},{""amount"":3,""name"":""盐"",""unit"":""-4""},{""amount"":1,""name"":""伍斯特酱"",""unit"":""""}]","[""猪肉"",""肉"",""美国西南部"",""墨西哥"",""极低碳水化合物"",""高蛋白"",""适合儿童"",""高含量..."",""辣味"",""咸味"",""工作日夜晚"",""炖""]"
44278,铸铁锅古法烤猪肉,635.6,100.3,7.3,20.1,6.3,0.7,0.8,850.8,316,1,dinner,"[{""amount"":4,""name"":""蒜瓣"",""unit"":""-5""},{""amount"":5,""name"":""洋葱"",""unit"":""""},{""amount"":1,""name"":""水"",""unit"":""""},{""amount"":2,""name"":""厨房花束"",""unit"":""""},{""amount"":1,""name"":""黑胡椒"",""unit"":""""},{""amount"":2,""name"":""盐"",""unit"":""""},{""amount"":1,""name"":""玉米淀粉"",""unit"":""""},{""amount"":1,""name"":""水"",""unit"":""""}]","[""肉"",""比利时"",""欧洲"",""工作日夜晚"",""烤箱"",""少于4小时"",""猪肉""]"
513138,蔬菜炖火鸡胸肉,829.3,101.4,18.9,35.9,11.2,2.5,3.6,324.7,305,6,dinner,"[{""amount"":1,""name"":""火鸡胸肉"",""unit"":""""},{""amount"":2,""name"":""黄油"",""unit"":""""},{""amount"":2,""name"":""盐"",""unit"":""""},{""amount"":2,""name"":""黑胡椒"",""unit"":""""},{""amount"":2,""name"":""干鼠尾草"",""unit"":""""},{""amount"":3,""name"":""新鲜迷迭香"",""unit"":""""},{""amount"":2,""name"":""火鸡高汤"",""unit"":""""},{""amount"":2,""name"":""鸡汤"",""unit"":""""},{""amount"":1,""name"":""胡萝卜"",""unit"":""""},{""amount"":3,""name"":""烤土豆"",""unit"":""""},{""amount"":0,""name"":""芹菜"",""unit"":""""},{""amount"":0,""name"":""通用面粉"",""unit"":""""}]","[""禽肉"",""肉"",""烤箱"",""少于4小时"",""鸡肉""]"
450425,烤墨西哥辣椒猪肉鸡肉沙嗲串,657.8,100.9,4,23.4,7.4,0.1,3.1,331.8,315.8,16,dinner,"[{""amount"":0.5,""name"":""烧烤酱"",""unit"":""""},{""amount"":1,""name"":""阿斗波酱烟熏辣椒"",""unit"":""""},{""amount"":2,""name"":""蒜瓣"",""unit"":""""},{""amount"":1,""name"":""蜂蜜"",""unit"":""""},{""amount"":12,""name"":""鸡胸肉"",""unit"":""""},{""amount"":12,""name"":""海盐"",""unit"":""""},{""amount"":96,""name"":""现磨黑胡椒"",""unit"":""""}]","[""猪肉"",""禽肉"",""肉"",""少于30分钟"",""供多人食用"",""新手厨师"",""简单"",""鸡肉""]"
180027,鼠尾草烤火鸡配焦糖洋葱,915.2,103.4,10.6,46.6,13.3,1.3,3.1,354.9,344.8,10,dinner,"[{""amount"":1.5,""name"":""洋葱"",""unit"":""""},{""amount"":3,""name"":""黄油"",""unit"":""""},{""amount"":1,""name"":""新鲜鼠尾草叶"",""unit"":""""},{""amount"":2,""name"":""新鲜鼠尾草叶"",""unit"":""""},{""amount"":8,""name"":""低钠鸡汤"",""unit"":""""},{""amount"":1.5,""name"":""通用面粉"",""unit"":""""},{""amount"":1,""name"":""干白葡萄酒"",""unit"":""""},{""amount"":6,""name"":""肉豆蔻粉"",""unit"":""""}]","[""全火鸡"",""鸡肉"",""禽肉"",""肉"",""整鸡""]"
220633,迷迭香烤猪排,614.1,100,1.8,20.3,5.5,0.4,0.3,1454.4,313,2,dinner,"[{""amount"":1.5,""name"":""橄榄油"",""unit"":""""},{""amount"":1,""name"":""红酒醋"",""unit"":""""},{""amount"":1,""name"":""蒜瓣"",""unit"":""""},{""amount"":0.75,""name"":""新鲜迷迭香"",""unit"":""""},{""amount"":1,""name"":""粗海盐"",""unit"":""""},{""amount"":1,""name"":""新鲜粗磨黑胡椒"",""unit"":""""},{""amount"":1,""name"":""伍斯特酱"",""unit"":""""}]","[""肉"",""极低碳水化合物"",""无乳糖"",""高蛋白"",""无蛋"",""健康"",""不含..."",""高含量..."",""咸味"",""少于15分钟"",""简单"",""猪肉""]"
177838,泰式罗勒炒鸡,633.3,97.1,15.5,19.1,2.4,3.7,9.6,902.9,230.4,2,dinner,"[{""amount"":1,""name"":""水"",""unit"":""""},{""amount"":1,""name"":""酱油"",""unit"":""""},{""amount"":1,""name"":""白糖"",""unit"":""""},{""amount"":1.75,""name"":""去骨去皮鸡胸肉"",""unit"":""""},{""amount"":3,""name"":""小葱"",""unit"":""""},{""amount"":6,""name"":""菜籽油"",""unit"":""""},{""amount"":3,""name"":""蒜瓣"",""unit"":""""},{""amount"":0.25,""name"":""碎红辣椒片"",""unit"":""""},{""amount"":6,""name"":""小白菜"",""unit"":""""},{""amount"":1,""name"":""新鲜罗勒叶"",""unit"":""""}]","[""鸡肉"",""禽肉"",""绿叶蔬菜"",""蔬菜"",""肉"",""极低碳水化合物"",""健康"",""少于60分钟"",""炉灶顶"",""炒"",""鸡胸肉""]"
220116,老时光猪排,616.3,99.8,0.1,21.3,5.6,0.1,0,263.2,313,6,dinner,"[{""amount"":6,""name"":""橄榄油"",""unit"":""""},{""amount"":2,""name"":""新鲜百里香"",""unit"":""""},{""amount"":1,""name"":""干百里香"",""unit"":""""}]","[""肉"",""极低碳水化合物"",""高蛋白"",""高含量..."",""少于60分钟"",""新手厨师"",""简单"",""猪肉""]"
513804,蒜香辣味炖肉,756.6,99.4,21.1,28.3,12.5,4.3,6.9,1660.8,299.4,1,dinner,"[{""amount"":1,""name"":""盐"",""unit"":""""},{""amount"":2,""name"":""胡椒"",""unit"":""-3""},{""amount"":1,""name"":""胡萝卜"",""unit"":""""},{""amount"":6,""name"":""萝卜"",""unit"":""""},{""amount"":2,""name"":""蒜瓣"",""unit"":""-3""},{""amount"":1,""name"":""辣椒"",""unit"":""""},{""amount"":5,""name"":""羽衣甘蓝"",""unit"":""-6""},{""amount"":2,""name"":""红酒"",""unit"":""-3""},{""amount"":1,""name"":""洋葱"",""unit"":""""}]","[""烤牛肉"",""肉"",""加拿大"",""炉灶顶"",""简单"",""一餐即食""]"
508919,卡津烤袋：贾斯汀·威尔逊风味,939.6,100.5,52.4,27.9,12.5,5.3,9.3,1752.8,299.4,1,dinner,"[{""amount"":2,""name"":""通用面粉"",""unit"":""""},{""amount"":2,""name"":""蒜瓣"",""unit"":""""},{""amount"":1,""name"":""盐"",""unit"":""""},{""amount"":1,""name"":""辣椒粉"",""unit"":""""},{""amount"":1,""name"":""洋葱"",""unit"":""""},{""amount"":2,""name"":""烤土豆"",""unit"":""""},{""amount"":2,""name"":""胡萝卜"",""unit"":""""},{""amount"":1,""name"":""蘑菇"",""unit"":""""},{""amount"":2,""name"":""白葡萄酒"",""unit"":""""},{""amount"":0,""name"":""伍斯特酱"",""unit"":""""},{""amount"":0,""name"":""牛肉高汤"",""unit"":""""},{""amount"":0,""name"":""玉米淀粉"",""unit"":""""}]","[""肉"",""健康"",""工作日夜晚"",""少于4小时"",""一餐即食""]"
65509,印尼式肝脏（牛肉、鸡肉或猪肉）,952.2,105.5,33.4,43.2,23.4,0.7,2.4,946.7,1375,4,dinner,"[{""amount"":1.25,""name"":""鸡肝"",""unit"":""- 1 1/2""},{""amount"":1.5,""name"":""椰奶"",""unit"":""- 2""},{""amount"":2,""name"":""青柠叶"",""unit"":""""},{""amount"":1,""name"":""柠檬草"",""unit"":""""},{""amount"":8,""name"":""火葱"",""unit"":""""},{""amount"":3,""name"":""蒜瓣"",""unit"":""""},{""amount"":4,""name"":""红辣椒"",""unit"":""""},{""amount"":1,""name"":""高良姜"",""unit"":""""},{""amount"":1,""name"":""磨碎的南姜"",""unit"":""""},{""amount"":1,""name"":""姜黄粉"",""unit"":""""},{""amount"":1,""name"":""鲜姜"",""unit"":""""},{""amount"":2,""name"":""盐"",""unit"":""""}]","[""牛内脏"",""肉"",""印度尼西亚"",""亚洲"",""辣味"",""少于60分钟"",""炉灶顶"",""小型电器"",""咖喱""]"
325283,最佳手撕猪肉（或鸡肉）,868,100.7,32,34.8,12.7,3.4,17.4,658.5,296.8,4,dinner,"[{""amount"":2,""name"":""洋葱"",""unit"":""""},{""amount"":6,""name"":""蒜瓣"",""unit"":""""},{""amount"":1,""name"":""辣椒粉"",""unit"":""""},{""amount"":1,""name"":""碎胡椒"",""unit"":""""},{""amount"":1,""name"":""辣椒酱"",""unit"":""""},{""amount"":0.25,""name"":""红糖"",""unit"":""""},{""amount"":0.25,""name"":""苹果醋"",""unit"":""""},{""amount"":1,""name"":""伍斯特酱"",""unit"":""""},{""amount"":1,""name"":""烟熏液"",""unit"":""""},{""amount"":3,""name"":""去骨猪肩肉"",""unit"":""""}]","[""猪肉"",""肉"",""高蛋白"",""高含量..."",""咸味"",""新手厨师"",""简单"",""一餐即食""]"
103729,烤帕玛森芝士鸡,993.6,104.6,18.6,53,16.9,0.8,2.1,1097.8,310.1,1,dinner,"[{""amount"":0.5,""name"":""帕玛森奶酪"",""unit"":""""},{""amount"":0.5,""name"":""干牛至"",""unit"":""""},{""amount"":0.5,""name"":""大蒜粉"",""unit"":""""},{""amount"":0.25,""name"":""胡椒"",""unit"":""""},{""amount"":0.25,""name"":""去骨鸡胸肉"",""unit"":""""},{""amount"":4,""name"":""牛奶"",""unit"":""""},{""amount"":1,""name"":""辣椒粉"",""unit"":""""}]","[""鸡肉"",""禽肉"",""肉"",""少于4小时"",""鸡胸肉""]"
346852,斯特罗加诺夫酱猪排,993.2,101.2,13.2,56,17.8,5.6,4.8,1702.5,326.8,4,dinner,"[{""amount"":1,""name"":""橄榄油"",""unit"":""""},{""amount"":1,""name"":""洋葱"",""unit"":""""},{""amount"":4,""name"":""蘑菇"",""unit"":""""},{""amount"":1,""name"":""白兰地"",""unit"":""""},{""amount"":2,""name"":""酸奶油"",""unit"":""""},{""amount"":4,""name"":""第戎芥末酱"",""unit"":""""},{""amount"":1,""name"":""黄油"",""unit"":""""},{""amount"":2,""name"":""橄榄油"",""unit"":""""},{""amount"":0.5,""name"":""欧芹"",""unit"":""""}]","[""肉"",""俄语"",""欧洲"",""极低碳水化合物"",""适合儿童"",""咸味"",""少于60分钟"",""简单"",""便宜"",""猪肉""]"
446693,青椒肉丝,830.6,100.8,25,33.3,11.7,2.5,19.1,1051.5,292.4,4,dinner,"[{""amount"":3,""name"":""猪肉"",""unit"":""""},{""amount"":1,""name"":""洋葱"",""unit"":""""},{""amount"":2,""name"":""甜椒"",""unit"":""""}]","[""肉"",""高蛋白"",""高含量..."",""简单"",""一餐即食""]"
287260,火鸡配羽衣甘蓝,998.3,93.5,60.7,43,10.7,14.2,7.1,1060.2,290.1,2,dinner,"[{""amount"":2,""name"":""橄榄油"",""unit"":""""},{""amount"":1,""name"":""蒜瓣"",""unit"":""""},{""amount"":1,""name"":""洋葱"",""unit"":""""},{""amount"":1.5,""name"":""新鲜白蘑菇"",""unit"":""""},{""amount"":1,""name"":""高汤"",""unit"":""""},{""amount"":1,""name"":""赤褐色土豆"",""unit"":""""}]","[""羽衣甘蓝"",""土豆"",""禽肉"",""绿叶蔬菜"",""蔬菜"",""肉"",""少于4小时"",""简单"",""一餐即食""]"
288475,墨西哥玉米饼配里奥格兰德酱鸡肉,859.2,94.7,83.4,14.8,3.6,9.3,11.1,2182.1,205.3,1,dinner,"[{""amount"":3,""name"":""去皮鸡胸肉"",""unit"":""-4""},{""amount"":1,""name"":""洋葱"",""unit"":""""},{""amount"":1,""name"":""红甜椒"",""unit"":""""},{""amount"":8,""name"":""面粉玉米饼"",""unit"":""""},{""amount"":1,""name"":""洋葱"",""unit"":""""},{""amount"":1,""name"":""水"",""unit"":""""},{""amount"":2,""name"":""番茄泥"",""unit"":""""},{""amount"":2,""name"":""辣椒粉"",""unit"":""""},{""amount"":3,""name"":""肉桂"",""unit"":""""},{""amount"":2.5,""name"":""盐"",""unit"":""""},{""amount"":0.5,""name"":""黑胡椒"",""unit"":""""},{""amount"":1,""name"":""白胡椒"",""unit"":""""},{""amount"":1,""name"":""大蒜"",""unit"":""""},{""amount"":1,""name"":""辣椒粉"",""unit"":""""},{""amount"":1,""name"":""百里香"",""unit"":""""},{""amount"":0.5,""name"":""牛至"",""unit"":""""},{""amount"":0.5,""name"":""孜然"",""unit"":""""}]","[""禽肉"",""肉"",""墨西哥"",""少于60分钟"",""新手厨师"",""简单"",""鸡肉""]"
412411,简易烤蘑菇鸡腿,835,99.7,8.7,43.9,12,3.4,1.4,421,405,2,dinner,"[{""amount"":1,""name"":""鸡小腿"",""unit"":""""},{""amount"":1.5,""name"":""丁香"",""unit"":""""},{""amount"":250,""name"":""蘑菇"",""unit"":""""},{""amount"":1,""name"":""柠檬"",""unit"":""""},{""amount"":2,""name"":""橄榄油"",""unit"":""""},{""amount"":0,""name"":""盐"",""unit"":""""},{""amount"":0,""name"":""胡椒"",""unit"":""""},{""amount"":0,""name"":""芝麻菜"",""unit"":""""}]","[""禽肉"",""肉"",""少于4小时"",""鸡肉""]"
262642,番茄酱脆炸罗非鱼（腌鱼风味）,887.6,97.5,47.5,36.1,6.5,5.9,14.1,757.1,227,1,dinner,"[{""amount"":2,""name"":""面粉"",""unit"":""""},{""amount"":0.25,""name"":""玉米面"",""unit"":""""},{""amount"":0.25,""name"":""橄榄油"",""unit"":""""},{""amount"":0.25,""name"":""洋葱"",""unit"":""""},{""amount"":1,""name"":""青椒"",""unit"":""""},{""amount"":1,""name"":""香菜"",""unit"":""""},{""amount"":1,""name"":""蒜瓣"",""unit"":""""},{""amount"":2,""name"":""炖番茄"",""unit"":""""},{""amount"":15,""name"":""番茄丁"",""unit"":""""}]","[""罗非鱼"",""南美洲"",""少于60分钟"",""简单"",""一餐即食""]"
318386,苹果盐水腌猪排配香肠玉米面包馅,894.2,103,8.7,46.9,18.7,1.3,2.8,1484.7,413,4,dinner,"[{""amount"":4,""name"":""橄榄油"",""unit"":""""},{""amount"":2,""name"":""黑胡椒"",""unit"":""""},{""amount"":3,""name"":""烧烤酱"",""unit"":""""},{""amount"":1,""name"":""黄油"",""unit"":""""},{""amount"":0.25,""name"":""洋葱"",""unit"":""""},{""amount"":1,""name"":""红甜椒"",""unit"":""""},{""amount"":1,""name"":""犹太盐"",""unit"":""""},{""amount"":2,""name"":""黑胡椒"",""unit"":""""},{""amount"":0.5,""name"":""蒜瓣"",""unit"":""""},{""amount"":2,""name"":""辣味意大利香肠"",""unit"":""""},{""amount"":0.5,""name"":""新鲜意大利欧芹"",""unit"":""""},{""amount"":2,""name"":""罗马绵羊奶酪"",""unit"":""""},{""amount"":2,""name"":""鸡蛋"",""unit"":""""},{""amount"":0,""name"":""干百里香"",""unit"":""""}]","[""肉"",""少于4小时"",""猪肉""]"
294324,螺旋酿猪里脊,580.2,96.9,6.8,16.4,5.4,2.7,1.1,308.6,294.8,4,dinner,"[{""amount"":4,""name"":""蒜瓣"",""unit"":""""},{""amount"":1,""name"":""葱"",""unit"":""""},{""amount"":6,""name"":""橄榄油"",""unit"":""""}]","[""肉"",""极低碳水化合物"",""高蛋白"",""健康"",""不含..."",""高含量..."",""辣味"",""少于4小时"",""简单"",""便宜"",""猪肉""]"
298906,慢炖锅猪里脊肉配酸菜,844.2,99.6,8.8,43.3,13.4,3.7,3.6,982.8,275.8,1,dinner,"[{""amount"":3,""name"":""黄洋葱"",""unit"":""""},{""amount"":1,""name"":""酸菜"",""unit"":""""},{""amount"":1,""name"":""鸡汤"",""unit"":""""},{""amount"":0.5,""name"":""橄榄油"",""unit"":""""},{""amount"":0.6666666666666666,""name"":""蒜瓣"",""unit"":""""}]","[""肉"",""咸味"",""猪肉""]"
303703,鸡肉提卡,677.9,97.7,10,25.5,5.5,2.3,6,940,350.7,1,dinner,"[{""amount"":3,""name"":""脱脂原味酸奶"",""unit"":""""},{""amount"":0.6666666666666666,""name"":""姜根"",""unit"":""""},{""amount"":1,""name"":""辣椒粉"",""unit"":""""},{""amount"":1,""name"":""芫荽粉"",""unit"":""""},{""amount"":1,""name"":""盐"",""unit"":""""},{""amount"":0.5,""name"":""黑胡椒"",""unit"":""""},{""amount"":0.5,""name"":""柠檬汁"",""unit"":""""},{""amount"":2,""name"":""番茄膏"",""unit"":""""}]","[""鸡肉"",""禽肉"",""肉"",""亚洲"",""印度"",""春季"",""冬季"",""烤/炙烤"",""烤箱"",""鸡大腿及鸡腿""]"
27701,猪里脊,979.6,105.9,4.6,55.6,29.8,0,1.2,287.3,445.1,4,dinner,"[{""amount"":4,""name"":""加州黑无花果"",""unit"":""""},{""amount"":4,""name"":""波特酒"",""unit"":""""},{""amount"":7,""name"":""无盐黄油"",""unit"":""""},{""amount"":4,""name"":""红酒醋"",""unit"":""""},{""amount"":2,""name"":""青葱"",""unit"":""""}]","[""肉"",""加拿大"",""工作日夜晚"",""炉灶顶"",""少于4小时"",""猪肉""]"
187779,咖啡炖牛腩配洋葱酱,857.4,101.8,7.4,43.6,16.7,1.1,2.4,791.6,320.6,1,dinner,"[{""amount"":4,""name"":""橄榄油"",""unit"":""""},{""amount"":2,""name"":""洋葱"",""unit"":""""},{""amount"":2,""name"":""蒜瓣"",""unit"":""""},{""amount"":4,""name"":""牛上脑肉卷"",""unit"":""""},{""amount"":1.5,""name"":""浓黑咖啡"",""unit"":""""},{""amount"":1,""name"":""牛肉高汤"",""unit"":""""},{""amount"":0.5,""name"":""盐"",""unit"":""""},{""amount"":0.5,""name"":""黑胡椒粉"",""unit"":""""},{""amount"":0.25,""name"":""干百里香"",""unit"":""""},{""amount"":1,""name"":""月桂叶"",""unit"":""""},{""amount"":1,""name"":""无盐黄油"",""unit"":""""},{""amount"":1,""name"":""面粉"",""unit"":""""},{""amount"":2.5,""name"":""红酒醋"",""unit"":""""}]","[""肉"",""极低碳水化合物"",""冬季"",""少于4小时"",""烤牛肉""]"
287439,扁豆鸡肉塔吉锅,644.1,82.4,45.4,13.4,2.5,21.3,5.6,1469.7,193.9,1,dinner,"[{""amount"":2,""name"":""去骨去皮鸡胸肉"",""unit"":""""},{""amount"":3,""name"":""水"",""unit"":""""},{""amount"":1,""name"":""番茄酱"",""unit"":""""},{""amount"":2,""name"":""新鲜欧芹"",""unit"":""""},{""amount"":0.5,""name"":""洋葱"",""unit"":""""},{""amount"":1,""name"":""鸡高汤块"",""unit"":""""},{""amount"":1,""name"":""鸡高汤块"",""unit"":""""},{""amount"":1,""name"":""橄榄油"",""unit"":""""},{""amount"":0.5,""name"":""拉斯埃尔哈努特混合香料"",""unit"":""""},{""amount"":0.5,""name"":""拉丝厄尔哈努特 - 摩洛哥香料混合"",""unit"":""""},{""amount"":0.5,""name"":""姜"",""unit"":""""},{""amount"":0.5,""name"":""姜黄"",""unit"":""""},{""amount"":1,""name"":""盐"",""unit"":""""},{""amount"":0,""name"":""黑胡椒粉"",""unit"":""""},{""amount"":0,""name"":""干扁豆"",""unit"":""""}]","[""鸡肉"",""禽肉"",""扁豆"",""豆类"",""肉"",""摩洛哥"",""非洲"",""少于30分钟"",""新手厨师"",""简单"",""便宜"",""一餐即食""]"
68996,咖啡炖牛肩肉,711.4,98.8,17.7,27.7,12.4,1.6,3.5,1378.4,299.4,1,dinner,"[{""amount"":2,""name"":""黄洋葱"",""unit"":""""},{""amount"":4,""name"":""大蒜"",""unit"":""""},{""amount"":4,""name"":""酱油"",""unit"":""""},{""amount"":1,""name"":""玉米淀粉"",""unit"":""""},{""amount"":0.25,""name"":""水"",""unit"":""""}]","[""洋葱"",""蔬菜"",""肉"",""极低碳水化合物"",""高蛋白"",""高含量..."",""咸味"",""工作日夜晚"",""烤牛肉""]"
220816,橙香枣香炖肉,844.3,96.9,46.6,29.3,9.4,4.8,36.1,290.4,286.2,8,dinner,"[{""amount"":2,""name"":""去骨牛肩肉"",""unit"":""""},{""amount"":4,""name"":""白糖"",""unit"":""""},{""amount"":3,""name"":""橄榄油"",""unit"":""""},{""amount"":1,""name"":""洋葱"",""unit"":""""},{""amount"":6,""name"":""红酒醋"",""unit"":""""},{""amount"":0.5,""name"":""多香果粉"",""unit"":""""},{""amount"":2,""name"":""低钠鸡汤"",""unit"":""""},{""amount"":1,""name"":""番茄酱"",""unit"":""""},{""amount"":0.5,""name"":""去核椰枣"",""unit"":""""},{""amount"":2,""name"":""新鲜意大利欧芹"",""unit"":""""}]","[""水果"",""肉"",""少于4小时"",""简单"",""烤牛肉""]"
279999,阿拉斯加野蜜波本三文鱼,921.5,98.7,59.3,27.1,5.7,2.5,52.9,231.9,204.1,2,dinner,"[{""amount"":2,""name"":""柠檬"",""unit"":""""},{""amount"":1,""name"":""红糖"",""unit"":""""},{""amount"":0.5,""name"":""波本威士忌"",""unit"":""""},{""amount"":0.125,""name"":""碎红辣椒片"",""unit"":""""}]","[""美洲原住民"",""高蛋白"",""健康"",""高含量..."",""少于30分钟"",""简单"",""一餐即食""]"
302487,慢炖牛胸肉,907,98,35.2,38.1,12.8,5.3,18,2403.2,281.2,1,dinner,"[{""amount"":4,""name"":""牛胸肉"",""unit"":""""},{""amount"":12,""name"":""辣椒酱"",""unit"":""""},{""amount"":1,""name"":""洋葱"",""unit"":""""}]","[""烤牛肉"",""肉"",""新手厨师"",""简单"",""一餐即食""]"
404182,魔法酱烤猪肉,937.6,99.2,36.5,32.4,11.7,3.1,3.5,202.6,292.4,1,dinner,"[{""amount"":1,""name"":""洋葱"",""unit"":""""},{""amount"":1.5,""name"":""去骨猪肩肉"",""unit"":""""},{""amount"":0.5,""name"":""白葡萄酒"",""unit"":""""},{""amount"":1,""name"":""水"",""unit"":""""},{""amount"":0.5,""name"":""磨碎鼠尾草"",""unit"":""""}]","[""肉"",""简单"",""猪肉""]"
327118,牛胸肉,810.3,96.7,22,33.8,11.8,5.3,8.4,1909.1,281.2,1,dinner,"[{""amount"":1,""name"":""牛胸肉"",""unit"":""""},{""amount"":1,""name"":""大蒜粉"",""unit"":""""},{""amount"":1,""name"":""辣椒粉"",""unit"":""""},{""amount"":1,""name"":""辣椒酱"",""unit"":""""},{""amount"":1,""name"":""胡萝卜"",""unit"":""""}]","[""肉"",""高蛋白"",""高含量..."",""少于4小时"",""简单"",""烤牛肉""]"
141108,苹果釉烤猪排,915.1,98,37.5,40,12.9,4.5,30.5,493.7,275.8,1,dinner,"[{""amount"":3,""name"":""盐"",""unit"":""""},{""amount"":0.5,""name"":""黑胡椒粉"",""unit"":""""},{""amount"":0.5,""name"":""苹果"",""unit"":""""},{""amount"":2,""name"":""红糖"",""unit"":""""},{""amount"":4,""name"":""姜粉"",""unit"":""-6""}]","[""苹果"",""水果"",""肉"",""高蛋白"",""高含量..."",""简单"",""猪肉""]"
499481,慢炖锅绿酱鸡肉,882.7,86.1,87.4,19.4,3.8,18.6,18.2,2141.7,283.3,4,dinner,"[{""amount"":3,""name"":""去骨去皮鸡腿肉"",""unit"":""""},{""amount"":32,""name"":""绿酱"",""unit"":""""},{""amount"":1,""name"":""洋葱"",""unit"":""""},{""amount"":24,""name"":""菜豆"",""unit"":""""},{""amount"":16,""name"":""冷冻玉米"",""unit"":""""},{""amount"":0.5,""name"":""新鲜香菜"",""unit"":""""}]","[""简单"",""一餐即食""]"
262138,迷迭香烤火鸡,981.8,101.9,1.3,60.2,14.1,0.2,0,324.9,338.6,8,dinner,"[{""amount"":0.75,""name"":""橄榄油"",""unit"":""""},{""amount"":3,""name"":""大蒜"",""unit"":""""},{""amount"":2,""name"":""新鲜迷迭香"",""unit"":""""},{""amount"":1,""name"":""新鲜罗勒"",""unit"":""""},{""amount"":1,""name"":""黑胡椒粉"",""unit"":""""},{""amount"":1,""name"":""盐"",""unit"":""""}]","[""鸡肉"",""禽肉"",""肉"",""圣诞"",""全火鸡""]"
474915,健力士炖牛肉,686.9,97.2,13.5,27.7,12.4,2,4.7,372.5,299.4,1,dinner,"[{""amount"":2,""name"":""洋葱"",""unit"":""""},{""amount"":2,""name"":""烈性黑啤酒"",""unit"":""""},{""amount"":2,""name"":""干百里香"",""unit"":""""},{""amount"":0.25,""name"":""大蒜粉"",""unit"":""""},{""amount"":0.25,""name"":""洋葱粉"",""unit"":""""},{""amount"":0.25,""name"":""玉米淀粉"",""unit"":""""},{""amount"":1,""name"":""橄榄油"",""unit"":""""}]","[""肉"",""欧洲"",""工作日夜晚"",""少于4小时"",""简单"",""烤牛肉""]"
107385,墨西哥风味鸡肉饭,787.9,97.4,45.5,21.8,12,3.2,3.9,1229.1,247.8,1,dinner,"[{""amount"":3,""name"":""去骨去皮鸡胸肉"",""unit"":""""},{""amount"":1,""name"":""白米"",""unit"":""""},{""amount"":2,""name"":""水"",""unit"":""""},{""amount"":1,""name"":""莎莎酱"",""unit"":""""},{""amount"":1,""name"":""蒙特利杰克奶酪"",""unit"":""""},{""amount"":2,""name"":""酸奶油"",""unit"":""""}]","[""鸡胸肉"",""鸡肉"",""白米饭"",""禽肉"",""大米"",""奶酪"",""肉"",""墨西哥"",""辣味"",""少于60分钟"",""新手厨师"",""简单"",""一餐即食""]"
465562,焖猪肉盖浇饭,905.4,101,11.4,47.9,19.6,1.2,2,667.6,322.9,1,dinner,"[{""amount"":6,""name"":""去骨猪肩肉"",""unit"":""-7""},{""amount"":2,""name"":""犹太盐"",""unit"":""""},{""amount"":8,""name"":""黑胡椒粉"",""unit"":""""},{""amount"":3,""name"":""洋葱"",""unit"":""""},{""amount"":1,""name"":""蒜瓣"",""unit"":""""},{""amount"":2,""name"":""新鲜百里香叶"",""unit"":""""},{""amount"":8,""name"":""干迷迭香"",""unit"":""""},{""amount"":0.5,""name"":""黄油"",""unit"":""""},{""amount"":4,""name"":""通用面粉"",""unit"":""""},{""amount"":0.5,""name"":""鸡汤"",""unit"":""""}]","[""肉"",""卡真"",""极低碳水化合物"",""高蛋白"",""高含量..."",""少于4小时"",""猪肉""]"
135994,猪排意面晚餐,948.4,100,24.7,47.2,15,2.1,4.3,795.6,316.6,6,dinner,"[{""amount"":1.5,""name"":""通心粉"",""unit"":""""},{""amount"":6,""name"":""起酥油"",""unit"":""""},{""amount"":2,""name"":""番茄酱"",""unit"":""""},{""amount"":15,""name"":""洋葱"",""unit"":""""},{""amount"":0.25,""name"":""伍斯特酱"",""unit"":""""},{""amount"":1,""name"":""干罗勒"",""unit"":""""},{""amount"":0.5,""name"":""白糖"",""unit"":""""},{""amount"":0.25,""name"":""盐"",""unit"":""""},{""amount"":0.25,""name"":""大蒜粉"",""unit"":""""},{""amount"":0.25,""name"":""干牛至"",""unit"":""""},{""amount"":0.25,""name"":""胡椒"",""unit"":""""},{""amount"":1,""name"":""帕玛森奶酪"",""unit"":""""}]","[""肉"",""适合儿童"",""少于60分钟"",""新手厨师"",""简单"",""一餐即食""]"
11760,简易炖肉,744.7,98.3,17.2,31.9,13.4,1.5,3.8,1592,299.4,1,dinner,"[{""amount"":4,""name"":""洋葱"",""unit"":""-5""},{""amount"":1,""name"":""调味盐"",""unit"":""""},{""amount"":1,""name"":""大蒜粉"",""unit"":""""},{""amount"":2,""name"":""胡椒"",""unit"":""""},{""amount"":0.5,""name"":""水"",""unit"":""""}]","[""肉"",""极低碳水化合物"",""高蛋白"",""高含量..."",""工作日夜晚"",""少于4小时"",""简单"",""烤牛肉""]"
190753,鹰嘴豆橄榄炖羊小腿,942.1,96.3,34.6,45,17.5,7.4,7.2,1008.7,304.3,1,dinner,"[{""amount"":2,""name"":""蒜瓣"",""unit"":""""},{""amount"":2,""name"":""红洋葱"",""unit"":""""},{""amount"":2,""name"":""鳀鱼"",""unit"":""""},{""amount"":1.5,""name"":""鹰嘴豆"",""unit"":""""},{""amount"":5,""name"":""羊小腿"",""unit"":""""},{""amount"":800,""name"":""罐装番茄"",""unit"":""""},{""amount"":2,""name"":""迷迭香枝"",""unit"":""""},{""amount"":0.5,""name"":""青橄榄"",""unit"":""""},{""amount"":15,""name"":""柠檬皮屑"",""unit"":""""},{""amount"":1,""name"":""新鲜欧芹"",""unit"":""""}]","[""羔羊/绵羊"",""豆类"",""肉"",""烤箱"",""简单"",""一餐即食""]"
141494,红醋栗酱烤猪排,778.1,99.1,13.7,32.1,11.6,0.2,10.2,1575.2,292.4,1,dinner,"[{""amount"":6,""name"":""去骨猪肩肉"",""unit"":""""},{""amount"":1,""name"":""红醋栗果冻"",""unit"":""""},{""amount"":0.25,""name"":""干雪利酒"",""unit"":""""},{""amount"":2,""name"":""鲜姜"",""unit"":""""},{""amount"":2,""name"":""丁香粉"",""unit"":""""},{""amount"":0.25,""name"":""水"",""unit"":""""}]","[""肉"",""高蛋白"",""高含量..."",""少于4小时"",""猪肉""]"
405163,香肠馅火鸡卷,959.8,100.1,32.4,44.4,12.9,1.4,3.5,1271.2,299.3,1,dinner,"[{""amount"":7,""name"":""火鸡胸肉"",""unit"":""-8""},{""amount"":1,""name"":""猪肉香肠"",""unit"":""""},{""amount"":2,""name"":""炉灶顶馅料混合料"",""unit"":""""}]","[""猪肉"",""禽肉"",""肉"",""高蛋白"",""高含量..."",""简单"",""火鸡胸肉""]"
231662,腌焦糖番石榴烤猪里脊,926.7,94.2,36.8,40.5,16.9,9.4,25.4,711,275.8,8,dinner,"[{""amount"":3,""name"":""番石榴"",""unit"":""""},{""amount"":1.5,""name"":""干白葡萄酒"",""unit"":""""},{""amount"":6,""name"":""雪利酒醋"",""unit"":""""},{""amount"":6,""name"":""黄油"",""unit"":""""},{""amount"":3,""name"":""金黄红糖"",""unit"":""""},{""amount"":3,""name"":""白糖"",""unit"":""""},{""amount"":15,""name"":""整粒黑胡椒"",""unit"":""""},{""amount"":3,""name"":""整粒丁香"",""unit"":""""},{""amount"":9,""name"":""蒜瓣"",""unit"":""""},{""amount"":1.5,""name"":""盐"",""unit"":""""},{""amount"":1.5,""name"":""干牛至"",""unit"":""""},{""amount"":1,""name"":""孜然粉"",""unit"":""""},{""amount"":1,""name"":""黑胡椒粉"",""unit"":""""},{""amount"":0.3333333333333333,""name"":""牛肉高汤"",""unit"":""""},{""amount"":0.25,""name"":""青柠汁"",""unit"":""""}]","[""肉"",""少于4小时"",""简单"",""猪肉""]"
449250,意式香脆猪排,844.2,100,1.6,45.5,15.4,0.1,0.2,345.4,455.8,1,dinner,"[{""amount"":4,""name"":""鸡蛋"",""unit"":""-5""},{""amount"":3,""name"":""牛奶"",""unit"":""""},{""amount"":2,""name"":""帕玛森奶酪"",""unit"":""""},{""amount"":2,""name"":""大蒜粉"",""unit"":""""}]","[""肉"",""工作日夜晚"",""少于60分钟"",""简单"",""便宜"",""猪肉""]"
444438,烤得恰到好处,589.7,96.4,0,20,7.2,0,0,303.9,272.2,1,dinner,"[{""amount"":6,""name"":""去骨烤牛肉"",""unit"":""-8""},{""amount"":0,""name"":""盐"",""unit"":""""},{""amount"":0,""name"":""胡椒"",""unit"":""""}]","[""肉"",""极低碳水化合物"",""高蛋白"",""高含量..."",""圣诞"",""少于4小时"",""简单"",""烤牛肉""]"
254593,微波炉速冻鸡胸肉,517.6,96.4,0,11.8,2.6,0,0,526.9,290.6,1,dinner,"[{""amount"":2,""name"":""去骨去皮鸡胸肉"",""unit"":""""},{""amount"":0.5,""name"":""水"",""unit"":""- 2""}]","[""鸡肉"",""禽肉"",""肉"",""极低碳水化合物"",""高蛋白"",""健康"",""高含量..."",""微波"",""少于30分钟"",""冷冻室"",""简单"",""鸡胸肉""]"
59717,我吃过的最好吃的烤猪肉,821.5,98.6,26.5,33.7,12,0.8,23.5,563.7,275.9,1,dinner,"[{""amount"":3,""name"":""蜂蜜"",""unit"":""""},{""amount"":0.3333333333333333,""name"":""第戎芥末酱"",""unit"":""""},{""amount"":0.3333333333333333,""name"":""大蒜粉"",""unit"":""""},{""amount"":0.25,""name"":""迷迭香"",""unit"":""""},{""amount"":0.5,""name"":""水"",""unit"":""""},{""amount"":1,""name"":""牛肉高汤块"",""unit"":""""},{""amount"":0.5,""name"":""玛莎拉酒"",""unit"":""""},{""amount"":2,""name"":""玉米淀粉"",""unit"":""-3""},{""amount"":1,""name"":""水"",""unit"":""""}]","[""肉"",""高蛋白"",""高含量..."",""工作日夜晚"",""少于4小时"",""猪肉""]"
287980,我的最爱鸡肉！！！,941.1,97.2,37.9,44.4,11.8,4.8,27.2,2347.5,278.4,1,dinner,"[{""amount"":12,""name"":""鸡胸肉"",""unit"":""""},{""amount"":1,""name"":""番茄酱"",""unit"":""""},{""amount"":1,""name"":""芥末"",""unit"":""""},{""amount"":2,""name"":""蒜瓣"",""unit"":""""},{""amount"":1,""name"":""月桂叶"",""unit"":""""},{""amount"":1,""name"":""洋葱"",""unit"":""""}]","[""鸡肉"",""禽肉"",""肉"",""少于4小时"",""简单"",""鸡胸肉""]"
29866,午餐盒芒果咖喱鸡肉沙拉,826.1,98,8.5,42.8,12.2,1.6,1.8,312.9,290.6,1,dinner,"[{""amount"":5,""name"":""新鲜西兰花小朵"",""unit"":""-6""},{""amount"":4,""name"":""鸡胸肉"",""unit"":""-5""},{""amount"":1,""name"":""红甜椒"",""unit"":""""},{""amount"":1,""name"":""芒果酸辣酱"",""unit"":""""},{""amount"":1.5,""name"":""咖喱粉"",""unit"":""""},{""amount"":1.5,""name"":""蛋黄酱"",""unit"":""""}]","[""家常菜聚餐"",""少于30分钟"",""免煮"",""冷藏"",""新手厨师"",""简单"",""一餐即食""]"
512917,托斯卡纳炖肉配蔬菜,843.3,93.1,59.4,26.5,11.9,8.3,6,867.9,264.5,4,dinner,"[{""amount"":1,""name"":""胡萝卜"",""unit"":""""},{""amount"":5,""name"":""赤褐色土豆"",""unit"":""-6""},{""amount"":5,""name"":""白醋"",""unit"":""-6""}]","[""肉"",""烤箱"",""烤牛肉""]"
45170,慢炖锅杏脯西梅猪排,951.9,96.7,39.8,44.1,14,4.9,26.4,478.3,313.6,6,dinner,"[{""amount"":1,""name"":""洋葱"",""unit"":""""},{""amount"":6,""name"":""蒜瓣"",""unit"":""""},{""amount"":2,""name"":""西梅干"",""unit"":""""},{""amount"":2,""name"":""孜然粉"",""unit"":""""},{""amount"":1,""name"":""辣椒粉"",""unit"":""""},{""amount"":1,""name"":""芫荽粉"",""unit"":""""},{""amount"":0.5,""name"":""肉桂"",""unit"":""""},{""amount"":0.5,""name"":""盐"",""unit"":""""},{""amount"":2,""name"":""胡椒"",""unit"":""""}]","[""猪肉"",""水果"",""肉"",""工作日夜晚"",""烤箱"",""简单"",""便宜"",""一餐即食""]"
39785,一锅炖猪肉晚餐（或牛肉）,709,89.6,51.8,14.7,4.3,8.8,9.7,297.7,260.8,6,dinner,"[{""amount"":6,""name"":""胡萝卜"",""unit"":""""},{""amount"":3,""name"":""芹菜"",""unit"":""-4""},{""amount"":6,""name"":""土豆"",""unit"":""-8""},{""amount"":2,""name"":""洋葱"",""unit"":""""},{""amount"":2,""name"":""牛至"",""unit"":""""},{""amount"":1,""name"":""大蒜粉"",""unit"":""""},{""amount"":5,""name"":""鲜蒜"",""unit"":""-7""},{""amount"":0,""name"":""洋葱粉"",""unit"":""""},{""amount"":0,""name"":""盐"",""unit"":""""},{""amount"":0,""name"":""胡椒"",""unit"":""""},{""amount"":0,""name"":""百里香"",""unit"":""""},{""amount"":0,""name"":""迷迭香"",""unit"":""""},{""amount"":0,""name"":""整颗番茄"",""unit"":""""},{""amount"":0,""name"":""炖番茄"",""unit"":""""}]","[""烤牛肉"",""猪肉"",""肉"",""工作日夜晚"",""烤箱"",""简单"",""便宜"",""一餐即食""]"
2935,巴尔肯布里（肝肠）,749,92.4,53.5,17.6,5.7,6,2.1,818.1,879.7,12,dinner,"[{""amount"":2,""name"":""牛肝"",""unit"":""""},{""amount"":2,""name"":""高汤"",""unit"":""""},{""amount"":2,""name"":""荞麦面粉"",""unit"":""""}]","[""猪肉"",""肉"",""高蛋白"",""健康"",""高含量..."",""少于60分钟"",""少于15分钟"",""牛内脏""]"
163711,洛丽辣味鸡,725,95.3,6.8,33.7,6.5,2.3,1.8,1844.4,387.4,4,dinner,"[{""amount"":4,""name"":""去皮鸡大腿"",""unit"":""""},{""amount"":2,""name"":""月桂叶"",""unit"":""""},{""amount"":1,""name"":""迷迭香"",""unit"":""""},{""amount"":2,""name"":""刺山柑"",""unit"":""""},{""amount"":0.5,""name"":""鳀鱼酱"",""unit"":""""},{""amount"":4,""name"":""洋葱"",""unit"":""""},{""amount"":2,""name"":""蒜瓣"",""unit"":""""},{""amount"":0.5,""name"":""松子"",""unit"":""""},{""amount"":1,""name"":""干罗勒"",""unit"":""""},{""amount"":0.25,""name"":""橄榄油"",""unit"":""""}]","[""鸡肉"",""禽肉"",""肉"",""少于60分钟"",""鸡大腿及鸡腿""]"
367455,曼迪白鸡肉辣椒汤,978.4,88,82.8,32.9,15,17,8.8,1554.5,188.6,1,dinner,"[{""amount"":32,""name"":""白豆"",""unit"":""""},{""amount"":3,""name"":""莎莎酱"",""unit"":""""},{""amount"":5,""name"":""蒙特利杰克胡椒奶酪"",""unit"":""""},{""amount"":2,""name"":""孜然粉"",""unit"":""""},{""amount"":8,""name"":""蒜瓣"",""unit"":""""},{""amount"":2,""name"":""黑胡椒"",""unit"":""""}]","[""禽肉"",""奶酪"",""豆类"",""肉"",""墨西哥"",""新手厨师"",""简单"",""鸡肉""]"
82069,白兰地黄油烤康沃尔鸡配山核桃馅,990.7,96.3,35.7,49.6,19.6,6.8,6.9,958.4,474.1,6,dinner,"[{""amount"":6,""name"":""黄油"",""unit"":""""},{""amount"":0.5,""name"":""人造黄油"",""unit"":""""},{""amount"":0.25,""name"":""桃子白兰地"",""unit"":""""},{""amount"":1,""name"":""梅子白兰地"",""unit"":""""},{""amount"":0.25,""name"":""桃子白兰地"",""unit"":""""},{""amount"":0.25,""name"":""梅子白兰地"",""unit"":""""},{""amount"":1,""name"":""黄油"",""unit"":""""},{""amount"":0.75,""name"":""人造黄油"",""unit"":""""},{""amount"":0,""name"":""玉米面包馅料混合料"",""unit"":""""},{""amount"":0,""name"":""山核桃"",""unit"":""""}]","[""禽肉"",""水果"",""坚果"",""肉"",""圣诞"",""咸味"",""烤箱"",""炉灶顶"",""鸡肉""]"
253577,砂锅烤猪肉,595.5,94.7,6.2,18.8,5.5,0.7,1.2,539.3,291.8,6,dinner,"[{""amount"":5,""name"":""蒜瓣"",""unit"":""""},{""amount"":10,""name"":""迷迭香枝"",""unit"":""""},{""amount"":3,""name"":""洋葱"",""unit"":""""},{""amount"":1,""name"":""鸡胸肉"",""unit"":""""},{""amount"":2,""name"":""鸡汤"",""unit"":""""},{""amount"":0.75,""name"":""胡椒"",""unit"":""""},{""amount"":0.5,""name"":""盐"",""unit"":""""},{""amount"":0.5,""name"":""冷水"",""unit"":""""},{""amount"":0.5,""name"":""面粉"",""unit"":""""}]","[""肉"",""加拿大"",""冬季"",""咸味"",""烤"",""烤箱"",""少于4小时"",""猪肉""]"
79996,香脆鸡柳,975.8,95.2,118.9,9.6,2.2,4.5,0.9,1445.5,218,4,dinner,"[{""amount"":3,""name"":""去骨去皮鸡胸肉"",""unit"":""""},{""amount"":2,""name"":""面粉"",""unit"":""""},{""amount"":3,""name"":""洋葱粉"",""unit"":""""},{""amount"":3,""name"":""大蒜粉"",""unit"":""""},{""amount"":1,""name"":""调味盐"",""unit"":""""},{""amount"":0.5,""name"":""辣椒粉"",""unit"":""""}]","[""禽肉"",""肉"",""少于30分钟"",""简单"",""鸡肉""]"
233013,摩洛哥柠檬橄榄鸡,677,93.3,33.1,16.5,3.8,3,1.6,627,241.2,4,dinner,"[{""amount"":1,""name"":""洋葱"",""unit"":""""},{""amount"":2,""name"":""蒜瓣"",""unit"":""""},{""amount"":2.5,""name"":""去皮鸡肉"",""unit"":""""},{""amount"":2,""name"":""面粉"",""unit"":""""},{""amount"":1,""name"":""橄榄油"",""unit"":""""},{""amount"":2.5,""name"":""水"",""unit"":""""},{""amount"":0.125,""name"":""藏红花"",""unit"":""""},{""amount"":0.5,""name"":""姜粉"",""unit"":""""},{""amount"":0.5,""name"":""孜然粉"",""unit"":""""},{""amount"":0.5,""name"":""辣椒粉"",""unit"":""""},{""amount"":0.25,""name"":""盐"",""unit"":""""},{""amount"":3,""name"":""柠檬汁"",""unit"":""""},{""amount"":2,""name"":""柠檬皮"",""unit"":""""},{""amount"":0.5,""name"":""青橄榄"",""unit"":""""},{""amount"":2,""name"":""新鲜香菜"",""unit"":""""},{""amount"":0.75,""name"":""蒸粗麦粉"",""unit"":""""},{""amount"":0,""name"":""现磨黑胡椒"",""unit"":""""}]","[""鸡胸肉"",""鸡肉"",""禽肉"",""肉"",""摩洛哥"",""非洲"",""少于4小时"",""一餐即食""]"
48220,水煮虾,743,88.6,82.1,7.2,1.4,9.7,6.9,776.2,538.2,8,dinner,"[{""amount"":2,""name"":""水"",""unit"":""-3""},{""amount"":5,""name"":""小红土豆"",""unit"":""""},{""amount"":8,""name"":""特大虾"",""unit"":""""},{""amount"":5,""name"":""龙虾"",""unit"":""""}]","[""少于60分钟"",""简单"",""一餐即食""]"
252333,慢炖锅丰盛牛肉炖菜,851.6,89.8,58,31.1,11.5,11.7,20.1,1203.7,249.5,1,dinner,"[{""amount"":5,""name"":""去骨牛肩胛肉"",""unit"":""""},{""amount"":3,""name"":""盐"",""unit"":""""},{""amount"":4,""name"":""胡椒"",""unit"":""""},{""amount"":1,""name"":""洋葱"",""unit"":""""},{""amount"":2,""name"":""番茄膏"",""unit"":""""},{""amount"":3,""name"":""低钠鸡汤"",""unit"":""""},{""amount"":1,""name"":""牛肉高汤"",""unit"":""""},{""amount"":1,""name"":""酱油"",""unit"":""""},{""amount"":1,""name"":""胡萝卜"",""unit"":""""},{""amount"":1.5,""name"":""欧洲防风根"",""unit"":""""},{""amount"":2,""name"":""新鲜百里香"",""unit"":""""},{""amount"":2,""name"":""月桂叶"",""unit"":""""},{""amount"":2,""name"":""速煮木薯淀粉"",""unit"":""""}]","[""烤牛肉"",""土豆"",""蔬菜"",""肉"",""冬季"",""炖""]"
43162,烤箱玉米片脆皮鸡,997.9,100.6,16.3,56.5,18.1,0.5,1.9,1670.3,418.8,4,dinner,"[{""amount"":3.5,""name"":""鸡杂"",""unit"":""""},{""amount"":2,""name"":""鸡蛋"",""unit"":""""},{""amount"":0.25,""name"":""牛奶"",""unit"":""""},{""amount"":2.5,""name"":""黑胡椒粉"",""unit"":""""},{""amount"":0.5,""name"":""盐"",""unit"":""""},{""amount"":2,""name"":""黄油"",""unit"":""""}]","[""禽肉"",""肉"",""高蛋白"",""适合儿童"",""高含量..."",""家常菜聚餐"",""工作日夜晚"",""烤箱"",""少于4小时"",""鸡肉""]"
142191,新墨西哥辣酱,778.4,92.5,26,30.1,8.8,6,6.1,1336.5,256.1,10,dinner,"[{""amount"":0.3333333333333333,""name"":""洋葱"",""unit"":""""},{""amount"":3,""name"":""蒜瓣"",""unit"":""""},{""amount"":6,""name"":""辣椒"",""unit"":""""},{""amount"":5,""name"":""辣椒"",""unit"":""""},{""amount"":1,""name"":""辣椒粉"",""unit"":""""},{""amount"":2,""name"":""孜然粉"",""unit"":""""},{""amount"":1,""name"":""去骨牛肩肉"",""unit"":""""},{""amount"":5,""name"":""牛至"",""unit"":""""},{""amount"":2,""name"":""盐"",""unit"":""""},{""amount"":2.5,""name"":""现磨黑胡椒"",""unit"":""""},{""amount"":0.5,""name"":""意大利李子番茄"",""unit"":""""},{""amount"":28,""name"":""啤酒"",""unit"":""""},{""amount"":24,""name"":""牛肉高汤"",""unit"":""""},{""amount"":13,""name"":""月桂叶"",""unit"":""""},{""amount"":2,""name"":""红芸豆"",""unit"":""""}]","[""豆类"",""肉"",""墨西哥"",""少于4小时"",""猪肉""]"
257455,男护士三文鱼,769.5,94.3,23.9,31.6,4.9,2.5,6.1,1370.4,478.6,1,dinner,"[{""amount"":2,""name"":""三文鱼柳"",""unit"":""-3""},{""amount"":3,""name"":""低钠酱油"",""unit"":""""},{""amount"":3,""name"":""小葱"",""unit"":""""},{""amount"":2,""name"":""虎虾"",""unit"":""""},{""amount"":1,""name"":""蛋黄酱"",""unit"":""-2""}]","[""高蛋白"",""高含量..."",""少于30分钟"",""简单"",""一餐即食""]"
199317,披萨风味猪排,993.5,98.1,11.9,59.8,18.7,2.8,6.6,555.2,275.6,2,dinner,"[{""amount"":2,""name"":""橄榄油"",""unit"":""""},{""amount"":2,""name"":""猪排中段"",""unit"":""""},{""amount"":1,""name"":""洋葱"",""unit"":""""},{""amount"":1,""name"":""番茄丁带汁"",""unit"":""""},{""amount"":1,""name"":""干红辣椒碎"",""unit"":""""},{""amount"":0.25,""name"":""新鲜意大利欧芹"",""unit"":""""}]","[""蔬菜"",""肉"",""欧洲"",""少于60分钟"",""简单"",""猪肉""]"
445901,慢烤猪肩肉配烤猪骨汤,758.5,96,7.9,31.4,11,1.1,2.9,1287.3,272.9,10,dinner,"[{""amount"":1,""name"":""猪肉"",""unit"":""""},{""amount"":7,""name"":""蒜瓣"",""unit"":""""},{""amount"":1,""name"":""粗盐"",""unit"":""""},{""amount"":1,""name"":""新鲜研磨黑胡椒"",""unit"":""""},{""amount"":0.5,""name"":""洋葱"",""unit"":""""},{""amount"":1,""name"":""胡萝卜"",""unit"":""""},{""amount"":1,""name"":""红酒"",""unit"":""""},{""amount"":2,""name"":""鸡汤"",""unit"":""""},{""amount"":5,""name"":""洋葱"",""unit"":""""},{""amount"":2,""name"":""胡萝卜"",""unit"":""""},{""amount"":2,""name"":""百里香"",""unit"":""""},{""amount"":5,""name"":""月桂叶"",""unit"":""""},{""amount"":2,""name"":""蒜瓣"",""unit"":""""},{""amount"":4,""name"":""水"",""unit"":""""}]","[""猪肉"",""肉"",""自制"",""库存""]"
88707,烤海鲜酱鸡配米粉,959.9,97.9,30.1,48.1,13,1.7,22.3,1654.7,291.2,1,dinner,"[{""amount"":3,""name"":""鸡胸肉"",""unit"":""""},{""amount"":2,""name"":""米醋"",""unit"":""""},{""amount"":2,""name"":""低钠酱油"",""unit"":""""},{""amount"":1,""name"":""姜"",""unit"":""""},{""amount"":1,""name"":""海鲜酱"",""unit"":""""},{""amount"":0.25,""name"":""番茄酱"",""unit"":""""},{""amount"":0.25,""name"":""低钠酱油"",""unit"":""""},{""amount"":2,""name"":""蜂蜜"",""unit"":""""},{""amount"":2,""name"":""姜"",""unit"":""""},{""amount"":1,""name"":""熟白芝麻"",""unit"":""""}]","[""鸡肉"",""禽肉"",""肉"",""中文"",""亚洲"",""高蛋白"",""高含量..."",""春季"",""夏季"",""咸味"",""油炸"",""鸡胸肉""]"
55771,烤翅、土豆泥和杂烩,997.7,92.9,61.4,40.4,11.2,8,3.6,428.9,357,4,dinner,"[{""amount"":24,""name"":""大蒜粉"",""unit"":""""},{""amount"":0.5,""name"":""牛至"",""unit"":""""},{""amount"":1,""name"":""辣椒粉"",""unit"":""""},{""amount"":1,""name"":""黑胡椒"",""unit"":""""},{""amount"":1,""name"":""辣椒粉"",""unit"":""""},{""amount"":0.5,""name"":""土豆"",""unit"":""""},{""amount"":0.25,""name"":""帕玛森奶酪"",""unit"":""""},{""amount"":6,""name"":""大蒜粉"",""unit"":""""},{""amount"":1,""name"":""牛至"",""unit"":""""},{""amount"":2,""name"":""盐"",""unit"":""""},{""amount"":1,""name"":""面粉"",""unit"":""""},{""amount"":1,""name"":""黑胡椒"",""unit"":""""},{""amount"":1,""name"":""芹菜茎"",""unit"":""""},{""amount"":1,""name"":""酸奶油"",""unit"":""""}]","[""土豆"",""禽肉"",""蔬菜"",""肉"",""加拿大"",""工作日夜晚"",""烤箱"",""新手厨师"",""少于4小时"",""简单"",""便宜"",""鸡肉""]"
124548,妻子吃的条纹鲈鱼汤,952.3,90,44.5,28.8,13.2,12.1,20.8,1945.3,338.8,2,dinner,"[{""amount"":2,""name"":""蒜瓣"",""unit"":""-3""},{""amount"":1,""name"":""整颗番茄"",""unit"":""""},{""amount"":1,""name"":""刺山柑"",""unit"":""""},{""amount"":0.5,""name"":""白葡萄酒"",""unit"":""""},{""amount"":2,""name"":""新鲜菠菜"",""unit"":""""},{""amount"":1,""name"":""马苏里拉奶酪"",""unit"":""""},{""amount"":1.5,""name"":""特级初榨橄榄油"",""unit"":""""},{""amount"":1.5,""name"":""新鲜罗勒"",""unit"":""""},{""amount"":0.25,""name"":""番茄"",""unit"":""""},{""amount"":1,""name"":""犹太盐"",""unit"":""""},{""amount"":0,""name"":""胡椒"",""unit"":""""}]","[""鲈鱼"",""健康"",""少于4小时"",""便宜"",""一餐即食""]"
334984,安妮·伯恩的烤箱烤猪里脊,603.5,94,11.8,17.7,6.3,0.2,11.3,350.1,298.6,16,dinner,"[{""amount"":0.5,""name"":""蜂蜜"",""unit"":""""},{""amount"":0.25,""name"":""番茄酱"",""unit"":""""},{""amount"":2,""name"":""黄油"",""unit"":""""},{""amount"":2,""name"":""浅红糖"",""unit"":""""},{""amount"":2,""name"":""鲜榨柠檬汁"",""unit"":""""},{""amount"":0.25,""name"":""大蒜粉"",""unit"":""""},{""amount"":4,""name"":""第戎芥末酱"",""unit"":""""}]","[""肉"",""极低碳水化合物"",""高蛋白"",""健康"",""高含量..."",""咸味"",""供多人食用"",""烤箱"",""少于4小时"",""猪肉""]"
210459,快手鸡肉馅饼,823.4,90.2,67,19.9,4.1,8,10.6,1317.6,225.8,1,dinner,"[{""amount"":3,""name"":""去骨去皮鸡胸肉"",""unit"":""""},{""amount"":2,""name"":""大蒜粉"",""unit"":""""},{""amount"":2,""name"":""莳萝叶"",""unit"":""""},{""amount"":1,""name"":""盐"",""unit"":""""},{""amount"":1,""name"":""胡椒"",""unit"":""""},{""amount"":1,""name"":""胡萝卜"",""unit"":""""},{""amount"":1,""name"":""土豆"",""unit"":""""},{""amount"":1,""name"":""鸡汤"",""unit"":""""}]","[""一餐即食"",""鸡肉"",""禽肉"",""肉"",""少于30分钟"",""新手厨师"",""简单"",""咸味馅饼""]"
60582,烧烤鸡肉腌料,957,97.3,10,56.2,14.4,1.9,2.7,823.2,308.4,1,dinner,"[{""amount"":2,""name"":""辣椒粉"",""unit"":""""},{""amount"":4,""name"":""辣椒粉"",""unit"":""""},{""amount"":0.75,""name"":""鼠尾草"",""unit"":""""},{""amount"":0.75,""name"":""芥末粉"",""unit"":""""},{""amount"":0.5,""name"":""姜粉"",""unit"":""""},{""amount"":0.5,""name"":""辣椒粉"",""unit"":""""},{""amount"":1,""name"":""鸡杂"",""unit"":""""},{""amount"":3.5,""name"":""烧烤酱"",""unit"":""""}]","[""禽肉"",""肉"",""咸味"",""工作日夜晚"",""烤/炙烤"",""烤箱"",""少于4小时"",""鸡肉""]"
516848,迷迭香酪乳牧场鸡肉串,853.2,96.7,4,47.8,7.6,0.1,2.1,1283.3,290.9,2,dinner,"[{""amount"":2,""name"":""去骨去皮鸡胸肉"",""unit"":""""},{""amount"":1,""name"":""白脱牛奶"",""unit"":""""},{""amount"":0.3333333333333333,""name"":""特级初榨橄榄油"",""unit"":""""},{""amount"":2,""name"":""伍斯特酱"",""unit"":""""},{""amount"":1,""name"":""新鲜研磨黑胡椒"",""unit"":""""},{""amount"":0.5,""name"":""盐"",""unit"":""""},{""amount"":0.5,""name"":""迷迭香"",""unit"":""""}]","[""禽肉"",""肉"",""少于15分钟"",""鸡肉""]"
217848,Emeril的逾越节牛胸肉,942.8,96.1,47.2,38.8,12.5,3.2,39.5,1741,281.2,1,dinner,"[{""amount"":8,""name"":""牛胸肉"",""unit"":""-10""},{""amount"":1,""name"":""蒜瓣"",""unit"":""""},{""amount"":3,""name"":""低钠牛肉汤"",""unit"":""""},{""amount"":3,""name"":""洋葱"",""unit"":""""},{""amount"":2,""name"":""盐"",""unit"":""""},{""amount"":2,""name"":""Emeril Lagasse的精华调味料"",""unit"":""""},{""amount"":1,""name"":""现磨黑胡椒"",""unit"":""""},{""amount"":1,""name"":""洋葱粉"",""unit"":""""},{""amount"":1,""name"":""大蒜粉"",""unit"":""""},{""amount"":1,""name"":""番茄酱"",""unit"":""""},{""amount"":1,""name"":""辣椒酱"",""unit"":""""},{""amount"":1,""name"":""红糖"",""unit"":""""}]","[""洋葱"",""蔬菜"",""肉"",""欧洲"",""适合儿童"",""犹太洁食"",""光明节"",""烤箱"",""冷藏"",""炉灶顶"",""少于4小时"",""简单"",""烤牛肉""]"
7839,东方烧烤猪里脊,717.1,95.2,1.6,34.2,8,0.2,0.2,906.2,295.1,8,dinner,"[{""amount"":8,""name"":""酱油"",""unit"":""""},{""amount"":0.3333333333333333,""name"":""大蒜"",""unit"":""""},{""amount"":0.6666666666666666,""name"":""姜"",""unit"":""""},{""amount"":4,""name"":""好的，请提供需要翻译的食材名称。"",""unit"":""""},{""amount"":1,""name"":""烧烤酱"",""unit"":""""}]","[""肉"",""亚洲"",""工作日夜晚"",""猪肉""]"
369912,烤大比目鱼配彩椒和洋蓟,549.4,88.7,20.4,10,1.4,6,4.2,367.5,130.4,4,dinner,"[{""amount"":1,""name"":""黄甜椒"",""unit"":""""},{""amount"":4,""name"":""罗马番茄"",""unit"":""""},{""amount"":1,""name"":""洋葱"",""unit"":""""},{""amount"":1,""name"":""洋蓟心"",""unit"":""""},{""amount"":8,""name"":""蒜瓣"",""unit"":""""},{""amount"":1,""name"":""犹太盐"",""unit"":""""},{""amount"":0.5,""name"":""干白葡萄酒"",""unit"":""""},{""amount"":1,""name"":""柠檬"",""unit"":""""},{""amount"":4,""name"":""大比目鱼片"",""unit"":""""},{""amount"":0,""name"":""新鲜欧芹"",""unit"":""""}]","[""西班牙语"",""欧洲"",""高蛋白"",""健康"",""高含量..."",""少于30分钟"",""一餐即食""]"
437981,卡塔普拉纳炖海鲜,732.3,91.5,30,16.6,5.2,4.5,12.5,1644.3,381.1,1,dinner,"[{""amount"":1,""name"":""洋葱"",""unit"":""""},{""amount"":5,""name"":""葱"",""unit"":""""},{""amount"":1,""name"":""蒜瓣"",""unit"":""""},{""amount"":1,""name"":""番茄酱"",""unit"":""""},{""amount"":1,""name"":""番茄丁"",""unit"":""""},{""amount"":0.5,""name"":""红酒"",""unit"":""""},{""amount"":1.5,""name"":""白葡萄酒"",""unit"":""""},{""amount"":2,""name"":""百里香"",""unit"":""""},{""amount"":1,""name"":""迷迭香"",""unit"":""""},{""amount"":1.5,""name"":""盐"",""unit"":""""},{""amount"":1,""name"":""胡椒"",""unit"":""""},{""amount"":1,""name"":""西班牙辣香肠"",""unit"":""""},{""amount"":0,""name"":""中虾"",""unit"":""""},{""amount"":0,""name"":""海湾扇贝"",""unit"":""""},{""amount"":0,""name"":""小蛤蜊"",""unit"":""""}]","[""健康"",""少于4小时"",""一餐即食""]"
103279,慢炖锅蘑菇奶油芝士鸡,891.8,97.7,13.9,47.9,20.6,1.3,5.1,1570.3,461.6,4,dinner,"[{""amount"":4,""name"":""去骨去皮鸡腿肉"",""unit"":""""},{""amount"":2,""name"":""黄油"",""unit"":""""},{""amount"":0.5,""name"":""胡椒"",""unit"":""""},{""amount"":0.5,""name"":""盐"",""unit"":""""},{""amount"":1,""name"":""奶油奶酪"",""unit"":""""},{""amount"":1,""name"":""鸡汤"",""unit"":""""},{""amount"":8,""name"":""鸡高汤块"",""unit"":""""},{""amount"":0.5,""name"":""洋葱"",""unit"":""""},{""amount"":1,""name"":""鸡汤"",""unit"":""""},{""amount"":2,""name"":""大蒜"",""unit"":""""}]","[""一餐即食""]"
448286,烤苹果鼠尾草猪排,949.8,95,25.2,50.4,17.7,4.6,16.5,594.6,328.2,4,dinner,"[{""amount"":4,""name"":""洋葱"",""unit"":""""},{""amount"":2,""name"":""青苹果"",""unit"":""""},{""amount"":3,""name"":""黄油"",""unit"":""""},{""amount"":2,""name"":""苹果醋"",""unit"":""""},{""amount"":1,""name"":""肉桂"",""unit"":""""},{""amount"":1,""name"":""鼠尾草"",""unit"":""""},{""amount"":1,""name"":""盐"",""unit"":""""},{""amount"":1,""name"":""胡椒"",""unit"":""""},{""amount"":0.5,""name"":""玉米淀粉"",""unit"":""""},{""amount"":1,""name"":""水"",""unit"":""""}]","[""肉"",""少于60分钟"",""猪肉""]"
81314,维苏威烤鸡,994.6,96.3,31.3,46.6,13,2.5,1.5,580.8,299.6,4,dinner,"[{""amount"":3,""name"":""炸鸡用鸡"",""unit"":""""},{""amount"":0.3333333333333333,""name"":""面粉"",""unit"":""""},{""amount"":1.5,""name"":""干罗勒"",""unit"":""""},{""amount"":0.75,""name"":""新鲜罗勒"",""unit"":""""},{""amount"":0.25,""name"":""牛至"",""unit"":""""},{""amount"":0.25,""name"":""百里香"",""unit"":""""},{""amount"":1,""name"":""胡椒"",""unit"":""""},{""amount"":1,""name"":""鼠尾草"",""unit"":""""},{""amount"":0.5,""name"":""迷迭香"",""unit"":""""},{""amount"":3,""name"":""盐"",""unit"":""""},{""amount"":3,""name"":""烤土豆"",""unit"":""""},{""amount"":0.25,""name"":""大蒜"",""unit"":""""},{""amount"":1,""name"":""新鲜欧芹"",""unit"":""""},{""amount"":0.5,""name"":""白葡萄酒"",""unit"":""""},{""amount"":0,""name"":""水"",""unit"":""""}]","[""鸡胸肉"",""整鸡"",""鸡肉"",""禽肉"",""肉"",""欧洲"",""烤箱"",""少于4小时"",""一餐即食""]"
315350,比赛辣椒,936.5,89.2,59.4,39.6,13,11.5,22.3,2432,239.6,1,dinner,"[{""amount"":2,""name"":""猪肉"",""unit"":""""},{""amount"":2,""name"":""红洋葱"",""unit"":""""},{""amount"":2,""name"":""红甜椒"",""unit"":""""},{""amount"":1,""name"":""大蒜"",""unit"":""""},{""amount"":4,""name"":""碎番茄"",""unit"":""""},{""amount"":2,""name"":""辣椒粉"",""unit"":""""},{""amount"":2,""name"":""洋葱粉"",""unit"":""""},{""amount"":0.5,""name"":""大蒜粉"",""unit"":""""},{""amount"":8,""name"":""孜然"",""unit"":""""},{""amount"":4,""name"":""犹太盐"",""unit"":""""},{""amount"":1,""name"":""新鲜研磨黑胡椒"",""unit"":""""},{""amount"":1,""name"":""肉桂"",""unit"":""""}]","[""肉"",""少于4小时"",""猪肉""]"
253532,牛仔黑豆牛肉辣椒,842.5,75.5,92.8,18.2,6.1,26.4,22.3,1752.5,141.6,1,dinner,"[{""amount"":2,""name"":""洋葱"",""unit"":""""},{""amount"":1,""name"":""大蒜"",""unit"":""""},{""amount"":1.5,""name"":""甜椒"",""unit"":""""},{""amount"":2,""name"":""孜然粉"",""unit"":""""},{""amount"":2,""name"":""干牛至"",""unit"":""""},{""amount"":1,""name"":""干百里香"",""unit"":""""},{""amount"":1,""name"":""碎番茄"",""unit"":""""},{""amount"":1,""name"":""意式番茄丁"",""unit"":""""},{""amount"":1,""name"":""牛肉高汤"",""unit"":""""},{""amount"":1,""name"":""黑啤酒"",""unit"":""""},{""amount"":1,""name"":""番茄膏"",""unit"":""""},{""amount"":1,""name"":""蜂蜜"",""unit"":""""},{""amount"":12,""name"":""黑豆"",""unit"":""""},{""amount"":0.3333333333333333,""name"":""新鲜香菜"",""unit"":""""}]","[""肉"",""美国西南部"",""低胆固醇"",""健康"",""少于4小时"",""一餐即食""]"
104354,低碳水无饼底肉披萨,976.2,100.5,6.3,58.9,32.2,0,2.6,1556,292.8,1,dinner,"[{""amount"":1,""name"":""瘦牛肉末"",""unit"":""""},{""amount"":2,""name"":""部分脱脂马苏里拉奶酪"",""unit"":""""},{""amount"":0.5,""name"":""加拿大培根"",""unit"":""""},{""amount"":0,""name"":""洋葱"",""unit"":""""},{""amount"":0,""name"":""青椒"",""unit"":""""},{""amount"":0,""name"":""蘑菇"",""unit"":""""},{""amount"":0,""name"":""番茄"",""unit"":""""}]","[""猪肉"",""奶酪"",""肉"",""少于60分钟"",""烤箱"",""一餐即食""]"
366860,胡椒博士烤火鸡或烤鸡配香草面包馅,992.1,97.3,23.6,53.9,20.5,1.8,5,1062.3,384.6,1,dinner,"[{""amount"":1,""name"":""火鸡"",""unit"":""""},{""amount"":0.5,""name"":""鸡肉"",""unit"":""""},{""amount"":1,""name"":""黄油"",""unit"":""""},{""amount"":1,""name"":""人造黄油"",""unit"":""""},{""amount"":1,""name"":""洋葱"",""unit"":""""},{""amount"":1.5,""name"":""芹菜"",""unit"":""""},{""amount"":1,""name"":""欧芹"",""unit"":""""},{""amount"":0.5,""name"":""盐"",""unit"":""""},{""amount"":1,""name"":""百里香"",""unit"":""""},{""amount"":0.5,""name"":""鸡蛋"",""unit"":""""}]","[""禽肉"",""肉"",""高蛋白"",""高含量..."",""少于4小时"",""鸡肉""]"
298047,慢炖猪排苹果片,827.6,94.2,12.6,42.1,14.2,2.2,9.5,258.8,315.5,4,dinner,"[{""amount"":4,""name"":""苹果"",""unit"":""""},{""amount"":2,""name"":""黄油"",""unit"":""""},{""amount"":1,""name"":""肉豆蔻"",""unit"":""""}]","[""苹果"",""水果"",""肉"",""极低碳水化合物"",""高蛋白"",""高含量..."",""简单"",""便宜"",""猪肉""]"
472094,泰式猪排,983.9,96.4,8.9,60.6,12.2,1.4,5.8,1783.6,263.1,4,dinner,"[{""amount"":1,""name"":""蒜瓣"",""unit"":""""},{""amount"":4,""name"":""鱼露"",""unit"":""""},{""amount"":2,""name"":""白糖"",""unit"":""""},{""amount"":2,""name"":""新鲜香菜"",""unit"":""""}]","[""肉"",""泰国"",""亚洲"",""极低碳水化合物"",""高蛋白"",""高含量..."",""少于30分钟"",""猪肉""]"
169129,迷迭香烤猪里脊,671.3,93.3,3.9,29.1,9.1,0.2,3,222.9,299.4,6,dinner,"[{""amount"":2,""name"":""橄榄油"",""unit"":""""},{""amount"":2,""name"":""柠檬汁"",""unit"":""""},{""amount"":2,""name"":""柠檬皮屑"",""unit"":""""},{""amount"":1,""name"":""蒜瓣"",""unit"":""""},{""amount"":2,""name"":""迷迭香"",""unit"":""""},{""amount"":1,""name"":""蜂蜜"",""unit"":""-2""},{""amount"":1,""name"":""胡椒"",""unit"":""""}]","[""肉"",""夏季"",""圣诞"",""少于30分钟"",""猪肉""]"
206891,火辣酪乳鸡翅,830.5,95.7,12,41.6,12.2,0,11.9,1006.7,377.5,4,dinner,"[{""amount"":1,""name"":""白脱牛奶"",""unit"":""""},{""amount"":2,""name"":""黄瓜"",""unit"":""""}]","[""禽肉"",""肉"",""少于30分钟"",""简单"",""鸡肉""]"
166764,慢炖烧烤肉（烤箱或慢炖锅版）,908.6,94.9,67.8,26,9.2,1.5,51.6,1365.8,335.7,1,dinner,"[{""amount"":4,""name"":""乡村风味去骨猪肋排"",""unit"":""""},{""amount"":1,""name"":""烧烤酱"",""unit"":""""},{""amount"":1,""name"":""蒜瓣"",""unit"":""""},{""amount"":6,""name"":""蜂蜜"",""unit"":""""}]","[""猪肉"",""肉"",""健康"",""适合儿童"",""新手厨师"",""简单"",""烤牛肉""]"
336103,鸡肉可丽饼,714,92.8,22.9,26.5,13.1,2.6,14,1847.5,230.8,1,dinner,"[{""amount"":4,""name"":""去骨去皮鸡胸肉"",""unit"":""""},{""amount"":1.25,""name"":""海盐"",""unit"":""""},{""amount"":0.25,""name"":""黑胡椒粉"",""unit"":""""},{""amount"":0.25,""name"":""小褐菇"",""unit"":""""},{""amount"":3,""name"":""洋葱"",""unit"":""""},{""amount"":4,""name"":""帕玛森奶酪"",""unit"":""""},{""amount"":0.25,""name"":""马苏里拉奶酪"",""unit"":""""}]","[""鸡肉"",""禽肉"",""肉"",""少于60分钟"",""鸡胸肉""]"
216895,糖醋比目鱼配蔬菜炒面,777.3,91.2,68.7,13,2,2.9,15.4,647.4,132.2,4,dinner,"[{""amount"":0.5,""name"":""细砂糖"",""unit"":""""},{""amount"":1,""name"":""红酒醋"",""unit"":""""},{""amount"":0.25,""name"":""番茄膏"",""unit"":""""},{""amount"":3,""name"":""玉米淀粉"",""unit"":""""},{""amount"":2,""name"":""酱油"",""unit"":""""},{""amount"":2,""name"":""姜粉"",""unit"":""""},{""amount"":2,""name"":""蒜瓣"",""unit"":""""},{""amount"":2,""name"":""大比目鱼片"",""unit"":""""},{""amount"":1,""name"":""蘑菇"",""unit"":""""},{""amount"":2,""name"":""西葫芦"",""unit"":""""}]","[""大比目鱼"",""少于60分钟"",""炒"",""一餐即食""]"
414589,罐焖牛肉汤,908.8,82.6,93.3,23.6,8.1,17.7,20.4,2470.8,173.8,6,dinner,"[{""amount"":4,""name"":""番茄丁"",""unit"":""""},{""amount"":30,""name"":""玉米"",""unit"":""""},{""amount"":30,""name"":""豌豆"",""unit"":""""},{""amount"":14,""name"":""红芸豆"",""unit"":""""},{""amount"":14,""name"":""土豆"",""unit"":""""},{""amount"":14,""name"":""胡萝卜"",""unit"":""""},{""amount"":14,""name"":""黄洋葱"",""unit"":""""},{""amount"":30,""name"":""意大利面"",""unit"":""""},{""amount"":30,""name"":""干迷迭香"",""unit"":""""},{""amount"":1,""name"":""鼠尾草"",""unit"":""""},{""amount"":0.5,""name"":""百里香"",""unit"":""""},{""amount"":1,""name"":""墨角兰"",""unit"":""""},{""amount"":2,""name"":""大蒜"",""unit"":""""},{""amount"":2,""name"":""碎红辣椒片"",""unit"":""""},{""amount"":1,""name"":""海盐"",""unit"":""""},{""amount"":1,""name"":""黑胡椒"",""unit"":""""},{""amount"":1,""name"":""月桂叶"",""unit"":""""},{""amount"":1,""name"":""牛至"",""unit"":""""}]","[""一餐即食"",""烤牛肉"",""肉"",""冬季"",""新手厨师"",""简单"",""便宜"",""库存""]"
358641,菠萝嫩猪排,857.4,94.5,14.8,44.5,14.1,1.6,11.1,250.7,313,4,dinner,"[{""amount"":4,""name"":""橄榄油"",""unit"":""""},{""amount"":1,""name"":""菠萝圈"",""unit"":""""}]","[""肉"",""极低碳水化合物"",""高蛋白"",""高含量..."",""新手厨师"",""少于4小时"",""简单"",""猪肉""]"
299988,甜豌豆火鸡焗,606.6,83.9,43.5,9.5,2.5,10.4,14.3,1548.4,192.7,1,dinner,"[{""amount"":1.25,""name"":""火鸡胸里脊"",""unit"":""""},{""amount"":1,""name"":""青葱"",""unit"":""""}]","[""火鸡胸肉"",""禽肉"",""蔬菜"",""肉"",""健康"",""少于4小时"",""简单"",""便宜"",""一餐即食""]"
205421,烤排骨,817.9,94.2,44.2,25.9,9.1,0.7,31.8,1336.5,335.7,16,dinner,"[{""amount"":16,""name"":""乡村风味去骨猪肋排"",""unit"":""""},{""amount"":0.5,""name"":""烧烤酱"",""unit"":""""}]","[""肉"",""高蛋白"",""健康"",""高含量..."",""供多人食用"",""简单"",""猪肉""]"
403453,马纳尔烧烤虾，门罗，路易斯安那州,482,92.4,4.1,7.9,1.5,0,0,673,691.2,1,dinner,"[{""amount"":1,""name"":""生虾"",""unit"":""""},{""amount"":0,""name"":""橄榄油"",""unit"":""""},{""amount"":0,""name"":""黑胡椒"",""unit"":""""},{""amount"":0,""name"":""盐"",""unit"":""""},{""amount"":0,""name"":""柠檬汁"",""unit"":""""},{""amount"":0,""name"":""塔巴斯科辣椒酱"",""unit"":""""},{""amount"":0,""name"":""伍斯特酱"",""unit"":""""},{""amount"":0,""name"":""黄油"",""unit"":""""}]","[""卡真"",""极低碳水化合物"",""高蛋白"",""健康"",""高含量..."",""少于60分钟"",""一餐即食""]"
180877,酱油烤鸡,896.2,96,3.6,52.6,14,0,1,517.5,312.2,1,dinner,"[{""amount"":3.5,""name"":""鸡杂"",""unit"":""""},{""amount"":0.25,""name"":""蛋黄酱"",""unit"":""""},{""amount"":0.5,""name"":""酱油"",""unit"":""""}]","[""禽肉"",""肉"",""极低碳水化合物"",""高蛋白"",""高含量..."",""烤箱"",""新手厨师"",""少于4小时"",""简单"",""便宜"",""鸡肉""]"
269424,酿鸡,889,92.6,86.9,15.9,5.7,3.4,9.2,2387.7,212.7,1,dinner,"[{""amount"":1,""name"":""去骨去皮鸡胸肉"",""unit"":""""},{""amount"":3,""name"":""酸奶油"",""unit"":""""},{""amount"":1,""name"":""水"",""unit"":""""}]","[""鸡肉"",""禽肉"",""肉"",""高蛋白"",""健康"",""高含量..."",""新手厨师"",""少于4小时"",""简单"",""鸡胸肉""]"
138483,蜂蜜蒜香鸡腿,743.1,93,49.7,17.3,4.5,0.2,44.6,1158.3,363.2,1,dinner,"[{""amount"":4,""name"":""红糖"",""unit"":""""},{""amount"":0.75,""name"":""玉米淀粉"",""unit"":""""},{""amount"":2,""name"":""水"",""unit"":""""},{""amount"":0.75,""name"":""酱油"",""unit"":""""},{""amount"":3,""name"":""蜂蜜"",""unit"":""""},{""amount"":1,""name"":""蒜瓣"",""unit"":""""}]","[""鸡肉"",""禽肉"",""肉"",""高蛋白"",""健康"",""高含量..."",""咸味"",""少于4小时"",""鸡大腿及鸡腿""]"
516695,匈牙利风味蔬菜炖羊小腿,890,93.2,20.3,46.5,18.6,4.5,7.9,554,311.4,6,dinner,"[{""amount"":6,""name"":""羊小腿"",""unit"":""""},{""amount"":6,""name"":""培根"",""unit"":""""},{""amount"":1,""name"":""洋葱"",""unit"":""""},{""amount"":1,""name"":""甜匈牙利红椒粉"",""unit"":""""},{""amount"":1,""name"":""蒜瓣"",""unit"":""""},{""amount"":0.5,""name"":""牛至"",""unit"":""""},{""amount"":1,""name"":""烤土豆"",""unit"":""""},{""amount"":6,""name"":""胡萝卜"",""unit"":""""},{""amount"":6,""name"":""芹菜茎"",""unit"":""""},{""amount"":16,""name"":""炖番茄"",""unit"":""""},{""amount"":2,""name"":""水"",""unit"":""""},{""amount"":2,""name"":""鸡高汤块"",""unit"":""""},{""amount"":1,""name"":""酸奶油"",""unit"":""""}]","[""羔羊/绵羊"",""肉"",""极低碳水化合物"",""少于4小时"",""一餐即食""]"
458163,烤盘煎三文鱼配意式培根、土豆、番茄和芦笋,984,81.2,102.9,29.4,4.7,18.7,20.8,305.6,146.3,4,dinner,"[{""amount"":4,""name"":""土豆"",""unit"":""""},{""amount"":8,""name"":""牛至"",""unit"":""""},{""amount"":2,""name"":""三文鱼柳"",""unit"":""""},{""amount"":4,""name"":""芦笋尖"",""unit"":""""},{""amount"":20,""name"":""番茄"",""unit"":""""},{""amount"":20,""name"":""意式培根"",""unit"":""""},{""amount"":8,""name"":""柠檬"",""unit"":""""}]","[""少于60分钟"",""简单"",""一餐即食""]"
294071,慢炖锅鸡肉蓝带,639.9,91.3,10,24.3,10.8,2.4,3.6,2055.2,252.1,1,dinner,"[{""amount"":5,""name"":""去皮鸡胸肉"",""unit"":""""},{""amount"":5,""name"":""烟熏火腿"",""unit"":""""},{""amount"":5,""name"":""蒙斯特奶酪"",""unit"":""""},{""amount"":1,""name"":""瑞士奶酪"",""unit"":""""},{""amount"":1,""name"":""芹菜"",""unit"":""""}]","[""鸡胸肉"",""鸡肉"",""禽肉"",""肉"",""简单"",""一餐即食""]"
247478,猪排配填料,967.3,96.8,18.2,53.6,21.1,0.9,1.9,523.6,343.5,4,dinner,"[{""amount"":4,""name"":""黄油"",""unit"":""""},{""amount"":3,""name"":""水"",""unit"":""""},{""amount"":1,""name"":""禽肉调味料"",""unit"":""""}]","[""肉"",""新手厨师"",""少于4小时"",""简单"",""猪肉""]"
457464,烤五花肉卷配青酱,747.6,92.5,3.9,37.9,11.2,1.7,0.8,508.5,280,6,dinner,"[{""amount"":2,""name"":""猪肉"",""unit"":""""},{""amount"":1,""name"":""茴香籽"",""unit"":""""},{""amount"":2,""name"":""柠檬"",""unit"":""""},{""amount"":2,""name"":""蒜瓣"",""unit"":""""},{""amount"":1,""name"":""欧芹"",""unit"":""""},{""amount"":2,""name"":""欧芹"",""unit"":""""},{""amount"":15,""name"":""薄荷"",""unit"":""""},{""amount"":10,""name"":""刺山柑"",""unit"":""""},{""amount"":3,""name"":""醋"",""unit"":""""},{""amount"":1,""name"":""芥末"",""unit"":""""}]","[""肉"",""高蛋白"",""高含量..."",""少于4小时"",""简单"",""猪肉""]"
479483,去骨康沃尔鸡,654.4,91.3,2.7,28.7,5.7,0.8,0.7,309.6,413.1,1,dinner,"[{""amount"":1,""name"":""橄榄油"",""unit"":""- 1 1/2""},{""amount"":1,""name"":""柠檬"",""unit"":""""}]","[""鸡肉"",""禽肉"",""肉"",""极低碳水化合物"",""高蛋白"",""高含量..."",""工作日夜晚"",""少于60分钟"",""简单"",""整鸡""]"
457647,烤番茄猪排,954.9,92.3,42.4,44.4,13.5,5.1,4.4,684.7,336.6,1,dinner,"[{""amount"":6,""name"":""鸡蛋"",""unit"":""""},{""amount"":1,""name"":""洋葱"",""unit"":""""},{""amount"":1,""name"":""碎番茄"",""unit"":""""},{""amount"":1,""name"":""面粉"",""unit"":""""},{""amount"":1,""name"":""水"",""unit"":""""}]","[""肉"",""工作日夜晚"",""少于60分钟"",""烤箱"",""自制"",""猪肉""]"
43586,慢炖猪排,787.9,94.2,4.3,41,13.6,0.1,3.7,444.4,313,4,dinner,"[{""amount"":4,""name"":""番茄酱"",""unit"":""""},{""amount"":1,""name"":""伍斯特酱"",""unit"":""""}]","[""肉"",""工作日夜晚"",""简单"",""便宜"",""猪肉""]"
184394,炸鸡式猪排,871.5,95.4,2.4,50.5,16,0.1,0.2,478.6,344.1,6,dinner,"[{""amount"":6,""name"":""鸡蛋"",""unit"":""""},{""amount"":1,""name"":""牛奶"",""unit"":""""},{""amount"":1,""name"":""固态起酥油"",""unit"":""""},{""amount"":0.6666666666666666,""name"":""盐"",""unit"":""""}]","[""肉"",""极低碳水化合物"",""高蛋白"",""高含量..."",""烤箱"",""新手厨师"",""炉灶顶"",""少于4小时"",""简单"",""猪肉""]"
48239,照烧鸡,571.6,90.2,7,17.9,4.6,1.3,3.2,394.4,377.7,1,dinner,"[{""amount"":2,""name"":""去骨去皮鸡腿肉"",""unit"":""""},{""amount"":1,""name"":""照烧腌料或酱汁"",""unit"":""""},{""amount"":0,""name"":""橄榄油"",""unit"":""""}]","[""禽肉"",""肉"",""中文"",""亚洲"",""极低碳水化合物"",""高蛋白"",""健康"",""高含量..."",""少于60分钟"",""炒"",""简单"",""鸡肉""]"
199005,意大利牛肉,936.5,95.8,8.6,55.3,21.7,1.5,4.1,978,276.7,4,dinner,"[{""amount"":4,""name"":""牛臀肉烤块"",""unit"":""-5""},{""amount"":0.25,""name"":""卷烤牛肉"",""unit"":""""},{""amount"":0.25,""name"":""干罗勒"",""unit"":""""},{""amount"":0.25,""name"":""干牛至"",""unit"":""""},{""amount"":0.25,""name"":""黑胡椒"",""unit"":""""},{""amount"":4,""name"":""番茄酱"",""unit"":""""},{""amount"":2,""name"":""伍斯特酱"",""unit"":""""},{""amount"":2,""name"":""酱油"",""unit"":""""},{""amount"":1,""name"":""青椒"",""unit"":""""},{""amount"":1,""name"":""洋葱"",""unit"":""""}]","[""肉"",""极低碳水化合物"",""高蛋白"",""高含量..."",""少于15分钟"",""烤牛肉""]"
132199,意式海鲜炖汤,596.8,87.9,15.5,16.5,3,3.6,7.9,889.9,436.8,1,dinner,"[{""amount"":2,""name"":""鳕鱼"",""unit"":""""},{""amount"":1.5,""name"":""虾"",""unit"":""""},{""amount"":1,""name"":""冷冻蟹"",""unit"":""""},{""amount"":2,""name"":""洋葱"",""unit"":""""},{""amount"":1,""name"":""青椒"",""unit"":""""},{""amount"":1,""name"":""蒜瓣"",""unit"":""""},{""amount"":1,""name"":""番茄"",""unit"":""""},{""amount"":1,""name"":""白葡萄酒"",""unit"":""""},{""amount"":0.5,""name"":""欧芹"",""unit"":""""}]","[""鲈鱼"",""极低碳水化合物"",""健康"",""少于60分钟"",""一餐即食""]"
43029,索普拉诺香醋椒猪排,803.2,94,0.5,44.3,14,0,0,249.8,313,4,dinner,"[{""amount"":1,""name"":""橄榄油"",""unit"":""""},{""amount"":4,""name"":""大蒜"",""unit"":""""}]","[""肉"",""欧洲"",""少于30分钟"",""新手厨师"",""炉灶顶"",""简单"",""猪肉""]"
50026,慢炖锅墨西哥猪肉,889.4,81.3,60,37.4,14.7,18.8,11.9,2116,195.4,2,dinner,"[{""amount"":1,""name"":""去骨猪里脊烤肉"",""unit"":""""},{""amount"":1,""name"":""莎莎酱"",""unit"":""""},{""amount"":4,""name"":""青辣椒"",""unit"":""""},{""amount"":15,""name"":""黑豆"",""unit"":""""},{""amount"":1,""name"":""蒙特利杰克奶酪"",""unit"":""""}]","[""肉"",""墨西哥"",""工作日夜晚"",""简单"",""猪肉""]"
456509,芹菜炖羊小腿,960.8,93.9,20.8,53.9,23,4.1,9.1,583.9,331.4,6,dinner,"[{""amount"":72,""name"":""羊小腿"",""unit"":""""},{""amount"":6,""name"":""培根"",""unit"":""""},{""amount"":1,""name"":""洋葱"",""unit"":""""},{""amount"":1,""name"":""蒜瓣"",""unit"":""""},{""amount"":0.5,""name"":""牛至"",""unit"":""""},{""amount"":1,""name"":""烤土豆"",""unit"":""""},{""amount"":6,""name"":""胡萝卜"",""unit"":""""},{""amount"":6,""name"":""芹菜茎"",""unit"":""""},{""amount"":16,""name"":""炖番茄"",""unit"":""""},{""amount"":2,""name"":""水"",""unit"":""""},{""amount"":2,""name"":""鸡高汤块"",""unit"":""""},{""amount"":1,""name"":""酸奶油"",""unit"":""""}]","[""羔羊/绵羊"",""肉"",""德语"",""欧洲"",""极低碳水化合物"",""少于4小时"",""一餐即食""]"
398366,孜然脆皮猪里脊配橙香香菜油醋汁,939.4,94.2,4.4,59.2,13.2,1.8,0.8,1974.1,299.4,2,dinner,"[{""amount"":2,""name"":""芫荽粉"",""unit"":""""},{""amount"":1,""name"":""盐"",""unit"":""""},{""amount"":1,""name"":""黑胡椒粉"",""unit"":""""},{""amount"":2,""name"":""整粒孜然籽"",""unit"":""""},{""amount"":2,""name"":""橄榄油"",""unit"":""""},{""amount"":1,""name"":""芫荽粉"",""unit"":""""},{""amount"":0.5,""name"":""盐"",""unit"":""""},{""amount"":0.5,""name"":""橙皮屑"",""unit"":""""},{""amount"":1,""name"":""白葡萄酒醋"",""unit"":""""},{""amount"":1,""name"":""橄榄油"",""unit"":""""},{""amount"":1,""name"":""葱"",""unit"":""""},{""amount"":0.25,""name"":""新鲜香菜"",""unit"":""""}]","[""肉"",""少于60分钟"",""猪肉""]"
469626,是拉差酱烤鸡,836.8,92.9,37.6,32.3,8.3,0.7,26.4,547.6,322.3,4,dinner,"[{""amount"":0.6666666666666666,""name"":""新鲜细香葱"",""unit"":""""},{""amount"":2,""name"":""米醋"",""unit"":""""},{""amount"":2,""name"":""橄榄油"",""unit"":""""},{""amount"":2,""name"":""鸡腿-大腿"",""unit"":""""},{""amount"":1,""name"":""犹太盐"",""unit"":""""},{""amount"":4,""name"":""现磨黑胡椒"",""unit"":""""}]","[""鸡肉"",""禽肉"",""肉"",""少于4小时"",""鸡大腿及鸡腿""]"
34589,香草土豆沙拉鸡肉串,800.6,87.3,47.6,28.3,4.5,6.8,2,246.9,205.3,1,dinner,"[{""amount"":6,""name"":""去皮鸡胸肉"",""unit"":""""},{""amount"":2,""name"":""大蒜"",""unit"":""""},{""amount"":2,""name"":""百里香"",""unit"":""""},{""amount"":1,""name"":""柠檬"",""unit"":""""},{""amount"":3,""name"":""橄榄油"",""unit"":""""},{""amount"":1,""name"":""新土豆"",""unit"":""""},{""amount"":2,""name"":""大蒜"",""unit"":""""},{""amount"":1,""name"":""薄荷"",""unit"":""""},{""amount"":1,""name"":""罗勒"",""unit"":""""},{""amount"":1,""name"":""迷迭香"",""unit"":""""},{""amount"":4,""name"":""葡萄酒醋"",""unit"":""""}]","[""土豆"",""禽肉"",""蔬菜"",""肉"",""夏季"",""少于60分钟"",""炉灶顶"",""简单"",""鸡肉""]"
94685,犹太洁食里士满风味鸡,885,94.5,9.7,49.7,13.4,0.1,8.9,1033.9,299.6,4,dinner,"[{""amount"":3,""name"":""炸鸡用鸡"",""unit"":""-4""},{""amount"":3,""name"":""日式酱油"",""unit"":""""},{""amount"":1,""name"":""蒜瓣"",""unit"":""""},{""amount"":1,""name"":""鲜姜"",""unit"":""""},{""amount"":1,""name"":""五香粉"",""unit"":""""},{""amount"":1,""name"":""紫菜"",""unit"":""""},{""amount"":0.25,""name"":""蜂蜜"",""unit"":""""},{""amount"":2,""name"":""芥末粉"",""unit"":""""}]","[""鸡大腿及鸡腿"",""整鸡"",""鸡肉"",""禽肉"",""肉"",""加拿大"",""亚洲"",""犹太洁食"",""少于60分钟"",""烤箱"",""简单"",""鸡胸肉""]"
33897,意式慢炖香烤猪肉,786.7,91,24.9,32.5,11.1,2.8,17.7,1176,245.2,1,dinner,"[{""amount"":4,""name"":""番茄丁"",""unit"":""""},{""amount"":1,""name"":""红酒"",""unit"":""""},{""amount"":1,""name"":""番茄膏"",""unit"":""""}]","[""蔬菜"",""肉"",""欧洲"",""高蛋白"",""适合儿童"",""高含量..."",""咸味"",""工作日夜晚"",""新手厨师"",""简单"",""猪肉""]"
113754,慢炖锅猎人风味鸡,611.2,86.7,27.4,12,2.3,4,8.8,1077.2,197.5,1,dinner,"[{""amount"":2,""name"":""橄榄油"",""unit"":""""},{""amount"":3,""name"":""去骨去皮鸡胸肉"",""unit"":""""},{""amount"":1,""name"":""洋葱"",""unit"":""""},{""amount"":1,""name"":""新鲜蘑菇"",""unit"":""""},{""amount"":4,""name"":""大蒜"",""unit"":""""},{""amount"":0.25,""name"":""面粉"",""unit"":""""},{""amount"":1,""name"":""红酒"",""unit"":""- 1 1/2""},{""amount"":0.5,""name"":""鸡汤"",""unit"":""""},{""amount"":1,""name"":""番茄膏"",""unit"":""""},{""amount"":1,""name"":""番茄和青辣椒"",""unit"":""""},{""amount"":1,""name"":""干罗勒"",""unit"":""""},{""amount"":1,""name"":""干牛至"",""unit"":""""},{""amount"":1,""name"":""干百里香"",""unit"":""""},{""amount"":0,""name"":""黑胡椒"",""unit"":""""},{""amount"":0,""name"":""犹太盐"",""unit"":""""}]","[""鸡肉"",""禽肉"",""肉"",""健康"",""简单"",""鸡胸肉""]"
14557,丹麦烤猪肉,782.6,85.3,67.4,19.6,6.7,8.7,43.2,252.4,238.1,1,dinner,"[{""amount"":5,""name"":""西梅干"",""unit"":""""},{""amount"":1,""name"":""苹果"",""unit"":""""}]","[""水果"",""肉"",""丹麦"",""斯堪的纳维亚"",""欧洲"",""健康"",""不含..."",""圣诞"",""工作日夜晚"",""烤"",""烤箱"",""少于4小时"",""简单"",""猪肉""]"
341335,芝麻鸡肉饺子,961.1,89.5,40.8,47.4,12.5,6.2,6.7,587,482.3,4,dinner,"[{""amount"":1,""name"":""大蒜"",""unit"":""""},{""amount"":1.5,""name"":""鲜姜"",""unit"":""""},{""amount"":1,""name"":""鸡胸肉"",""unit"":""""},{""amount"":3,""name"":""鸡蛋"",""unit"":""""},{""amount"":5,""name"":""葱"",""unit"":""""},{""amount"":1,""name"":""白芝麻"",""unit"":""""}]","[""禽肉"",""肉"",""亚洲"",""高蛋白"",""高含量..."",""少于60分钟"",""便宜"",""鸡肉""]"
74044,牛肉波特酒火锅,772.9,87.3,50.4,18.1,6.7,5.5,8.8,868.3,247.5,4,dinner,"[{""amount"":2,""name"":""橄榄油"",""unit"":""""},{""amount"":1.5,""name"":""烤牛肉"",""unit"":""""},{""amount"":6,""name"":""新鲜香草"",""unit"":""-8""},{""amount"":250,""name"":""波特酒"",""unit"":""""},{""amount"":500,""name"":""伍斯特酱"",""unit"":""""},{""amount"":2,""name"":""土豆"",""unit"":""""},{""amount"":4,""name"":""欧洲防风根"",""unit"":""""},{""amount"":2,""name"":""胡萝卜"",""unit"":""""}]","[""肉"",""工作日夜晚"",""炉灶顶"",""少于4小时"",""一餐即食""]"
468917,枫糖烤火鸡配鼠尾草黄油,852.8,93.4,8.8,46.5,15.9,0,7.9,342.2,332.7,12,dinner,"[{""amount"":0.5,""name"":""无盐黄油"",""unit"":""""},{""amount"":0.25,""name"":""新鲜鼠尾草"",""unit"":""""},{""amount"":12,""name"":""犹太盐"",""unit"":""-14""},{""amount"":8,""name"":""黑胡椒"",""unit"":""""},{""amount"":0.5,""name"":""火鸡"",""unit"":""""},{""amount"":2,""name"":""培根"",""unit"":""""},{""amount"":0,""name"":""枫糖浆"",""unit"":""""},{""amount"":0,""name"":""热水"",""unit"":""""}]","[""猪肉"",""禽肉"",""肉"",""无蛋"",""不含..."",""圣诞"",""感恩节"",""少于4小时"",""全火鸡""]"
294196,完美牛臀肉烤,916.8,94.6,4.4,55.2,21.7,0.9,1.2,1988.1,340.2,1,dinner,"[{""amount"":1,""name"":""牛臀肉烤块"",""unit"":""""},{""amount"":3,""name"":""蒜瓣"",""unit"":""""},{""amount"":1,""name"":""盐"",""unit"":""""},{""amount"":1,""name"":""胡椒"",""unit"":""""},{""amount"":1,""name"":""洋葱"",""unit"":""""},{""amount"":1,""name"":""水"",""unit"":""""}]","[""肉"",""极低碳水化合物"",""高蛋白"",""高含量..."",""新手厨师"",""少于4小时"",""简单"",""烤牛肉""]"
407363,美味鸡胸肉菠菜砂锅,830.9,86.6,58.7,27.1,5.7,7.1,7.3,1860.4,235.8,1,dinner,"[{""amount"":1,""name"":""冷冻菠菜"",""unit"":""""},{""amount"":1,""name"":""鸡蛋"",""unit"":""""},{""amount"":1,""name"":""新鲜粗磨黑胡椒"",""unit"":""""},{""amount"":1,""name"":""水"",""unit"":""""},{""amount"":1,""name"":""去骨去皮鸡胸肉"",""unit"":""""},{""amount"":1,""name"":""橄榄油"",""unit"":""""}]","[""鸡胸肉"",""鸡肉"",""禽肉"",""肉"",""工作日夜晚"",""少于4小时"",""一餐即食""]"
8223,收养辣椒,783.5,87.3,18.6,37,10.9,6.2,5.6,1047.3,242.8,4,dinner,"[{""amount"":2.5,""name"":""牛胸肉"",""unit"":""""},{""amount"":1,""name"":""牛肉高汤块"",""unit"":""""},{""amount"":1,""name"":""百威啤酒"",""unit"":""""},{""amount"":12,""name"":""洋葱"",""unit"":""""},{""amount"":1,""name"":""水"",""unit"":""""},{""amount"":1.25,""name"":""辣椒粉"",""unit"":""""},{""amount"":2,""name"":""辣椒粉"",""unit"":""""},{""amount"":6,""name"":""蒜瓣"",""unit"":""""},{""amount"":0.5,""name"":""孜然"",""unit"":""""},{""amount"":3,""name"":""青辣椒"",""unit"":""""},{""amount"":2.5,""name"":""芥末粉"",""unit"":""""},{""amount"":2,""name"":""番茄酱"",""unit"":""""},{""amount"":0.125,""name"":""红糖"",""unit"":""""},{""amount"":8,""name"":""牛至"",""unit"":""""},{""amount"":0.125,""name"":""马萨面粉"",""unit"":""""}]","[""豆类"",""肉"",""墨西哥"",""工作日夜晚"",""少于4小时"",""猪肉""]"
470922,香烤亚洲风味鸡,984.4,94.9,3.4,63,17.4,0.4,0.7,2407.5,415.8,1,dinner,"[{""amount"":6,""name"":""鸡腿"",""unit"":""""},{""amount"":0.25,""name"":""酱油"",""unit"":""""},{""amount"":2,""name"":""蒜瓣"",""unit"":""""},{""amount"":2,""name"":""鲜姜"",""unit"":""""},{""amount"":1,""name"":""米醋"",""unit"":""""}]","[""鸡肉"",""禽肉"",""肉"",""少于4小时"",""鸡大腿及鸡腿""]"
154567,墨西哥西梅奇波特猪肉,756,89.5,19.6,33.9,10.9,2.5,11.8,181,259.9,1,dinner,"[{""amount"":4,""name"":""猪肉"",""unit"":""""},{""amount"":20,""name"":""西梅干"",""unit"":""""},{""amount"":1,""name"":""新鲜番茄"",""unit"":""""},{""amount"":0.5,""name"":""烟熏辣椒"",""unit"":""""}]","[""肉"",""墨西哥"",""高蛋白"",""高含量..."",""少于4小时"",""简单"",""猪肉""]"
15039,奶油蘑菇烩猪排,956.9,93.3,25.8,52.1,17.3,1.8,6.6,1646.1,291.1,1,dinner,"[{""amount"":6,""name"":""紫洋葱"",""unit"":""-8""},{""amount"":1,""name"":""黄洋葱"",""unit"":""""},{""amount"":2,""name"":""蘑菇片"",""unit"":""""},{""amount"":2,""name"":""淡奶"",""unit"":""""}]","[""肉"",""工作日夜晚"",""烤箱"",""少于4小时"",""简单"",""猪肉""]"
265642,肝丸子（小牛、猪肉、牛肉或羊肉）,788.3,89.5,56.3,20.1,7.1,2.1,3.7,624.4,1167.1,6,dinner,"[{""amount"":1.5,""name"":""肝脏"",""unit"":""""},{""amount"":1,""name"":""洋葱"",""unit"":""""},{""amount"":1,""name"":""黄油"",""unit"":""""},{""amount"":2,""name"":""鸡蛋"",""unit"":""""},{""amount"":2,""name"":""面粉"",""unit"":""""},{""amount"":0.5,""name"":""欧芹"",""unit"":""""}]","[""牛肝"",""肉"",""宾夕法尼亚荷兰"",""德语"",""欧洲"",""高蛋白"",""健康"",""高含量..."",""咸味"",""少于60分钟"",""牛内脏""]"
342567,墨西哥辣酱猪排,757.1,90.7,9.4,37.1,16.2,1.8,7.1,1199.3,281.4,3,dinner,"[{""amount"":6,""name"":""去骨猪排"",""unit"":""""},{""amount"":1,""name"":""蒙特利杰克奶酪"",""unit"":""""},{""amount"":1,""name"":""洋葱"",""unit"":""""}]","[""肉"",""墨西哥"",""极低碳水化合物"",""高蛋白"",""高含量..."",""少于60分钟"",""新手厨师"",""简单"",""猪肉""]"
513576,慢炖柠檬红椒牛肉,794.4,80.3,41.3,40.5,9.9,14.5,0.7,271.9,231,1,dinner,"[{""amount"":1.5,""name"":""烤牛肉"",""unit"":""""},{""amount"":1,""name"":""橄榄油"",""unit"":""""},{""amount"":2,""name"":""孜然籽"",""unit"":""""},{""amount"":2,""name"":""甜红椒粉"",""unit"":""""},{""amount"":2,""name"":""特级初榨橄榄油"",""unit"":""""},{""amount"":1,""name"":""柠檬汁"",""unit"":""""},{""amount"":0.3333333333333333,""name"":""干欧芹"",""unit"":""""},{""amount"":0.25,""name"":""蒜瓣"",""unit"":""""},{""amount"":1,""name"":""干牛至"",""unit"":""""}]","[""肉"",""高蛋白"",""高含量..."",""烤牛肉""]"
526827,意式火腿、鼠尾草和芳蒂娜奶酪猪肉包,897.7,91.5,36.9,39.8,14.5,2,1.9,890.7,327.7,6,dinner,"[{""amount"":12,""name"":""去骨猪排"",""unit"":""""},{""amount"":3,""name"":""意大利熏火腿"",""unit"":""""},{""amount"":6,""name"":""芳蒂娜奶酪"",""unit"":""""},{""amount"":12,""name"":""新鲜鼠尾草叶"",""unit"":""""},{""amount"":1,""name"":""面粉"",""unit"":""""},{""amount"":2,""name"":""鸡蛋"",""unit"":""""},{""amount"":1.5,""name"":""帕玛森奶酪"",""unit"":""""},{""amount"":0.5,""name"":""黄油"",""unit"":""""},{""amount"":2,""name"":""橄榄油"",""unit"":""""}]","[""肉"",""欧洲"",""少于60分钟"",""简单"",""猪肉""]"
149675,慢炖锅猪肉酸菜,778,88.2,19.1,37.1,15.6,5.1,14.2,1246.3,265.5,6,dinner,"[{""amount"":4,""name"":""葛缕子籽"",""unit"":""""},{""amount"":0.5,""name"":""黑胡椒"",""unit"":""""},{""amount"":0.5,""name"":""烘焙苹果"",""unit"":""""},{""amount"":1,""name"":""酸菜"",""unit"":""""},{""amount"":2,""name"":""红糖"",""unit"":""""},{""amount"":0.25,""name"":""黄油"",""unit"":""""},{""amount"":4,""name"":""盐"",""unit"":""""}]","[""苹果"",""水果"",""肉"",""宾夕法尼亚荷兰"",""高蛋白"",""高含量..."",""猪肉""]"
227737,烤海鲜砂锅,688,91.4,4.3,31.8,17.8,0.1,0.8,1475.8,369.2,1,dinner,"[{""amount"":1,""name"":""扇贝"",""unit"":""""},{""amount"":1,""name"":""中虾"",""unit"":""""},{""amount"":1,""name"":""马苏里拉奶酪"",""unit"":""""},{""amount"":2,""name"":""黄油"",""unit"":""""},{""amount"":12,""name"":""大蒜粉"",""unit"":""""},{""amount"":2.5,""name"":""伍斯特酱"",""unit"":""""}]","[""少于60分钟"",""烤箱"",""简单"",""一餐即食""]"
405751,非奶酪蘸酱,620.9,57.6,99.4,8.4,1.1,40.9,7.1,1572.7,0,4,dinner,"[{""amount"":1,""name"":""水"",""unit"":""""},{""amount"":1,""name"":""白豆"",""unit"":""""},{""amount"":1,""name"":""小扁豆"",""unit"":""""},{""amount"":1,""name"":""青辣椒"",""unit"":""""},{""amount"":2,""name"":""营养酵母"",""unit"":""""},{""amount"":4,""name"":""玉米淀粉"",""unit"":""""},{""amount"":2,""name"":""柠檬汁"",""unit"":""""},{""amount"":1.5,""name"":""盐"",""unit"":""""},{""amount"":1,""name"":""洋葱粉"",""unit"":""""},{""amount"":1.5,""name"":""大蒜粉"",""unit"":""""},{""amount"":1.25,""name"":""孜然"",""unit"":""""},{""amount"":1,""name"":""莎莎酱"",""unit"":""""},{""amount"":2,""name"":""亚麻籽粉"",""unit"":""""}]","[""扁豆"",""豆类"",""纯素"",""低胆固醇"",""健康"",""不含..."",""少于15分钟"",""小型电器"",""简单"",""一餐即食""]"
159834,迷迭香柠檬蒜香鸡,583.1,87.9,4.7,18.3,3.2,0.4,0.8,249.8,219.4,1,dinner,"[{""amount"":2.5,""name"":""去骨去皮鸡胸肉"",""unit"":""""},{""amount"":6,""name"":""蒜瓣"",""unit"":""""},{""amount"":3,""name"":""新鲜迷迭香叶"",""unit"":""""},{""amount"":3,""name"":""特级初榨橄榄油"",""unit"":""""},{""amount"":1,""name"":""柠檬，汁和皮"",""unit"":""""},{""amount"":1,""name"":""干白葡萄酒"",""unit"":""""}]","[""鸡肉"",""禽肉"",""肉"",""少于60分钟"",""鸡胸肉""]"
328581,新鲜莳萝鸡肉,911.8,92.3,6.8,55.3,14.8,1,3.5,1040.6,294.3,8,dinner,"[{""amount"":2,""name"":""原味酸奶"",""unit"":""""},{""amount"":2,""name"":""新鲜莳萝草"",""unit"":""""},{""amount"":4,""name"":""葱"",""unit"":""""},{""amount"":1,""name"":""孜然粉"",""unit"":""""},{""amount"":1.5,""name"":""鲜榨柠檬汁"",""unit"":""""},{""amount"":1,""name"":""盐"",""unit"":""-6""},{""amount"":3,""name"":""黑胡椒"",""unit"":""""},{""amount"":2.5,""name"":""鸡杂"",""unit"":""""},{""amount"":6.5,""name"":""肉桂棒"",""unit"":""""},{""amount"":5,""name"":""整粒丁香"",""unit"":""""}]","[""鸡肉"",""禽肉"",""肉"",""少于4小时"",""鸡大腿及鸡腿""]"
306133,希腊蜂蜜柠檬猪排,908.6,92.1,9.5,53.5,11.2,0.3,8.9,545.8,263.1,4,dinner,"[{""amount"":4,""name"":""蜂蜜"",""unit"":""""},{""amount"":2,""name"":""柠檬皮"",""unit"":""""},{""amount"":2,""name"":""柠檬汁"",""unit"":""""},{""amount"":2,""name"":""新鲜薄荷"",""unit"":""""},{""amount"":1,""name"":""干薄荷"",""unit"":""""},{""amount"":1,""name"":""橄榄油"",""unit"":""""},{""amount"":0.5,""name"":""盐"",""unit"":""""},{""amount"":0.25,""name"":""辣椒粉"",""unit"":""""}]","[""肉"",""希腊"",""欧洲"",""极低碳水化合物"",""高蛋白"",""高含量..."",""咸味"",""猪肉""]"
49047,特制覆盆子酱烤鸡,984.5,93,56.8,40.3,15.1,0.9,40.1,690,350.6,1,dinner,"[{""amount"":3,""name"":""鸡腿-大腿"",""unit"":""""},{""amount"":0.25,""name"":""黄油"",""unit"":""""},{""amount"":1,""name"":""酱油"",""unit"":""""},{""amount"":2,""name"":""碎红辣椒片"",""unit"":""""}]","[""鸡肉"",""覆盆子"",""禽肉"",""浆果"",""水果"",""肉"",""高蛋白"",""高含量..."",""工作日夜晚"",""烤箱"",""少于4小时"",""简单"",""鸡大腿及鸡腿""]"
480418,猪里脊烤肉,792.7,88.5,38.8,30.6,10.8,3.4,29.3,541.9,246.4,1,dinner,"[{""amount"":4,""name"":""多香果"",""unit"":""""},{""amount"":0.5,""name"":""盐"",""unit"":""""},{""amount"":0.5,""name"":""胡椒"",""unit"":""""},{""amount"":0.5,""name"":""蔓越莓干"",""unit"":""""},{""amount"":2,""name"":""橙子"",""unit"":""""},{""amount"":1,""name"":""洋葱"",""unit"":""""},{""amount"":1,""name"":""第戎芥末酱"",""unit"":""""}]","[""肉"",""高蛋白"",""高含量..."",""圣诞"",""感恩节"",""猪肉""]"
189915,慢炖锅猪肉豆子,803.3,77.4,71.4,24.7,8.7,18.3,5.8,1793.8,208.1,4,dinner,"[{""amount"":6,""name"":""去骨猪里脊排"",""unit"":""""},{""amount"":1,""name"":""洋葱"",""unit"":""""},{""amount"":2,""name"":""番茄酱"",""unit"":""""},{""amount"":0.3333333333333333,""name"":""芥末"",""unit"":""""}]","[""豆类"",""肉"",""健康"",""简单"",""猪肉""]"
486755,啤酒炖丹麦肉卷,994,91.6,48.4,29.3,9.8,1.9,2.6,1125.2,331.1,1,dinner,"[{""amount"":2,""name"":""烟熏猪蹄"",""unit"":""""},{""amount"":1,""name"":""鸡蛋"",""unit"":""""},{""amount"":1.5,""name"":""盐"",""unit"":""""},{""amount"":2,""name"":""白胡椒"",""unit"":""""},{""amount"":1,""name"":""啤酒"",""unit"":""""}]","[""猪肉"",""肉"",""丹麦"",""斯堪的纳维亚"",""欧洲"",""健康"",""咸味"",""工作日夜晚"",""少于4小时"",""便宜"",""自制"",""肉糕""]"
364578,俄式/格鲁吉亚风味猪肉串,661.7,88.9,5.1,29.2,10.3,0.7,2.1,179.8,259.9,1,dinner,"[{""amount"":4,""name"":""猪肉"",""unit"":""""},{""amount"":2,""name"":""洋葱"",""unit"":""""},{""amount"":0.5,""name"":""红酒醋"",""unit"":""""},{""amount"":0.5,""name"":""石榴汁"",""unit"":""""},{""amount"":2,""name"":""蛋黄酱"",""unit"":""""}]","[""肉"",""俄语"",""欧洲"",""少于60分钟"",""简单"",""猪肉""]"
293548,芝士鸡肉西兰花焗,997,75.2,71.2,39,21.9,26,13.5,1119.5,203,4,dinner,"[{""amount"":1.5,""name"":""去骨去皮鸡胸肉"",""unit"":""""},{""amount"":4,""name"":""黄油"",""unit"":""""},{""amount"":1,""name"":""洋葱"",""unit"":""""},{""amount"":0.25,""name"":""通用面粉"",""unit"":""""},{""amount"":1,""name"":""低钠鸡汤"",""unit"":""""},{""amount"":0.5,""name"":""重奶油"",""unit"":""""},{""amount"":0.5,""name"":""干雪利酒"",""unit"":""""},{""amount"":1.5,""name"":""新鲜西兰花"",""unit"":""""},{""amount"":1.5,""name"":""帕玛森奶酪"",""unit"":""""}]","[""鸡胸肉"",""鸡肉"",""禽肉"",""蔬菜"",""肉"",""低胆固醇"",""健康"",""家常菜聚餐"",""少于60分钟"",""新手厨师"",""简单"",""一餐即食""]"
79827,慢炖锅苹果釉烤猪肩肉,759.2,87.1,33.3,29.5,10.7,4.4,26.6,179.8,245.2,6,dinner,"[{""amount"":4,""name"":""苹果"",""unit"":""""},{""amount"":6,""name"":""红糖"",""unit"":""""},{""amount"":0.25,""name"":""姜粉"",""unit"":""""}]","[""猪肉"",""苹果"",""水果"",""肉"",""高蛋白"",""高含量..."",""简单"",""一餐即食""]"
263915,野米火鸡晚餐,596.7,81,60.8,3.5,1,8.6,9.2,726.2,175.9,4,dinner,"[{""amount"":0.75,""name"":""菰米"",""unit"":""""},{""amount"":1,""name"":""洋葱"",""unit"":""""},{""amount"":1,""name"":""火鸡胸里脊"",""unit"":""""},{""amount"":2.5,""name"":""鸡汤"",""unit"":""""},{""amount"":3,""name"":""胡椒"",""unit"":""""},{""amount"":0.5,""name"":""干百里香"",""unit"":""""},{""amount"":0.5,""name"":""蔓越莓干"",""unit"":""""}]","[""火鸡胸肉"",""禽肉"",""大米"",""蔬菜"",""肉"",""简单"",""一餐即食""]"
87328,简易牙买加炖牛肉,629.9,86.9,10.1,27.9,8.2,2.5,4.7,883.5,254,4,dinner,"[{""amount"":3.5,""name"":""海盐"",""unit"":""- 4""},{""amount"":3,""name"":""辣椒粉"",""unit"":""""},{""amount"":1,""name"":""干百里香"",""unit"":""""},{""amount"":1.5,""name"":""新鲜百里香"",""unit"":""""},{""amount"":2,""name"":""蒜瓣"",""unit"":""""},{""amount"":3,""name"":""洋葱"",""unit"":""""},{""amount"":1,""name"":""番茄"",""unit"":""""},{""amount"":2,""name"":""苏格兰帽椒"",""unit"":""""}]","[""肉"",""烤牛肉""]"
260639,姜香鸡肉鹰嘴豆（摩洛哥塔吉锅）,750.6,82.1,42.1,27.1,9.1,10.7,6.9,1059.1,215.8,1,dinner,"[{""amount"":0.5,""name"":""干鹰嘴豆"",""unit"":""- 1""},{""amount"":2,""name"":""去皮鸡肉"",""unit"":""-3""},{""amount"":1,""name"":""黑胡椒"",""unit"":""""},{""amount"":0.75,""name"":""姜"",""unit"":""""},{""amount"":0.5,""name"":""盐"",""unit"":""""},{""amount"":3,""name"":""蒜瓣"",""unit"":""""},{""amount"":2,""name"":""橄榄油"",""unit"":""""},{""amount"":1,""name"":""柠檬汁"",""unit"":""""},{""amount"":2,""name"":""蒜瓣"",""unit"":""""},{""amount"":1,""name"":""姜黄"",""unit"":""""},{""amount"":1,""name"":""盐"",""unit"":""""},{""amount"":0.25,""name"":""姜"",""unit"":""""},{""amount"":0.5,""name"":""洋葱"",""unit"":""""},{""amount"":0.25,""name"":""欧芹"",""unit"":""""},{""amount"":1,""name"":""肉桂棒"",""unit"":""""},{""amount"":3,""name"":""甜黄油"",""unit"":""-4""},{""amount"":2,""name"":""玉米淀粉"",""unit"":""""}]","[""禽肉"",""豆类"",""肉"",""摩洛哥"",""非洲"",""高蛋白"",""高含量..."",""高压锅"",""少于60分钟"",""烤箱"",""炉灶顶"",""少于4小时"",""便宜"",""鸡肉""]"
78852,迪恩·拉姆齐风味炖牛肉,995.6,79.2,102.9,30.1,6.3,17.5,19.8,2057.4,150.8,6,dinner,"[{""amount"":3.5,""name"":""洋葱"",""unit"":""""},{""amount"":1,""name"":""胡萝卜"",""unit"":""""},{""amount"":5,""name"":""土豆"",""unit"":""""},{""amount"":3,""name"":""弯管通心粉"",""unit"":""-4""},{""amount"":1,""name"":""蘑菇"",""unit"":""""},{""amount"":4,""name"":""碎番茄"",""unit"":""""},{""amount"":1,""name"":""冷冻利马豆"",""unit"":""""},{""amount"":1,""name"":""水"",""unit"":""""},{""amount"":4,""name"":""大蒜粉"",""unit"":""""},{""amount"":1,""name"":""干迷迭香"",""unit"":""""},{""amount"":1,""name"":""月桂叶"",""unit"":""""},{""amount"":2,""name"":""盐"",""unit"":""""},{""amount"":1,""name"":""胡椒"",""unit"":""""},{""amount"":1,""name"":""面粉"",""unit"":""""},{""amount"":2,""name"":""特级初榨橄榄油"",""unit"":""""}]","[""一餐即食"",""肉"",""少于4小时"",""炖""]"
118952,红白芭菲（南海滩风味）,757.1,158.2,31.6,0.6,0.4,0,30.4,524,4.9,2,snack,"[{""amount"":2,""name"":""脱脂原味酸奶"",""unit"":""""},{""amount"":4,""name"":""明胶"",""unit"":""""},{""amount"":2.5,""name"":""开水"",""unit"":""""},{""amount"":8,""name"":""代糖"",""unit"":""""},{""amount"":1,""name"":""香草精"",""unit"":""""}]","[""少于4小时"",""甜点""]"
459287,纯素活力果汁,951.4,63.4,188.6,15.5,2,111.8,67.3,452.7,0,1,snack,"[{""amount"":8,""name"":""罗马生菜叶"",""unit"":""""},{""amount"":1,""name"":""欧洲防风根"",""unit"":""""},{""amount"":1,""name"":""胡萝卜"",""unit"":""""}]","[""饮料"",""绿叶蔬菜"",""蔬菜"",""低蛋白"",""纯素"",""低胆固醇"",""健康"",""少于15分钟"",""小型电器"",""简单"",""冰沙""]"
461982,百香果免烤芝士蛋糕 - 低碳水,839.3,89,46.3,35.9,15.1,5.1,39,646.8,183.5,1,snack,"[{""amount"":2,""name"":""鸡蛋"",""unit"":""""},{""amount"":5,""name"":""白糖"",""unit"":""""},{""amount"":0.3333333333333333,""name"":""白糖"",""unit"":""""},{""amount"":1,""name"":""香草精"",""unit"":""""},{""amount"":0.3333333333333333,""name"":""百香果"",""unit"":""""},{""amount"":170,""name"":""百香果果肉"",""unit"":""""},{""amount"":1,""name"":""明胶"",""unit"":""""},{""amount"":2,""name"":""奶油奶酪涂抹酱"",""unit"":""""},{""amount"":1,""name"":""白糖"",""unit"":""""},{""amount"":1,""name"":""柠檬汁"",""unit"":""""},{""amount"":80,""name"":""热水"",""unit"":""""}]","[""甜点"",""高蛋白"",""高含量..."",""少于15分钟"",""芝士蛋糕""]"
312575,无糖无脂香草冰淇淋,798.8,82.4,95,6.5,2.3,0,64.2,1196,36.3,1,snack,"[{""amount"":1,""name"":""无味明胶"",""unit"":""""},{""amount"":2.25,""name"":""脱脂牛奶"",""unit"":""""},{""amount"":1,""name"":""鸡蛋替代品"",""unit"":""""},{""amount"":0.5,""name"":""香草"",""unit"":""""},{""amount"":2,""name"":""三氯蔗糖颗粒"",""unit"":""""}]","[""甜点"",""少于30分钟"",""冷冻甜点""]"
5314,速溶卡布奇诺混合粉,810.6,70.8,127,1.6,1,0,122,1031.6,38.4,1,snack,"[{""amount"":1,""name"":""速溶咖啡"",""unit"":""""},{""amount"":1,""name"":""糖粉"",""unit"":""""}]","[""少于15分钟"",""简单"",""饮料""]"
301776,自制棉花糖,464.8,63.9,55.6,0.1,0.1,0.1,36.4,190.7,0,1,snack,"[{""amount"":0.25,""name"":""玉米淀粉"",""unit"":""""},{""amount"":0.3333333333333333,""name"":""糖粉"",""unit"":""""},{""amount"":2,""name"":""无味明胶"",""unit"":""""},{""amount"":0.3333333333333333,""name"":""水"",""unit"":""""},{""amount"":0.6666666666666666,""name"":""细砂糖"",""unit"":""""},{""amount"":0.5,""name"":""淡玉米糖浆"",""unit"":""""},{""amount"":1,""name"":""盐"",""unit"":""""},{""amount"":1,""name"":""香草精"",""unit"":""""}]","[""甜点"",""少于30分钟"",""明胶""]"
534925,姜梨冰沙（消炎饮品）,991.7,31.8,72.8,71.2,6.3,49.5,15.5,52.3,0,2,snack,"[{""amount"":1,""name"":""香蕉"",""unit"":""""},{""amount"":0.5,""name"":""梨"",""unit"":""""},{""amount"":2,""name"":""亚麻籽"",""unit"":""""},{""amount"":1,""name"":""姜"",""unit"":""""}]","[""饮料"",""少于15分钟"",""简单"",""冰沙""]"
147141,卡鲁瓦摩卡,873.3,63,154.5,3.5,2.1,5.3,144.9,893.3,33,4,snack,"[{""amount"":1,""name"":""速溶咖啡颗粒"",""unit"":""""},{""amount"":1,""name"":""速溶咖啡颗粒"",""unit"":""""},{""amount"":3.25,""name"":""水"",""unit"":""""},{""amount"":4,""name"":""甘露咖啡力娇酒"",""unit"":""""},{""amount"":5.5,""name"":""白糖"",""unit"":""""},{""amount"":1,""name"":""白糖"",""unit"":""""}]","[""低胆固醇"",""健康"",""高含量..."",""少于15分钟"",""饮料""]"
87594,节日彩虹星形模具,241.5,60.3,0.5,0.4,0.3,0,0.5,144,1.5,8,snack,"[{""amount"":2,""name"":""明胶粉"",""unit"":""""},{""amount"":2.5,""name"":""开水"",""unit"":""""},{""amount"":6,""name"":""原味酸奶"",""unit"":""""}]","[""甜点"",""加拿大"",""极低碳水化合物"",""低胆固醇"",""高蛋白"",""健康"",""高含量..."",""圣诞"",""少于15分钟"",""简单"",""便宜"",""明胶""]"
340660,红酒香料热饮酒混合料,622,21.5,136.9,13.4,1.4,56,0,55.8,0,1,snack,"[{""amount"":1,""name"":""水"",""unit"":""""},{""amount"":1,""name"":""鲜姜"",""unit"":""-2""},{""amount"":2,""name"":""肉桂棒"",""unit"":""""},{""amount"":40,""name"":""丁香"",""unit"":""""},{""amount"":2,""name"":""豆蔻籽"",""unit"":""""}]","[""斯堪的纳维亚"",""欧洲"",""冬季"",""圣诞"",""少于4小时"",""简单"",""饮料""]"
509501,蔓越莓冻芝士蛋糕,624.8,63.1,32.6,28.5,16.7,0.9,25.1,351.1,90.2,10,snack,"[{""amount"":1.5,""name"":""全麦饼干碎"",""unit"":""""},{""amount"":2,""name"":""白糖"",""unit"":""""},{""amount"":2,""name"":""黄油"",""unit"":""""},{""amount"":0.3333333333333333,""name"":""无味明胶"",""unit"":""""},{""amount"":1,""name"":""奶油奶酪"",""unit"":""""},{""amount"":0.25,""name"":""整粒蔓越莓酱"",""unit"":""""},{""amount"":1,""name"":""重奶油"",""unit"":""""}]","[""甜点"",""少于60分钟"",""馅饼""]"
148213,轻松三层布丁,517.7,59.1,59.1,6.9,6.1,1.7,54.6,417.7,0,8,snack,"[{""amount"":1,""name"":""蛋奶糊"",""unit"":""""},{""amount"":1,""name"":""椰子"",""unit"":""""},{""amount"":1,""name"":""明胶"",""unit"":""""},{""amount"":1,""name"":""红色吉利丁"",""unit"":""""}]","[""简单"",""甜点""]"
417738,高蛋白低碳冰淇淋,479,54.7,20.2,20.4,12.8,3.7,2.5,1703.9,63,1,snack,"[{""amount"":1,""name"":""白软干酪"",""unit"":""""},{""amount"":2,""name"":""瑞可塔奶酪"",""unit"":""""},{""amount"":0.5,""name"":""柠檬汁"",""unit"":""""},{""amount"":4,""name"":""人造甜味剂"",""unit"":""""},{""amount"":1,""name"":""白软干酪"",""unit"":""""},{""amount"":0.5,""name"":""瑞可塔奶酪"",""unit"":""""},{""amount"":0.25,""name"":""纯香草精"",""unit"":""""},{""amount"":2,""name"":""可可粉"",""unit"":""""},{""amount"":0.25,""name"":""淡椰浆"",""unit"":""""},{""amount"":4,""name"":""人造甜味剂"",""unit"":""""}]","[""甜点"",""不含..."",""少于30分钟"",""简单"",""冷冻甜点""]"
155676,低糖甜炼乳替代品,955,59.7,174,1.2,0.8,0,156.8,889.5,32,1,snack,"[{""amount"":1.3333333333333333,""name"":""水"",""unit"":""""},{""amount"":0.5,""name"":""深色玉米糖浆"",""unit"":""""},{""amount"":1,""name"":""香草"",""unit"":""-2""},{""amount"":1,""name"":""代糖"",""unit"":""""}]","[""低胆固醇"",""高蛋白"",""健康"",""高含量..."",""甜味"",""少于4小时"",""简单"",""便宜"",""甜点""]"
483384,印度奶茶,517.7,25.8,100.2,11.6,1.6,38.9,0.2,194.6,4.9,1,snack,"[{""amount"":2,""name"":""茴香籽"",""unit"":""""},{""amount"":1,""name"":""豆蔻籽"",""unit"":""""},{""amount"":1,""name"":""葫芦巴籽"",""unit"":""""},{""amount"":1,""name"":""整粒丁香"",""unit"":""""},{""amount"":2,""name"":""肉桂棒"",""unit"":""""},{""amount"":2,""name"":""甜叶菊"",""unit"":""""},{""amount"":1,""name"":""柴茶混合料"",""unit"":""""},{""amount"":0.5,""name"":""水"",""unit"":""""},{""amount"":2,""name"":""豆奶"",""unit"":""""},{""amount"":0.25,""name"":""肉豆蔻"",""unit"":""""}]","[""印度"",""纯素"",""辣味"",""工作日夜晚"",""少于30分钟"",""小型电器"",""简单"",""自制"",""饮料""]"
502553,烧烤小熊包,651.1,53.9,46.7,27.7,10.3,5,25.4,1086.5,198.7,1,snack,"[{""amount"":24,""name"":""鸡蛋"",""unit"":""""},{""amount"":1,""name"":""汉堡"",""unit"":""""},{""amount"":2,""name"":""烧烤酱"",""unit"":""""}]","[""甜点"",""工作日夜晚"",""少于60分钟"",""面包""]"
363820,奶油菠萝甜点,350.1,51.9,15.8,9.9,5.4,0.8,14,153.2,132.9,4,snack,"[{""amount"":1,""name"":""碎菠萝"",""unit"":""""},{""amount"":1,""name"":""明胶"",""unit"":""""},{""amount"":2,""name"":""鸡蛋"",""unit"":""""},{""amount"":0.3333333333333333,""name"":""菠萝"",""unit"":""""},{""amount"":0,""name"":""薄荷"",""unit"":""""},{""amount"":0,""name"":""柠檬叶"",""unit"":""""}]","[""菠萝"",""热带水果"",""水果"",""极低碳水化合物"",""健康"",""甜点""]"
339652,菠萝南瓜派,330.7,50.6,24.8,4.1,0.8,1.1,14.6,226.1,0.6,8,snack,"[{""amount"":2,""name"":""无味明胶"",""unit"":""""},{""amount"":3,""name"":""水"",""unit"":""""},{""amount"":0.25,""name"":""水"",""unit"":""""},{""amount"":1,""name"":""南瓜泥"",""unit"":""""},{""amount"":1,""name"":""白糖"",""unit"":""""},{""amount"":2,""name"":""脱脂牛奶"",""unit"":""""},{""amount"":1,""name"":""肉桂"",""unit"":""""},{""amount"":1.5,""name"":""姜"",""unit"":""""},{""amount"":0.25,""name"":""丁香粉"",""unit"":""""},{""amount"":0.125,""name"":""香草"",""unit"":""""},{""amount"":2,""name"":""全麦饼干碎"",""unit"":""""},{""amount"":1,""name"":""人造黄油"",""unit"":""""},{""amount"":2,""name"":""白糖"",""unit"":""""}]","[""甜点"",""感恩节"",""少于30分钟"",""简单"",""馅饼""]"
302557,肯伍德酒庄冷柠檬舒芙蕾,564.4,55.3,30.3,26.2,15.2,0.3,26.2,195,270.3,4,snack,"[{""amount"":8,""name"":""明胶"",""unit"":""""},{""amount"":2,""name"":""冷水"",""unit"":""""},{""amount"":0.5,""name"":""柠檬汁"",""unit"":""""},{""amount"":1,""name"":""柠檬皮屑"",""unit"":""""},{""amount"":4,""name"":""白糖"",""unit"":""""},{""amount"":0.25,""name"":""白糖"",""unit"":""""}]","[""柠檬"",""柑橘"",""水果"",""高蛋白"",""高含量..."",""甜味"",""少于4小时"",""甜点""]"
381279,芒果雪葩,605.6,49.4,113,0.9,0.2,4.7,61,460.1,0,1,snack,"[{""amount"":2,""name"":""芒果"",""unit"":""""},{""amount"":1,""name"":""无味明胶"",""unit"":""""},{""amount"":0.5,""name"":""水"",""unit"":""""},{""amount"":0.5,""name"":""淡玉米糖浆"",""unit"":""""},{""amount"":0.5,""name"":""柠檬汁"",""unit"":""""},{""amount"":0.25,""name"":""盐"",""unit"":""""}]","[""甜点"",""芒果"",""热带水果"",""水果"",""波多黎各"",""加勒比"",""冷冻甜点""]"
530373,摩洛哥风味冬季蔬菜炖锅,847.8,29.6,147.8,21.5,2.8,34,41.6,497.1,0,4,snack,"[{""amount"":1,""name"":""干鹰嘴豆"",""unit"":""""},{""amount"":0.25,""name"":""特级初榨橄榄油"",""unit"":""""},{""amount"":5,""name"":""蒜瓣"",""unit"":""""},{""amount"":2,""name"":""韭葱"",""unit"":""""},{""amount"":1,""name"":""洋葱"",""unit"":""""},{""amount"":1,""name"":""盐"",""unit"":""""},{""amount"":1,""name"":""胡萝卜"",""unit"":""""},{""amount"":6,""name"":""椰枣"",""unit"":""""},{""amount"":8,""name"":""罐装番茄"",""unit"":""""}]","[""低胆固醇"",""健康"",""少于15分钟"",""简单"",""饮料""]"
360089,魔法奶昔（无需冰淇淋！）,877.8,44.5,141.2,22.8,6.5,15,117.1,530.5,123.8,2,snack,"[{""amount"":1.5,""name"":""白糖"",""unit"":""- 2""},{""amount"":1.5,""name"":""香草"",""unit"":""""},{""amount"":0.6666666666666666,""name"":""新鲜草莓"",""unit"":""""},{""amount"":1,""name"":""速溶咖啡"",""unit"":""""},{""amount"":2,""name"":""花生酱"",""unit"":""""},{""amount"":0.25,""name"":""香草"",""unit"":""""},{""amount"":0.5,""name"":""鸡蛋"",""unit"":""""},{""amount"":0.25,""name"":""新鲜菠菜"",""unit"":""""}]","[""甜点"",""草莓"",""浆果"",""水果"",""低胆固醇"",""适合幼儿"",""健康"",""适合儿童"",""夏季"",""少于15分钟"",""免煮"",""新手厨师"",""简单"",""便宜"",""冷冻甜点""]"
308151,香蕉奶昔,596.1,39.8,73.5,17,2.1,16.1,20.4,475.7,0,1,snack,"[{""amount"":3,""name"":""香草"",""unit"":""""},{""amount"":1.5,""name"":""肉桂"",""unit"":""""},{""amount"":3.5,""name"":""豆奶"",""unit"":""""},{""amount"":1,""name"":""香蕉"",""unit"":""""}]","[""饮料"",""低胆固醇"",""健康"",""少于15分钟"",""简单"",""奶昔""]"
188082,鲜蔬汁 - V8双倍,439,26.7,92.9,4.4,0.7,30.7,40.3,436,0,1,snack,"[{""amount"":5,""name"":""番茄"",""unit"":""""},{""amount"":1,""name"":""黄瓜"",""unit"":""""},{""amount"":2,""name"":""芹菜茎"",""unit"":""-4""},{""amount"":2,""name"":""胡萝卜"",""unit"":""""},{""amount"":0.25,""name"":""姜根"",""unit"":""- 1/2""},{""amount"":1,""name"":""西兰花"",""unit"":""""},{""amount"":0.5,""name"":""海盐"",""unit"":""""},{""amount"":0,""name"":""青柠"",""unit"":""""},{""amount"":0,""name"":""柠檬"",""unit"":""""}]","[""少于15分钟"",""饮料""]"
45431,鲜莓果冻,346.6,29.8,58.8,2.8,0.1,25,28.2,69.7,0,1,snack,"[{""amount"":250,""name"":""白糖"",""unit"":""""},{""amount"":375,""name"":""水"",""unit"":""""},{""amount"":250,""name"":""草莓"",""unit"":""""},{""amount"":250,""name"":""覆盆子"",""unit"":""""},{""amount"":60,""name"":""明胶"",""unit"":""""},{""amount"":45,""name"":""热水"",""unit"":""""}]","[""甜点"",""水果"",""低蛋白"",""低胆固醇"",""健康"",""适合儿童"",""家常菜聚餐"",""圣诞"",""少于15分钟"",""冷藏"",""炉灶顶"",""简单"",""果冻""]"
169369,吉利丁手指饼干,187.6,47.9,0,0.1,0,0,0,110.5,0,1,snack,"[{""amount"":4,""name"":""明胶"",""unit"":""""},{""amount"":1.5,""name"":""开水"",""unit"":""""},{""amount"":0.5,""name"":""冷水"",""unit"":""""}]","[""甜点"",""少于30分钟"",""简单"",""明胶""]"
15145,小熊软糖,488,48.6,76.9,0.1,0,0,73.1,495.7,0,1,snack,"[{""amount"":1,""name"":""果冻明胶"",""unit"":""""},{""amount"":7,""name"":""无味明胶"",""unit"":""""},{""amount"":0.5,""name"":""水"",""unit"":""""}]","[""甜点"",""极低碳水化合物"",""低蛋白"",""低胆固醇"",""适合幼儿"",""健康"",""适合儿童"",""少于30分钟"",""炉灶顶"",""简单"",""糖果""]"
255704,厨房公主彩虹果冻,179.9,44.9,1.1,0.1,0,0,1.1,102.9,0,8,snack,"[{""amount"":1,""name"":""明胶"",""unit"":""""},{""amount"":5,""name"":""细砂糖"",""unit"":""""}]","[""甜点"",""少于4小时"",""简单"",""明胶""]"
417632,百分百健康美味香料蛋糕（低卡路里）,713.9,31.6,125.1,14.9,3.3,23,27.4,750.4,211.5,1,snack,"[{""amount"":0.5,""name"":""鸡蛋"",""unit"":""""},{""amount"":4,""name"":""香蕉"",""unit"":""""},{""amount"":1,""name"":""核桃"",""unit"":""""},{""amount"":2,""name"":""泡打粉"",""unit"":""""},{""amount"":1,""name"":""肉桂粉"",""unit"":""""},{""amount"":1,""name"":""肉豆蔻粉"",""unit"":""""},{""amount"":1,""name"":""肉桂"",""unit"":""""}]","[""谷物"",""玉米"",""蔬菜"",""健康"",""少于30分钟"",""甜点""]"
471432,绿汁（榨汁机版）,337.5,18.4,72.3,4.4,0.6,32.6,32.7,171.3,0,2,snack,"[{""amount"":2,""name"":""黄瓜"",""unit"":""""},{""amount"":4,""name"":""羽衣甘蓝"",""unit"":""-5""},{""amount"":4,""name"":""罗马生菜叶"",""unit"":""-5""},{""amount"":4,""name"":""芹菜"",""unit"":""""},{""amount"":1,""name"":""西兰花茎"",""unit"":""-2""},{""amount"":1,""name"":""梨"",""unit"":""-2""},{""amount"":1,""name"":""姜"",""unit"":""""}]","[""梨"",""绿叶蔬菜"",""水果"",""蔬菜"",""纯素"",""少于15分钟"",""简单"",""饮料""]"
531190,薄荷柠檬乳清干酪馅,677.8,43.9,21.8,46.9,29.6,8.3,1.4,334.3,180.7,1,snack,"[{""amount"":12,""name"":""瑞可塔奶酪"",""unit"":""""},{""amount"":1.6666666666666665,""name"":""柠檬汁"",""unit"":""""},{""amount"":0.5,""name"":""香草精"",""unit"":""""},{""amount"":1.3333333333333333,""name"":""薄荷"",""unit"":""""}]","[""高含量..."",""少于30分钟"",""简单"",""甜点""]"
413354,布丁,698.1,44.2,129.2,1.5,0.9,1.5,112.4,645.5,24,4,snack,"[{""amount"":4,""name"":""白糖"",""unit"":""""},{""amount"":1,""name"":""玉米淀粉"",""unit"":""""},{""amount"":0.5,""name"":""香草"",""unit"":""""},{""amount"":3,""name"":""水"",""unit"":""""}]","[""低胆固醇"",""高蛋白"",""健康"",""高含量..."",""少于15分钟"",""新手厨师"",""简单"",""便宜"",""甜点""]"
530174,巧克力藜麦蛋糕,818.9,37.6,112.1,29.6,11,13.6,58.7,361.7,930,1,snack,"[{""amount"":1,""name"":""可可粉"",""unit"":""""},{""amount"":2,""name"":""香蕉"",""unit"":""""},{""amount"":3,""name"":""鸡蛋"",""unit"":""""},{""amount"":4,""name"":""香草"",""unit"":""""},{""amount"":5,""name"":""蜂蜜"",""unit"":""""},{""amount"":6,""name"":""黑巧克力"",""unit"":""""},{""amount"":7,""name"":""可可粉"",""unit"":""""}]","[""谷物"",""不含..."",""少于15分钟"",""简单"",""甜点""]"
501178,蒜香鸡腿配茄子烤红椒塔,707.9,40.8,23.8,51.6,14.4,8.3,12.3,1185,117.5,1,snack,"[{""amount"":0.5,""name"":""橄榄油"",""unit"":""""},{""amount"":2,""name"":""蒜瓣"",""unit"":""-4""},{""amount"":30,""name"":""番茄丁"",""unit"":""""},{""amount"":4,""name"":""番茄膏"",""unit"":""""},{""amount"":4,""name"":""黑橄榄"",""unit"":""""},{""amount"":1,""name"":""蜂蜜"",""unit"":""""},{""amount"":1,""name"":""干牛至"",""unit"":""""},{""amount"":1,""name"":""干欧芹"",""unit"":""""},{""amount"":8,""name"":""罗勒叶"",""unit"":""""},{""amount"":0.25,""name"":""红辣椒碎"",""unit"":""""},{""amount"":1,""name"":""黑胡椒"",""unit"":""""},{""amount"":1,""name"":""盐"",""unit"":""""},{""amount"":6,""name"":""茄子"",""unit"":""""},{""amount"":8,""name"":""鸡胸肉"",""unit"":""""},{""amount"":0,""name"":""鸡胸肉"",""unit"":""""},{""amount"":0,""name"":""新鲜马苏里拉奶酪"",""unit"":""""},{""amount"":0,""name"":""帕玛森奶酪"",""unit"":""""}]","[""欧洲"",""少于4小时"",""甜点""]"
235260,斯堪的纳维亚朗姆布丁,810.9,49.9,31.6,52.7,30.5,0,25.8,258.6,478,4,snack,"[{""amount"":2,""name"":""无味明胶"",""unit"":""""},{""amount"":0.5,""name"":""冷水"",""unit"":""""},{""amount"":6,""name"":""鸡蛋"",""unit"":""""},{""amount"":0.5,""name"":""白糖"",""unit"":""""},{""amount"":2,""name"":""牛奶"",""unit"":""""},{""amount"":3,""name"":""朗姆酒"",""unit"":""""},{""amount"":1,""name"":""重奶油"",""unit"":""""}]","[""斯堪的纳维亚"",""欧洲"",""少于4小时"",""简单"",""甜点""]"
448536,无糖热可可粉,428,36.1,73.8,4,2.4,8.2,56,1882.8,17.1,1,snack,"[{""amount"":24,""name"":""等量代糖"",""unit"":""""},{""amount"":0.5,""name"":""可可粉"",""unit"":""""},{""amount"":1.25,""name"":""食盐"",""unit"":""""},{""amount"":1,""name"":""玉米淀粉"",""unit"":""""},{""amount"":2,""name"":""小苏打"",""unit"":""""},{""amount"":0.125,""name"":""辣椒粉"",""unit"":""""},{""amount"":1,""name"":""肉桂粉"",""unit"":""""}]","[""低胆固醇"",""高蛋白"",""健康"",""犹太洁食"",""高含量..."",""少于15分钟"",""新手厨师"",""简单"",""便宜"",""饮料""]"
235051,完美鲜虾鸡尾酒（无辣根）,290.6,35.5,25.9,7.6,1.3,6.5,9.8,695.2,308.9,1,snack,"[{""amount"":9,""name"":""黄瓜"",""unit"":""""},{""amount"":0.25,""name"":""牛油果"",""unit"":""""},{""amount"":0.25,""name"":""青柠"",""unit"":""""},{""amount"":2,""name"":""葱"",""unit"":""""},{""amount"":1,""name"":""番茄酱"",""unit"":""""},{""amount"":2,""name"":""塔巴斯科辣椒酱"",""unit"":""""}]","[""少于15分钟"",""甜点""]"
366855,樱桃胡椒博士沙拉,989.9,38.5,132.9,40.9,3.6,11.3,65.1,149.4,0,1,snack,"[{""amount"":1,""name"":""鲜榨柠檬汁"",""unit"":""""},{""amount"":1,""name"":""山核桃"",""unit"":""""}]","[""甜点"",""水果"",""低胆固醇"",""健康"",""少于4小时"",""酱料""]"
282520,低糖焦糖摩卡慕斯,294.4,38.5,25.7,3,2.4,1.2,21.5,165,3.2,1,snack,"[{""amount"":0.25,""name"":""香草精"",""unit"":""""},{""amount"":1,""name"":""可可粉"",""unit"":""""},{""amount"":1,""name"":""脱脂牛奶"",""unit"":""""},{""amount"":0.25,""name"":""无味明胶"",""unit"":""""},{""amount"":2,""name"":""白糖"",""unit"":""""},{""amount"":0.5,""name"":""脱脂乳清干酪"",""unit"":""""},{""amount"":1,""name"":""可可粉"",""unit"":""""}]","[""少于4小时"",""甜点""]"
322224,橙子朱利叶斯蛋白奶昔,729.9,42.4,133.4,2.4,1.3,1.7,97.5,544.3,16.8,1,snack,"[{""amount"":2,""name"":""脱脂原味酸奶"",""unit"":""""},{""amount"":8,""name"":""脱脂牛奶"",""unit"":""""},{""amount"":6,""name"":""香草精"",""unit"":""""}]","[""饮料"",""少于15分钟"",""简单"",""奶昔""]"
189267,无皮南瓜派,333.1,27.4,57,2.8,1.5,16.2,16.6,1359.6,4.9,1,snack,"[{""amount"":0.5,""name"":""无味明胶"",""unit"":""""},{""amount"":0.5,""name"":""冷水"",""unit"":""""},{""amount"":2,""name"":""罐装南瓜泥"",""unit"":""""},{""amount"":1,""name"":""脱脂牛奶"",""unit"":""""},{""amount"":10,""name"":""人造甜味剂"",""unit"":""""},{""amount"":1,""name"":""肉桂"",""unit"":""""},{""amount"":0.5,""name"":""肉豆蔻"",""unit"":""""},{""amount"":0.5,""name"":""丁香"",""unit"":""""},{""amount"":0.5,""name"":""姜粉"",""unit"":""""}]","[""甜点"",""无蛋"",""不含..."",""圣诞"",""感恩节"",""少于60分钟"",""简单"",""馅饼""]"
35945,培养酪乳,895.3,49,71.4,46.6,29.2,0,71.4,788.3,170.4,1,snack,"[{""amount"":1.3333333333333333,""name"":""奶粉"",""unit"":""""},{""amount"":3.75,""name"":""水"",""unit"":""""},{""amount"":0.5,""name"":""白脱牛奶"",""unit"":""""}]","[""少于15分钟"",""免煮"",""简单"",""便宜"",""饮料""]"
423623,洛米茶,559.8,10.4,192.4,2.6,0.3,40.6,99.9,100.7,0,1,snack,"[{""amount"":8,""name"":""柠檬"",""unit"":""""},{""amount"":0.5,""name"":""白糖"",""unit"":""""},{""amount"":1,""name"":""水"",""unit"":""""}]","[""非洲"",""低蛋白"",""低胆固醇"",""健康"",""少于60分钟"",""简单"",""饮料""]"
138134,梨酱,957,6.3,255.1,2,0.1,51.1,161.7,16.5,0,1,snack,"[{""amount"":10,""name"":""梨"",""unit"":""""},{""amount"":0,""name"":""肉桂"",""unit"":""""}]","[""甜点"",""梨"",""水果"",""低蛋白"",""低胆固醇"",""健康"",""适合儿童"",""微波"",""少于60分钟"",""新手厨师"",""简单"",""便宜"",""酱料""]"
175512,豆腐浆果芝士蛋糕,315.5,33,45.9,3.2,0.7,7,19.9,361.6,1.6,6,snack,"[{""amount"":0.25,""name"":""低脂人造黄油"",""unit"":""""},{""amount"":2,""name"":""豆腐"",""unit"":""""},{""amount"":6,""name"":""脱脂原味酸奶"",""unit"":""""},{""amount"":1.25,""name"":""明胶粉"",""unit"":""""},{""amount"":1,""name"":""浆果"",""unit"":""""},{""amount"":1,""name"":""冷冻混合莓果"",""unit"":""""},{""amount"":4,""name"":""红醋栗果冻"",""unit"":""""}]","[""甜点"",""大豆/豆腐"",""浆果"",""豆类"",""水果"",""甜味"",""少于60分钟"",""新手厨师"",""简单"",""芝士蛋糕""]"
230445,德州墨西哥风味汉堡配卡真蛋黄酱,620.6,42,32,35.4,13.4,1.7,6.4,681.9,130.8,4,snack,"[{""amount"":0.5,""name"":""蛋黄酱"",""unit"":""""},{""amount"":1,""name"":""蒜瓣"",""unit"":""""},{""amount"":1.3333333333333333,""name"":""伍斯特酱"",""unit"":""""},{""amount"":1,""name"":""蒙特利杰克胡椒奶酪"",""unit"":""""},{""amount"":0.5,""name"":""生菜"",""unit"":""""},{""amount"":1,""name"":""番茄"",""unit"":""""}]","[""奶酪"",""卡真"",""少于30分钟"",""简单"",""甜点""]"
37737,猫薄荷金枪鱼猫咪零食,614.3,36.2,75.1,20.1,3.8,7.3,31.8,395.2,223.5,1,snack,"[{""amount"":0.5,""name"":""全麦面粉"",""unit"":""""},{""amount"":0.5,""name"":""金枪鱼"",""unit"":""""},{""amount"":0.5,""name"":""鸡蛋"",""unit"":""""},{""amount"":1,""name"":""水"",""unit"":""""}]","[""甜点"",""金枪鱼"",""少于30分钟"",""烤箱"",""芝士蛋糕""]"
129321,花生酱香蕉蛋白奶昔,953,40.9,103.3,46.5,18.9,8.1,49.8,554.2,498.2,2,snack,"[{""amount"":4,""name"":""香蕉"",""unit"":""""},{""amount"":4,""name"":""花生酱"",""unit"":""""},{""amount"":4,""name"":""牛奶"",""unit"":""""},{""amount"":2,""name"":""蜂蜜"",""unit"":""""},{""amount"":3,""name"":""淡奶"",""unit"":""""},{""amount"":4,""name"":""鸡蛋"",""unit"":""""}]","[""饮料"",""热带水果"",""水果"",""坚果"",""少于15分钟"",""简单"",""奶昔""]"
373247,巴巴多斯菠萝派,484.8,37.3,81.9,2.6,1.5,3.3,71.8,1596.4,27.2,1,snack,"[{""amount"":1,""name"":""菠萝块"",""unit"":""""},{""amount"":8,""name"":""无味明胶"",""unit"":""""},{""amount"":0,""name"":""脱脂奶油奶酪"",""unit"":""""},{""amount"":0,""name"":""全麦饼干碎底"",""unit"":""""}]","[""甜点"",""菠萝"",""奶酪"",""热带水果"",""水果"",""加勒比"",""纯素"",""低胆固醇"",""健康"",""甜味"",""少于15分钟"",""简单"",""便宜"",""馅饼""]"
359650,树皮烧烤狗骨头,759.7,27.2,142,13.6,2.4,20.1,20.3,458.4,84.6,1,snack,"[{""amount"":2.5,""name"":""全麦面粉"",""unit"":""""},{""amount"":0.5,""name"":""玉米面"",""unit"":""""},{""amount"":0.5,""name"":""小麦胚芽"",""unit"":""""},{""amount"":0.5,""name"":""烧烤酱"",""unit"":""""},{""amount"":2,""name"":""红糖"",""unit"":""""},{""amount"":1,""name"":""蜂蜜"",""unit"":""""},{""amount"":3,""name"":""鸡蛋"",""unit"":""""},{""amount"":1,""name"":""水"",""unit"":""""}]","[""曲奇与布朗尼"",""少于60分钟"",""甜点""]"
442755,橙花啫喱,165.6,37.4,1.9,1.4,0.9,0,1.9,102.3,5.3,2,snack,"[{""amount"":3,""name"":""明胶"",""unit"":""""},{""amount"":0.5,""name"":""开水"",""unit"":""""},{""amount"":0.3333333333333333,""name"":""酸奶"",""unit"":""""}]","[""甜点"",""极低碳水化合物"",""低胆固醇"",""高蛋白"",""适合幼儿"",""健康"",""适合儿童"",""高含量..."",""甜味"",""少于15分钟"",""简单"",""便宜"",""明胶""]"
357694,简易橙子沙拉/甜点,633.1,39.4,78.4,19.4,11.9,3.3,55.1,1171.6,65.3,1,snack,"[{""amount"":16,""name"":""低脂白软干酪"",""unit"":""""},{""amount"":3,""name"":""开水"",""unit"":""""},{""amount"":1,""name"":""冷水"",""unit"":""""},{""amount"":0.5,""name"":""低脂酸奶油"",""unit"":""""},{""amount"":1,""name"":""橘子"",""unit"":""""},{""amount"":1,""name"":""香蕉"",""unit"":""""}]","[""甜点"",""橙子"",""柑橘"",""水果"",""低胆固醇"",""健康"",""适合儿童"",""甜味"",""少于4小时"",""简单"",""便宜"",""明胶""]"
333954,怪物斯普弗风味奶昔,501,23.3,94.1,9.8,1.4,20.3,60.7,286.8,0,1,snack,"[{""amount"":1,""name"":""冷冻菠菜"",""unit"":""""},{""amount"":1,""name"":""无糖豆浆"",""unit"":""""},{""amount"":1,""name"":""枫糖浆"",""unit"":""""},{""amount"":1,""name"":""亚麻籽粉"",""unit"":""""},{""amount"":1,""name"":""冷冻草莓"",""unit"":""""},{""amount"":1,""name"":""混合浆果"",""unit"":""""}]","[""饮料"",""浆果"",""水果"",""蔬菜"",""低蛋白"",""低胆固醇"",""健康"",""少于15分钟"",""简单"",""冰沙""]"
318950,托戈果汁,605.9,19.8,113.5,16.6,1.6,26.3,66.8,203.8,0,1,snack,"[{""amount"":1,""name"":""橙子"",""unit"":""""},{""amount"":1,""name"":""苹果"",""unit"":""""},{""amount"":1,""name"":""西兰花"",""unit"":""""},{""amount"":0.5,""name"":""冷冻蓝莓"",""unit"":""""},{""amount"":0.5,""name"":""香蕉"",""unit"":""""},{""amount"":1,""name"":""亚麻籽油"",""unit"":""""}]","[""饮料"",""水果"",""低蛋白"",""纯素"",""低胆固醇"",""健康"",""少于15分钟"",""免煮"",""新手厨师"",""简单"",""冰沙""]"
133848,轻盈柠檬奶油芝士派,265,36,25.8,2.6,1.5,0.4,15.5,1593.5,27.2,1,snack,"[{""amount"":1,""name"":""低脂全麦饼干饼底"",""unit"":""""},{""amount"":1,""name"":""脱脂奶油奶酪"",""unit"":""""},{""amount"":1,""name"":""柠檬汁"",""unit"":""""},{""amount"":0.5,""name"":""脱脂清凉奶油"",""unit"":""""}]","[""少于15分钟"",""简单"",""甜点""]"
421289,难以置信的低卡奶昔,937.2,30.4,72.4,80.1,46.9,24.9,23.2,222.2,19.5,1,snack,"[{""amount"":0.5,""name"":""香蕉"",""unit"":""""},{""amount"":150,""name"":""咖啡"",""unit"":""""},{""amount"":1,""name"":""花生酱"",""unit"":""""},{""amount"":1,""name"":""黑巧克力"",""unit"":""""},{""amount"":150,""name"":""香草酸奶"",""unit"":""""},{""amount"":0.75,""name"":""豆奶"",""unit"":""""}]","[""奶昔"",""饮料"",""甜点"",""冷冻甜点""]"
84454,枫糖果冻,405.8,36.6,67.5,0.2,0.1,0,59.9,92.8,0,4,snack,"[{""amount"":1.5,""name"":""明胶"",""unit"":""""},{""amount"":1.25,""name"":""枫糖浆"",""unit"":""""}]","[""甜点"",""加拿大"",""少于4小时"",""简单"",""明胶""]"
82849,梦幻派,698.1,40.9,54.9,34.5,24.3,3.2,51.7,741.5,14.7,1,snack,"[{""amount"":1,""name"":""椰蓉"",""unit"":""""},{""amount"":15.25,""name"":""菠萝碎（含汁）"",""unit"":""""},{""amount"":1,""name"":""鸡蛋替代品"",""unit"":""""},{""amount"":6,""name"":""等量代糖"",""unit"":""""},{""amount"":1,""name"":""脱脂牛奶"",""unit"":""""},{""amount"":1,""name"":""香草精"",""unit"":""""},{""amount"":0.5,""name"":""Bisquick低脂烘焙混合粉"",""unit"":""""}]","[""甜点"",""少于60分钟"",""馅饼""]"
425287,德式圣诞果脯面包（素食）,799.1,16.9,128.8,29.8,4.7,32.1,23.9,352.1,0,8,snack,"[{""amount"":50,""name"":""鲜酵母"",""unit"":""""},{""amount"":100,""name"":""浅红糖"",""unit"":""""},{""amount"":250,""name"":""豆奶"",""unit"":""""},{""amount"":4.25,""name"":""全麦面粉"",""unit"":""""},{""amount"":1,""name"":""肉豆蔻粉"",""unit"":""""},{""amount"":1,""name"":""丁香粉"",""unit"":""""},{""amount"":1,""name"":""盐"",""unit"":""""},{""amount"":1,""name"":""香草精"",""unit"":""""},{""amount"":1,""name"":""人造黄油"",""unit"":""""},{""amount"":1,""name"":""葡萄干"",""unit"":""""},{""amount"":0.5,""name"":""红醋栗"",""unit"":""""},{""amount"":1,""name"":""杏仁膏"",""unit"":""""},{""amount"":0.75,""name"":""橄榄油"",""unit"":""""},{""amount"":1,""name"":""糖粉"",""unit"":""""}]","[""德语"",""欧洲"",""纯素"",""圣诞"",""少于4小时"",""甜点""]"
484154,安乔辣椒肉桂松露,983.1,25.1,63.5,98.5,60.8,34.6,2,304.9,122.3,1,snack,"[{""amount"":2,""name"":""安乔辣椒"",""unit"":""""},{""amount"":2,""name"":""肉桂粉"",""unit"":""""},{""amount"":2,""name"":""辣椒粉"",""unit"":""""},{""amount"":3,""name"":""重奶油"",""unit"":""""},{""amount"":1,""name"":""犹太盐"",""unit"":""""},{""amount"":2,""name"":""巧克力"",""unit"":""""},{""amount"":4,""name"":""可可粉"",""unit"":""""},{""amount"":1,""name"":""辣椒粉"",""unit"":""""}]","[""甜点"",""墨西哥"",""少于4小时"",""糖果""]"
378302,杏姜鸡配红薯煎饼,376.9,34.2,40,7.3,2.9,2.7,20.4,158.7,179.7,4,snack,"[{""amount"":1,""name"":""红薯"",""unit"":""""},{""amount"":1,""name"":""干白葡萄酒"",""unit"":""""},{""amount"":0.5,""name"":""鲜姜"",""unit"":""""},{""amount"":0.25,""name"":""丁香"",""unit"":""""},{""amount"":2,""name"":""脱脂牛奶"",""unit"":""""},{""amount"":1,""name"":""鸡蛋"",""unit"":""""},{""amount"":1,""name"":""无盐黄油"",""unit"":""""},{""amount"":2,""name"":""通用面粉"",""unit"":""""},{""amount"":2,""name"":""去骨去皮鸡胸肉"",""unit"":""""}]","[""曲奇与布朗尼"",""山药/红薯"",""土豆"",""蔬菜"",""亚洲"",""少于60分钟"",""甜点""]"
36395,低脂夏日柠檬芝士蛋糕,243,35.1,16.6,3.2,2.1,0,0.9,1272.4,19.4,1,snack,"[{""amount"":8,""name"":""脱脂奶油奶酪"",""unit"":""""},{""amount"":1,""name"":""脱脂牛奶"",""unit"":""""},{""amount"":0.25,""name"":""脱脂清凉奶油"",""unit"":""""},{""amount"":1,""name"":""低脂全麦饼干碎饼底"",""unit"":""""}]","[""甜点"",""奶酪"",""少于15分钟"",""免煮"",""简单"",""芝士蛋糕""]"
397062,藜麦蛋糕,920.7,34.4,150.1,21.5,5.3,9.8,35.4,189,428.1,6,snack,"[{""amount"":2.25,""name"":""藜麦"",""unit"":""""},{""amount"":12,""name"":""鸡蛋"",""unit"":""""},{""amount"":1,""name"":""黄油"",""unit"":""""},{""amount"":1,""name"":""糖粉"",""unit"":""""},{""amount"":1,""name"":""白糖"",""unit"":""""},{""amount"":0.5,""name"":""水"",""unit"":""""},{""amount"":0,""name"":""杏仁利口酒"",""unit"":""""}]","[""蔬菜"",""秘鲁"",""南美洲"",""健康"",""不含..."",""少于4小时"",""甜点""]"
384683,西瓜条,561.7,38.3,48.2,25.3,12.8,0.9,16.6,219.9,50.9,8,snack,"[{""amount"":12,""name"":""无盐黄油"",""unit"":""""},{""amount"":0.5,""name"":""西瓜汁"",""unit"":""""},{""amount"":5,""name"":""柠檬皮屑"",""unit"":""""},{""amount"":0.5,""name"":""鲜榨柠檬汁"",""unit"":""""},{""amount"":0.5,""name"":""白糖"",""unit"":""""},{""amount"":0.5,""name"":""重奶油"",""unit"":""""},{""amount"":0.5,""name"":""明胶"",""unit"":""""},{""amount"":4,""name"":""糖粉"",""unit"":""""}]","[""甜点"",""夏季"",""少于4小时"",""明胶""]"
9897,凯萨里,913.5,37.2,144.3,19.6,11.4,6.5,0,240.8,68.3,1,snack,"[{""amount"":2,""name"":""牛奶"",""unit"":""""},{""amount"":1,""name"":""粗粒小麦粉"",""unit"":""""},{""amount"":0,""name"":""腰果"",""unit"":""""},{""amount"":0,""name"":""葡萄干"",""unit"":""""},{""amount"":0,""name"":""白糖"",""unit"":""""},{""amount"":0,""name"":""酥油"",""unit"":""""}]","[""亚洲"",""印度"",""低胆固醇"",""健康"",""少于15分钟"",""甜点""]"
302587,棕色袋装蛋白,694.6,27.8,78.5,33.5,8,15.4,18.2,239.9,19.5,4,snack,"[{""amount"":2,""name"":""燕麦"",""unit"":""""},{""amount"":1,""name"":""全麦面粉"",""unit"":""""},{""amount"":0.5,""name"":""亚麻籽"",""unit"":""""},{""amount"":0.5,""name"":""奶粉"",""unit"":""""},{""amount"":1,""name"":""酸奶"",""unit"":""""},{""amount"":0.5,""name"":""花生酱"",""unit"":""""}]","[""曲奇与布朗尼"",""冰岛"",""斯堪的纳维亚"",""欧洲"",""少于30分钟"",""简单"",""便宜"",""甜点""]"
395202,墨西哥南瓜派馅,772,29.3,109.7,19.9,8.3,14.6,37.5,795,518.8,1,snack,"[{""amount"":1.5,""name"":""牛奶"",""unit"":""""},{""amount"":1.5,""name"":""鸡蛋"",""unit"":""""},{""amount"":2,""name"":""盐"",""unit"":""""},{""amount"":8,""name"":""姜粉"",""unit"":""""},{""amount"":0.5,""name"":""肉桂粉"",""unit"":""""},{""amount"":1,""name"":""多香果粉"",""unit"":""""},{""amount"":1,""name"":""肉豆蔻粉"",""unit"":""""},{""amount"":0.5,""name"":""丁香粉"",""unit"":""""},{""amount"":1,""name"":""糖粉"",""unit"":""""},{""amount"":1,""name"":""香草"",""unit"":""""},{""amount"":3,""name"":""黑朗姆酒"",""unit"":""""}]","[""甜点"",""山药/红薯"",""土豆"",""蔬菜"",""少于4小时"",""简单"",""馅饼""]"
4757,樱桃巧克力棒,353.4,28.1,66.3,3.9,2.2,9,51.1,358.3,0,1,snack,"[{""amount"":16,""name"":""低脂香草酸奶酪"",""unit"":""""},{""amount"":0.75,""name"":""水"",""unit"":""""},{""amount"":2,""name"":""明胶"",""unit"":""""},{""amount"":5,""name"":""白糖"",""unit"":""""},{""amount"":0.5,""name"":""盐"",""unit"":""""}]","[""甜点"",""曲奇与布朗尼"",""适合儿童"",""工作日夜晚"",""烤箱"",""少于4小时"",""棒状曲奇""]"
59566,蛋白奶昔,454,31.5,77.5,3.1,1.2,5.6,22.8,401.9,9.8,1,snack,"[{""amount"":1,""name"":""香蕉"",""unit"":""""},{""amount"":500,""name"":""脱脂牛奶"",""unit"":""""},{""amount"":2,""name"":""燕麦"",""unit"":""""},{""amount"":2,""name"":""蜂蜜"",""unit"":""""}]","[""饮料"",""热带水果"",""水果"",""低胆固醇"",""健康"",""夏季"",""少于15分钟"",""小型电器"",""简单"",""奶昔""]"
345293,华盛顿蛋糕（果冻蛋糕）,709.7,39.6,86.8,23.9,14.1,0.8,60.3,466,172.2,1,snack,"[{""amount"":4,""name"":""鸡蛋"",""unit"":""""},{""amount"":0.6666666666666666,""name"":""白糖"",""unit"":""""},{""amount"":2,""name"":""泡打粉"",""unit"":""""},{""amount"":2,""name"":""面粉"",""unit"":""""},{""amount"":3,""name"":""明胶"",""unit"":""""},{""amount"":500,""name"":""奶油奶酪"",""unit"":""""},{""amount"":1,""name"":""白糖"",""unit"":""""},{""amount"":2,""name"":""果冻明胶"",""unit"":""""}]","[""甜点"",""少于4小时"",""明胶""]"
38426,最佳奶昔（个人之见）,893.9,22.3,212.8,5,1.2,23.6,182.4,278.3,0,1,snack,"[{""amount"":1,""name"":""香蕉"",""unit"":""""},{""amount"":1,""name"":""芒果"",""unit"":""""},{""amount"":0.5,""name"":""草莓"",""unit"":""""},{""amount"":3,""name"":""哈密瓜"",""unit"":""-4""},{""amount"":3,""name"":""营养酵母"",""unit"":""-4""}]","[""饮料"",""甜瓜"",""水果"",""低蛋白"",""纯素"",""低胆固醇"",""健康"",""少于15分钟"",""简单"",""冰沙""]"
513275,闪亮鬃毛鸡尾酒,546.5,15.9,50.5,35.8,3.1,27.4,20.6,27.2,0,1,snack,"[{""amount"":0.5,""name"":""亚麻籽"",""unit"":""""},{""amount"":1,""name"":""苹果"",""unit"":""""},{""amount"":1,""name"":""柠檬汁"",""unit"":""""}]","[""饮料"",""谷物"",""纯素"",""低胆固醇"",""少于15分钟"",""简单"",""冰沙""]"
403070,巧克力香蕉高碳水饮品,795.3,34.5,94,36,12.6,7.7,73,488.1,42.7,2,snack,"[{""amount"":3,""name"":""1%低脂牛奶"",""unit"":""""},{""amount"":1,""name"":""香蕉"",""unit"":""""},{""amount"":2,""name"":""花生酱"",""unit"":""""},{""amount"":3,""name"":""白糖"",""unit"":""""},{""amount"":0.3333333333333333,""name"":""可可粉"",""unit"":""""}]","[""饮料"",""低胆固醇"",""犹太洁食"",""少于15分钟"",""简单"",""奶昔""]"
69376,热巧克力粉,991.3,44.3,100.2,46.8,30,0.8,97.3,774.8,158.9,25,snack,"[{""amount"":1,""name"":""奶粉"",""unit"":""""},{""amount"":1,""name"":""糖粉"",""unit"":""""},{""amount"":1,""name"":""盐"",""unit"":""""}]","[""少于15分钟"",""供多人食用"",""简单"",""饮料""]"
451262,墨西哥夏日鲜虾鸡尾酒杯,389.8,27.6,37.8,17,2.4,9.4,18.4,1312.7,214.9,4,snack,"[{""amount"":1.5,""name"":""中虾"",""unit"":""""},{""amount"":0.5,""name"":""番茄酱"",""unit"":""""},{""amount"":2,""name"":""牛油果"",""unit"":""""},{""amount"":1,""name"":""红洋葱"",""unit"":""""},{""amount"":0.5,""name"":""新鲜香菜"",""unit"":""""},{""amount"":3,""name"":""青柠"",""unit"":""""},{""amount"":1,""name"":""黄瓜"",""unit"":""""}]","[""墨西哥"",""少于15分钟"",""简单"",""饮料""]"
171382,低碳水仿冰淇淋,635.8,7.8,165.9,2,0.1,38.1,82.8,36.3,0,1,snack,"[{""amount"":2,""name"":""冷冻草莓"",""unit"":""""},{""amount"":2,""name"":""三氯蔗糖颗粒"",""unit"":""""},{""amount"":4,""name"":""低碳水牛奶"",""unit"":""""}]","[""甜点"",""草莓"",""浆果"",""水果"",""少于30分钟"",""简单"",""冷冻甜点""]"
342227,杏仁皮曲奇,869.3,33.3,49,66.6,11.3,9.6,18.9,944.6,0,1,snack,"[{""amount"":1.5,""name"":""花生酱"",""unit"":""""},{""amount"":2,""name"":""迷你棉花糖"",""unit"":""""}]","[""甜点"",""曲奇与布朗尼"",""少于15分钟"",""简单"",""滴落饼干""]"
470682,黑森林樱桃蛋糕,769.6,38.7,82.2,34.1,20.6,2.6,59.3,213.9,183.7,12,snack,"[{""amount"":1,""name"":""面粉"",""unit"":""""},{""amount"":1,""name"":""泡打粉"",""unit"":""""},{""amount"":0.25,""name"":""白糖"",""unit"":""""},{""amount"":1,""name"":""黄油"",""unit"":""""},{""amount"":1,""name"":""水"",""unit"":""""},{""amount"":5,""name"":""鸡蛋"",""unit"":""""},{""amount"":2,""name"":""白糖"",""unit"":""""},{""amount"":4,""name"":""香草精"",""unit"":""""},{""amount"":0.5,""name"":""肉桂"",""unit"":""""},{""amount"":0.25,""name"":""面粉"",""unit"":""""},{""amount"":1,""name"":""玉米淀粉"",""unit"":""""},{""amount"":0.25,""name"":""泡打粉"",""unit"":""""},{""amount"":0.6666666666666666,""name"":""可可粉"",""unit"":""""},{""amount"":4,""name"":""樱桃"",""unit"":""""},{""amount"":0.5,""name"":""白糖"",""unit"":""""},{""amount"":3,""name"":""玉米淀粉"",""unit"":""""},{""amount"":24,""name"":""白糖"",""unit"":""""},{""amount"":0.5,""name"":""水"",""unit"":""""},{""amount"":3,""name"":""明胶"",""unit"":""""},{""amount"":4,""name"":""白糖"",""unit"":""""},{""amount"":3,""name"":""巧克力"",""unit"":""""}]","[""德语"",""欧洲"",""少于4小时"",""甜点""]"
508991,咸甜木屋,666.1,20.4,145.9,8.6,3.9,21.8,6.8,105,0,8,snack,"[{""amount"":2.5,""name"":""全麦饼干"",""unit"":""""},{""amount"":16,""name"":""椰蓉"",""unit"":""""}]","[""花生酱"",""适合儿童"",""少于60分钟"",""甜点""]"
212424,基础巴伐利亚,502.9,38.1,2.9,38.9,24.2,0,0.1,127,143.8,1,snack,"[{""amount"":3,""name"":""明胶"",""unit"":""""},{""amount"":1,""name"":""开水"",""unit"":""""},{""amount"":1,""name"":""冷水"",""unit"":""""},{""amount"":1.75,""name"":""清凉奶油顶料"",""unit"":""""}]","[""甜点"",""极低碳水化合物"",""少于15分钟"",""简单"",""明胶""]"
173655,冷蔬菜汤,288.1,22.5,35.1,8.9,1.2,13.6,8.7,926.1,0,1,snack,"[{""amount"":1,""name"":""无糖豆浆"",""unit"":""""},{""amount"":0.75,""name"":""冷冻菠菜"",""unit"":""""},{""amount"":0.75,""name"":""冷冻草莓"",""unit"":""""},{""amount"":1,""name"":""肉桂"",""unit"":""""},{""amount"":1,""name"":""海盐"",""unit"":""""},{""amount"":1,""name"":""胡椒"",""unit"":""""},{""amount"":1,""name"":""多香果"",""unit"":""""},{""amount"":1,""name"":""亚麻籽"",""unit"":""""}]","[""饮料"",""菠菜"",""绿叶蔬菜"",""蔬菜"",""无乳糖"",""不含..."",""夏季"",""少于15分钟"",""新手厨师"",""小型电器"",""简单"",""便宜"",""冰沙""]"
233264,橙酒舒芙蕾,848,36.9,99.1,34.8,16.5,4.7,87.8,499.2,689.4,1,snack,"[{""amount"":1,""name"":""橙子"",""unit"":""""},{""amount"":8,""name"":""鸡蛋"",""unit"":""""},{""amount"":1,""name"":""通用面粉"",""unit"":""""},{""amount"":3,""name"":""黄油"",""unit"":""""},{""amount"":1.5,""name"":""白糖"",""unit"":""""},{""amount"":1,""name"":""柑曼怡利口酒"",""unit"":""""},{""amount"":2,""name"":""糖粉"",""unit"":""""}]","[""欧洲"",""甜味"",""少于60分钟"",""甜点""]"
49026,青番茄甜馅,774.8,10.5,198.2,2.1,0.5,35.4,113.1,417.8,0,1,snack,"[{""amount"":15,""name"":""青番茄"",""unit"":""""},{""amount"":8,""name"":""苹果"",""unit"":""""},{""amount"":3,""name"":""葡萄干"",""unit"":""""},{""amount"":1,""name"":""腌姜根"",""unit"":""""},{""amount"":1,""name"":""深红糖"",""unit"":""""},{""amount"":1.5,""name"":""肉桂"",""unit"":""""},{""amount"":1.5,""name"":""肉豆蔻"",""unit"":""""},{""amount"":2,""name"":""丁香"",""unit"":""""},{""amount"":1,""name"":""多香果"",""unit"":""""},{""amount"":1,""name"":""腌制盐"",""unit"":""""},{""amount"":1,""name"":""柠檬汁"",""unit"":""""},{""amount"":0.5,""name"":""朗姆酒"",""unit"":""""},{""amount"":0.5,""name"":""玉米淀粉"",""unit"":""""}]","[""甜点"",""水果"",""蔬菜"",""加拿大"",""夏季"",""圣诞"",""感恩节"",""工作日夜晚"",""罐装"",""少于4小时"",""便宜"",""馅饼""]"
365915,蛋白质奶昔,293.6,29.1,44.8,1.8,0.7,4.2,14.4,376.4,5.9,1,snack,"[{""amount"":300,""name"":""脱脂牛奶"",""unit"":""""},{""amount"":1,""name"":""香蕉"",""unit"":""""}]","[""饮料"",""热带水果"",""水果"",""低胆固醇"",""健康"",""搅拌器"",""少于15分钟"",""新手厨师"",""小型电器"",""简单"",""奶昔""]"
478941,花生酱果酱鹰嘴豆泥,626.5,26.5,61.9,33.9,6.8,13,15.9,287.8,0,1,snack,"[{""amount"":0.75,""name"":""鹰嘴豆"",""unit"":""""},{""amount"":0.75,""name"":""红芸豆"",""unit"":""""},{""amount"":0.5,""name"":""红茶"",""unit"":""""}]","[""豆类"",""花生酱"",""纯素"",""甜味"",""少于15分钟"",""简单"",""甜点""]"
300786,巧克力慕斯,931.8,25.4,55.9,94.3,57.7,28.6,5.8,93.9,98.1,6,snack,"[{""amount"":8,""name"":""白糖"",""unit"":""""},{""amount"":2,""name"":""鸡蛋"",""unit"":""""},{""amount"":3,""name"":""水"",""unit"":""""},{""amount"":1,""name"":""速溶咖啡颗粒"",""unit"":""""},{""amount"":1,""name"":""黄油"",""unit"":""""}]","[""犹太洁食"",""少于15分钟"",""简单"",""甜点""]"
119062,无负罪感热巧克力罐装混合粉,459.8,32.3,79.8,1.5,0.5,1.6,75.2,534.7,17,1,snack,"[{""amount"":11,""name"":""脱脂奶粉"",""unit"":""""},{""amount"":6,""name"":""速溶布丁粉"",""unit"":""""},{""amount"":3,""name"":""细砂糖"",""unit"":""""},{""amount"":2,""name"":""肉桂"",""unit"":""""}]","[""少于15分钟"",""饮料""]"
15737,丹麦杏仁蛋白蛋糕,930.7,28.7,82.2,60.2,4.6,13.4,64.8,441.2,0,1,snack,"[{""amount"":1,""name"":""糖粉"",""unit"":""""},{""amount"":4,""name"":""水"",""unit"":""""},{""amount"":4,""name"":""糖粉"",""unit"":""""},{""amount"":2,""name"":""醋"",""unit"":""""}]","[""曲奇与布朗尼"",""水果"",""坚果"",""丹麦"",""斯堪的纳维亚"",""欧洲"",""圣诞"",""少于60分钟"",""烤箱"",""甜点""]"
436896,烤无负担芝士蛋糕,339.8,30.5,35.6,7.9,2.5,2.8,18.5,969.6,112.5,4,snack,"[{""amount"":2,""name"":""鸡蛋"",""unit"":""""},{""amount"":4,""name"":""人造甜味剂"",""unit"":""""},{""amount"":1,""name"":""香草精"",""unit"":""""},{""amount"":1,""name"":""1%脂肪白软干酪"",""unit"":""""},{""amount"":3,""name"":""肉桂"",""unit"":""""},{""amount"":1,""name"":""肉豆蔻"",""unit"":""""},{""amount"":1,""name"":""草莓"",""unit"":""""},{""amount"":2,""name"":""全麦饼干碎"",""unit"":""""},{""amount"":1.5,""name"":""人造甜味剂"",""unit"":""""},{""amount"":0.25,""name"":""轻黄油"",""unit"":""""}]","[""甜点"",""奶酪"",""自制"",""芝士蛋糕""]"
42123,黑莓花蜜,248.7,8,55.6,2.8,0.1,30.6,28.2,20,0,1,snack,"[{""amount"":2,""name"":""黑莓"",""unit"":""""},{""amount"":1,""name"":""水"",""unit"":""""},{""amount"":2.5,""name"":""白糖"",""unit"":""""}]","[""水果"",""夏季"",""工作日夜晚"",""免煮"",""简单"",""饮料""]"
501507,花生酱香蕉小猪三明治,874.4,34.3,135.4,21.4,5.1,5.2,15.1,1454,196.3,1,snack,"[{""amount"":3,""name"":""鸡蛋"",""unit"":""""},{""amount"":1,""name"":""葡萄干"",""unit"":""""},{""amount"":2,""name"":""花生酱"",""unit"":""""},{""amount"":0,""name"":""香蕉"",""unit"":""""}]","[""甜点"",""谷物"",""花生酱"",""健康"",""适合儿童"",""工作日夜晚"",""少于60分钟"",""简单"",""面包""]"
350957,绿色思慕雪,443.2,20.1,78.5,10.6,1.2,17.1,38.1,264.6,0,1,snack,"[{""amount"":1,""name"":""无糖豆浆"",""unit"":""""},{""amount"":5,""name"":""新鲜菠菜"",""unit"":""""},{""amount"":0.5,""name"":""菠萝"",""unit"":""""},{""amount"":1,""name"":""蓝莓"",""unit"":""""},{""amount"":1,""name"":""香蕉"",""unit"":""""},{""amount"":1,""name"":""亚麻籽"",""unit"":""""}]","[""饮料"",""菠萝"",""菠菜"",""浆果"",""热带水果"",""绿叶蔬菜"",""水果"",""蔬菜"",""低蛋白"",""纯素"",""低胆固醇"",""适合幼儿"",""健康"",""适合儿童"",""少于15分钟"",""简单"",""冰沙""]"
321920,香蕉条,920.6,28.1,118.5,40.7,14.4,15.8,15.4,1639.7,47.2,1,snack,"[{""amount"":0.6666666666666666,""name"":""三氯蔗糖颗粒"",""unit"":""""},{""amount"":0.5,""name"":""低脂酸奶油"",""unit"":""""},{""amount"":2,""name"":""人造黄油"",""unit"":""""},{""amount"":2,""name"":""香蕉"",""unit"":""""},{""amount"":0.75,""name"":""香草"",""unit"":""""},{""amount"":1,""name"":""全麦面粉"",""unit"":""""},{""amount"":1,""name"":""盐"",""unit"":""""},{""amount"":0.25,""name"":""小苏打"",""unit"":""""}]","[""少于60分钟"",""甜点""]"
144638,无糖巧克力火锅,601.6,21.1,118,16.8,10.2,19.4,69.1,131.9,34.2,1,snack,"[{""amount"":0.6666666666666666,""name"":""可可粉"",""unit"":""""},{""amount"":1,""name"":""牛奶"",""unit"":""""},{""amount"":0.5,""name"":""等量代糖"",""unit"":""""},{""amount"":0.25,""name"":""肉桂"",""unit"":""""},{""amount"":0.5,""name"":""香草"",""unit"":""""}]","[""甜点"",""健康"",""少于15分钟"",""新手厨师"",""简单"",""便宜"",""酱料""]"
287316,慧俪轻体6点蓝莓奶昔,460.4,28.2,83.6,4.1,2.4,6.6,68.7,609.7,17.6,1,snack,"[{""amount"":0.5,""name"":""1%低脂牛奶"",""unit"":""""},{""amount"":0.5,""name"":""脱脂原味酸奶"",""unit"":""""},{""amount"":0.5,""name"":""低脂白软干酪"",""unit"":""""},{""amount"":0.5,""name"":""香蕉"",""unit"":""""},{""amount"":1,""name"":""冷冻蓝莓"",""unit"":""""}]","[""饮料"",""浆果"",""水果"",""低胆固醇"",""健康"",""少于15分钟"",""简单"",""冰沙""]"
526571,唐斯奎克简易牧羊人派,567.8,29.7,62.1,22.5,8,7.2,5.5,770.2,77.6,1,snack,"[{""amount"":1,""name"":""碎牛肉"",""unit"":""""},{""amount"":1,""name"":""黄洋葱"",""unit"":""""},{""amount"":1,""name"":""蘑菇"",""unit"":""""},{""amount"":1.5,""name"":""赤褐色土豆"",""unit"":""""},{""amount"":1.5,""name"":""土豆泥"",""unit"":""""},{""amount"":3,""name"":""奶酪"",""unit"":""""},{""amount"":0.5,""name"":""盐"",""unit"":""""}]","[""甜点"",""肉"",""少于60分钟"",""馅饼""]"
478236,健康巧克力慕斯酱（纯素）,496.8,16.7,111.1,3.9,1.2,22.2,52,741.6,0,1,snack,"[{""amount"":0.5,""name"":""鹰嘴豆"",""unit"":""""},{""amount"":0.5,""name"":""菜豆"",""unit"":""""},{""amount"":11,""name"":""椰枣"",""unit"":""""},{""amount"":2,""name"":""可可粉"",""unit"":""""},{""amount"":0.25,""name"":""肉桂"",""unit"":""""}]","[""甜点"",""豆类"",""无乳糖"",""纯素"",""低胆固醇"",""健康"",""不含..."",""甜味"",""少于15分钟"",""简单"",""自制"",""涂抹酱""]"
219557,俄罗斯复活节奶酪帕斯卡,581.4,36.7,35.7,32.2,19.3,0,33.8,221.7,209.4,1,snack,"[{""amount"":4,""name"":""农家奶酪"",""unit"":""""},{""amount"":0.5,""name"":""黄油"",""unit"":""""},{""amount"":16,""name"":""酸奶油"",""unit"":""""},{""amount"":1.5,""name"":""白糖"",""unit"":""""},{""amount"":6,""name"":""鸡蛋"",""unit"":""""},{""amount"":2,""name"":""香草"",""unit"":""""},{""amount"":0,""name"":""柠檬皮屑"",""unit"":""""}]","[""甜点"",""俄语"",""欧洲"",""少于30分钟"",""芝士蛋糕""]"
477391,蛋白质香草芝士蛋糕奶昔 - HCG P3阶段,301.2,31.6,19.8,9.2,3.7,0,18.6,871.5,40.6,1,snack,"[{""amount"":1,""name"":""白软干酪"",""unit"":""""},{""amount"":1,""name"":""脱脂牛奶"",""unit"":""""},{""amount"":1,""name"":""香草精"",""unit"":""""},{""amount"":2,""name"":""甜叶菊"",""unit"":""""},{""amount"":1,""name"":""三氯蔗糖代糖"",""unit"":""""}]","[""奶昔"",""饮料"",""甜味"",""少于15分钟"",""简单"",""冰沙""]"
375506,浆果喜悦,425.3,16.1,72,10.8,1,21.5,36.4,143.3,0,1,snack,"[{""amount"":1,""name"":""原味豆浆"",""unit"":""""},{""amount"":1.5,""name"":""覆盆子"",""unit"":""""},{""amount"":1,""name"":""蓝莓"",""unit"":""""},{""amount"":1,""name"":""香草精"",""unit"":""""},{""amount"":1,""name"":""枫糖浆"",""unit"":""""},{""amount"":1,""name"":""亚麻籽"",""unit"":""""}]","[""饮料"",""低蛋白"",""低胆固醇"",""健康"",""少于15分钟"",""简单"",""冰沙""]"
529022,南瓜肉豆蔻营养奶昔,593.3,24.7,47.5,39.9,20.9,16.4,16.3,696.1,41,1,snack,"[{""amount"":300,""name"":""牛奶"",""unit"":""""},{""amount"":300,""name"":""南瓜"",""unit"":""""},{""amount"":5,""name"":""小白菜"",""unit"":""""},{""amount"":1,""name"":""肉豆蔻"",""unit"":""""},{""amount"":4,""name"":""肉桂"",""unit"":""""},{""amount"":0.5,""name"":""牛油果"",""unit"":""""},{""amount"":0.5,""name"":""椰子油"",""unit"":""""},{""amount"":0.5,""name"":""橙子"",""unit"":""""},{""amount"":1,""name"":""水"",""unit"":""""}]","[""饮料"",""南瓜"",""蔬菜"",""少于15分钟"",""简单"",""奶昔""]"
255523,布科潘丹,761.3,36.4,66.5,41.6,30.6,4.8,56.8,211.3,84.4,6,snack,"[{""amount"":4,""name"":""椰肉"",""unit"":""""},{""amount"":0.5,""name"":""香兰叶提取物"",""unit"":""""},{""amount"":2,""name"":""牛奶"",""unit"":""""},{""amount"":1,""name"":""甜炼乳"",""unit"":""""},{""amount"":1,""name"":""无味明胶"",""unit"":""""},{""amount"":2,""name"":""水"",""unit"":""""},{""amount"":3,""name"":""香兰叶提取物"",""unit"":""""},{""amount"":1,""name"":""白糖"",""unit"":""- 1 1/2""}]","[""热带水果"",""水果"",""菲律宾人"",""亚洲"",""少于4小时"",""甜点""]"
173556,健康芭菲,937.4,23.2,153.9,29.9,8.5,20.3,108.1,140,31.9,1,snack,"[{""amount"":2,""name"":""原味酸奶"",""unit"":""""},{""amount"":1,""name"":""蜂蜜"",""unit"":""""},{""amount"":0.25,""name"":""肉桂"",""unit"":""""},{""amount"":1,""name"":""蓝莓"",""unit"":""""},{""amount"":1,""name"":""猕猴桃"",""unit"":""""},{""amount"":1,""name"":""芒果"",""unit"":""""},{""amount"":1,""name"":""格兰诺拉麦片"",""unit"":""""},{""amount"":1,""name"":""冷冻覆盆子"",""unit"":""""},{""amount"":0.25,""name"":""玉米淀粉"",""unit"":""""},{""amount"":1,""name"":""温水"",""unit"":""""}]","[""少于30分钟"",""甜点""]"
479631,卡鲁瓦咖啡面包布丁,677.9,32.6,116.7,6.3,2,3.2,47.4,907.6,146.3,4,snack,"[{""amount"":0.5,""name"":""对半奶油"",""unit"":""""},{""amount"":2,""name"":""甘露咖啡力娇酒"",""unit"":""""},{""amount"":0.25,""name"":""鸡蛋"",""unit"":""""},{""amount"":3,""name"":""白糖"",""unit"":""""},{""amount"":0.3333333333333333,""name"":""肉桂"",""unit"":""""}]","[""坚果"",""健康"",""少于4小时"",""简单"",""甜点""]"
381189,混合坚果干莓果巧克力脆片,850.4,23.8,47.3,85,44.2,25.4,3.2,90.3,0,1,snack,"[{""amount"":4,""name"":""开心果"",""unit"":""""},{""amount"":0.5,""name"":""樱桃干"",""unit"":""""}]","[""甜点"",""少于15分钟"",""简单"",""糖果""]"
107315,免烤蔓越莓覆盆子雪纺派,463.2,33,17.7,30.2,16.9,2.3,8.3,196.6,95.1,12,snack,"[{""amount"":1,""name"":""全麦饼干派皮"",""unit"":""""},{""amount"":2,""name"":""蔓越莓"",""unit"":""""},{""amount"":2,""name"":""冷冻无糖覆盆子"",""unit"":""""},{""amount"":0.25,""name"":""无味明胶"",""unit"":""""},{""amount"":3.75,""name"":""重奶油"",""unit"":""""},{""amount"":3.5,""name"":""糖衣果仁"",""unit"":""""},{""amount"":0,""name"":""蔓越莓"",""unit"":""""}]","[""甜点"",""覆盆子"",""浆果"",""水果"",""圣诞"",""感恩节"",""馅饼""]"
132993,南瓜派热巧克力饮品,853.5,37.9,88.2,41.4,25.7,2.8,31.9,540.8,153.7,1,snack,"[{""amount"":1.5,""name"":""可可粉"",""unit"":""""},{""amount"":2.5,""name"":""白糖"",""unit"":""""},{""amount"":0.25,""name"":""香草精"",""unit"":""""},{""amount"":0.25,""name"":""牛奶"",""unit"":""""},{""amount"":0.125,""name"":""速溶咖啡粉"",""unit"":""""}]","[""甜点"",""无蛋"",""不含..."",""冬季"",""圣诞"",""感恩节"",""甜味"",""少于15分钟"",""饮料""]"
519721,哈里拉香料粉,577.7,24.3,25.7,47.1,6,13.1,3.7,11,0,1,snack,"[{""amount"":4,""name"":""开心果"",""unit"":""""},{""amount"":3,""name"":""罂粟籽"",""unit"":""""},{""amount"":3,""name"":""绿豆蔻"",""unit"":""""},{""amount"":3,""name"":""八角"",""unit"":""""}]","[""甜点"",""高蛋白"",""适合幼儿"",""适合儿童"",""高含量..."",""少于15分钟"",""简单"",""自制"",""冷冻甜点""]"
442313,花生酱曲奇,835.9,28.3,55.6,68.1,29.3,15.9,5.5,218,121,1,snack,"[{""amount"":1,""name"":""面粉"",""unit"":""""},{""amount"":0.5,""name"":""泡打粉"",""unit"":""""},{""amount"":0.25,""name"":""豆蔻"",""unit"":""""},{""amount"":0.25,""name"":""花生酱"",""unit"":""""},{""amount"":2,""name"":""黄油"",""unit"":""""},{""amount"":2,""name"":""鸡蛋"",""unit"":""""},{""amount"":0.25,""name"":""花生"",""unit"":""""},{""amount"":0.75,""name"":""巧克力"",""unit"":""""}]","[""甜点"",""曲奇与布朗尼"",""少于30分钟"",""简单"",""滴落饼干""]"
417604,覆盆子柠檬冰沙,831.5,23.8,173.4,6.1,3.6,16.5,157.2,283.7,22.9,2,snack,"[{""amount"":3,""name"":""冷冻覆盆子"",""unit"":""""},{""amount"":24,""name"":""柠檬酸奶"",""unit"":""""},{""amount"":1.5,""name"":""脱脂牛奶"",""unit"":""""},{""amount"":1,""name"":""纯香草精"",""unit"":""""}]","[""饮料"",""覆盆子"",""浆果"",""水果"",""低蛋白"",""低胆固醇"",""健康"",""少于15分钟"",""简单"",""冰沙""]"
34303,糖尿病专用冰淇淋,853.4,39.8,102.7,30.5,26.1,0,103.9,575.3,24.1,1,snack,"[{""amount"":1,""name"":""脱脂牛奶"",""unit"":""""},{""amount"":1,""name"":""无糖香草布丁"",""unit"":""""},{""amount"":9,""name"":""无糖速溶巧克力布丁粉"",""unit"":""""},{""amount"":1,""name"":""人造甜味剂"",""unit"":""""},{""amount"":3,""name"":""香草"",""unit"":""""},{""amount"":1,""name"":""清凉奶油轻脂版"",""unit"":""""}]","[""甜点"",""少于15分钟"",""冷冻室"",""简单"",""冷冻甜点""]"
307819,芭蕾舞,593.2,7.6,153.1,8,2.2,34.4,83.5,97.2,0,1,snack,"[{""amount"":100,""name"":""蜂蜜"",""unit"":""""},{""amount"":25,""name"":""黑胡椒"",""unit"":""""},{""amount"":25,""name"":""月桂叶"",""unit"":""""},{""amount"":5,""name"":""姜"",""unit"":""""},{""amount"":25,""name"":""肉桂"",""unit"":""""},{""amount"":1,""name"":""水"",""unit"":""""},{""amount"":20,""name"":""丁香"",""unit"":""""}]","[""欧洲"",""低蛋白"",""低胆固醇"",""健康"",""少于15分钟"",""简单"",""饮料""]"
159690,海藻脆冻,351.9,30.7,29.8,13.4,7.8,1.4,25.1,110.6,0,10,snack,"[{""amount"":0.25,""name"":""等量代糖"",""unit"":""""},{""amount"":0.75,""name"":""无味明胶"",""unit"":""""},{""amount"":439,""name"":""椰奶"",""unit"":""""},{""amount"":1,""name"":""等量代糖"",""unit"":""""}]","[""少于15分钟"",""简单"",""甜点""]"
533959,三文鱼芦笋挞,323.8,26.9,11,20.1,3.9,5.3,2.2,133.7,106.3,8,snack,"[{""amount"":180,""name"":""亚麻籽"",""unit"":""""},{""amount"":1,""name"":""椰子油"",""unit"":""""},{""amount"":1,""name"":""鸡蛋"",""unit"":""""},{""amount"":1,""name"":""水"",""unit"":""""},{""amount"":1,""name"":""橄榄油"",""unit"":""""},{""amount"":1,""name"":""三文鱼柳"",""unit"":""""},{""amount"":2,""name"":""芦笋尖"",""unit"":""""},{""amount"":9,""name"":""小扁豆"",""unit"":""""},{""amount"":100,""name"":""水"",""unit"":""""},{""amount"":500,""name"":""红洋葱"",""unit"":""""},{""amount"":0.5,""name"":""菠菜"",""unit"":""""},{""amount"":100,""name"":""鸡蛋"",""unit"":""""},{""amount"":30,""name"":""新鲜莳萝"",""unit"":""""},{""amount"":2,""name"":""第戎芥末酱"",""unit"":""""},{""amount"":2,""name"":""肉豆蔻"",""unit"":""""},{""amount"":75,""name"":""黑胡椒"",""unit"":""""},{""amount"":115,""name"":""柠檬"",""unit"":""""},{""amount"":1,""name"":""橄榄油"",""unit"":""""}]","[""不含..."",""少于30分钟"",""甜点""]"
391967,香蕉豆腐奶昔,550.6,26.4,80.4,18.5,7,9.5,37.2,144.1,34.2,1,snack,"[{""amount"":2,""name"":""香蕉"",""unit"":""""},{""amount"":1,""name"":""草莓"",""unit"":""""},{""amount"":1,""name"":""牛奶"",""unit"":""""},{""amount"":1,""name"":""酸奶"",""unit"":""""},{""amount"":1,""name"":""豆腐"",""unit"":""""}]","[""饮料"",""低蛋白"",""低胆固醇"",""健康"",""少于15分钟"",""简单"",""冰沙""]"
201222,罂粟籽奶,805.3,25.4,46.2,62.9,6.9,14.1,32.1,36.9,0,2,snack,"[{""amount"":2,""name"":""罂粟籽"",""unit"":""""},{""amount"":3,""name"":""开水"",""unit"":""""},{""amount"":2,""name"":""白糖"",""unit"":""""}]","[""俄语"",""欧洲"",""纯素"",""低胆固醇"",""健康"",""高含量..."",""冬季"",""少于30分钟"",""简单"",""饮料""]"
185238,混合水果苹果糖尿病蛋糕,738.1,20.2,146.2,15.3,2.3,19.3,70,635.4,105.8,1,snack,"[{""amount"":0.5,""name"":""椰枣"",""unit"":""""},{""amount"":0.5,""name"":""西梅干"",""unit"":""""},{""amount"":1,""name"":""碎菠萝"",""unit"":""""},{""amount"":1,""name"":""深色葡萄干"",""unit"":""""},{""amount"":2,""name"":""苹果"",""unit"":""""},{""amount"":0.5,""name"":""无花果干"",""unit"":""""},{""amount"":0.5,""name"":""核桃"",""unit"":""""},{""amount"":0.5,""name"":""全麦面粉"",""unit"":""""},{""amount"":2,""name"":""小麦胚芽"",""unit"":""""},{""amount"":0.5,""name"":""泡打粉"",""unit"":""""},{""amount"":1,""name"":""小苏打"",""unit"":""""},{""amount"":1,""name"":""肉桂粉"",""unit"":""""},{""amount"":1,""name"":""肉豆蔻粉"",""unit"":""""},{""amount"":0.5,""name"":""多香果"",""unit"":""""},{""amount"":0.25,""name"":""柠檬汁"",""unit"":""""},{""amount"":0.25,""name"":""鸡蛋"",""unit"":""""}]","[""苹果"",""水果"",""少于4小时"",""简单"",""甜点""]"
502853,健康奶昔,820.7,32.1,56.5,57,17.5,7.5,30.7,548,52.8,3,snack,"[{""amount"":1,""name"":""花生酱"",""unit"":""""},{""amount"":2,""name"":""冰淇淋"",""unit"":""""},{""amount"":2,""name"":""香蕉"",""unit"":""""},{""amount"":1,""name"":""酸奶"",""unit"":""""},{""amount"":2,""name"":""牛奶"",""unit"":""""}]","[""饮料"",""花生酱"",""不含..."",""甜味"",""工作日夜晚"",""少于15分钟"",""新手厨师"",""简单"",""奶昔""]"
10195,快炒丰盛沙拉,432.1,23.7,41.3,22.1,4.9,11.5,18.2,2070.1,17.2,6,snack,"[{""amount"":3,""name"":""小葱"",""unit"":""""},{""amount"":3,""name"":""四季豆"",""unit"":""""},{""amount"":3,""name"":""番茄"",""unit"":""""},{""amount"":3,""name"":""胡萝卜"",""unit"":""""},{""amount"":2,""name"":""青豌豆"",""unit"":""""},{""amount"":3,""name"":""白软干酪"",""unit"":""""},{""amount"":2,""name"":""无盐花生"",""unit"":""""},{""amount"":1,""name"":""鲜榨柠檬汁"",""unit"":""""},{""amount"":0.25,""name"":""盐"",""unit"":""""},{""amount"":1,""name"":""黑胡椒"",""unit"":""""},{""amount"":1.5,""name"":""特级初榨橄榄油"",""unit"":""""},{""amount"":1.5,""name"":""酸奶"",""unit"":""""},{""amount"":1,""name"":""酱油"",""unit"":""""}]","[""蔬菜"",""低胆固醇"",""少于15分钟"",""炒"",""甜点""]"
504320,香浓牛奶冰沙,956.2,36.3,86.2,55.1,22.8,4.8,35.4,732,120.7,1,snack,"[{""amount"":0.75,""name"":""细砂糖"",""unit"":""""},{""amount"":0.5,""name"":""豆蔻"",""unit"":""""},{""amount"":0.25,""name"":""肉桂"",""unit"":""""},{""amount"":0.5,""name"":""牛奶"",""unit"":""""}]","[""亚洲"",""少于15分钟"",""饮料""]"
527922,牛肉花菜泥农家派,615.2,31.6,20.6,46.5,21.9,6.3,8,685.5,202.5,6,snack,"[{""amount"":800,""name"":""牛肉末"",""unit"":""""},{""amount"":2,""name"":""黄油"",""unit"":""""},{""amount"":1,""name"":""洋葱"",""unit"":""""},{""amount"":1,""name"":""西兰花头"",""unit"":""""},{""amount"":2,""name"":""蒜瓣"",""unit"":""""},{""amount"":1,""name"":""甜椒"",""unit"":""""},{""amount"":1,""name"":""整罐番茄"",""unit"":""""},{""amount"":1,""name"":""月桂叶"",""unit"":""""},{""amount"":1,""name"":""伍斯特酱"",""unit"":""""},{""amount"":4,""name"":""干罗勒"",""unit"":""""},{""amount"":2,""name"":""花椰菜"",""unit"":""""},{""amount"":1,""name"":""鸡蛋"",""unit"":""""},{""amount"":2,""name"":""黄油"",""unit"":""""},{""amount"":100,""name"":""肉豆蔻粉"",""unit"":""""}]","[""甜点"",""少于60分钟"",""馅饼""]"
457707,瑞士布朗尼,967.5,25.5,113.5,58.7,19.2,18.4,78.1,147.3,0,1,snack,"[{""amount"":0.75,""name"":""白糖"",""unit"":""""},{""amount"":1,""name"":""盐"",""unit"":""""},{""amount"":1.3333333333333333,""name"":""肉桂"",""unit"":""""},{""amount"":0.25,""name"":""丁香粉"",""unit"":""""},{""amount"":1,""name"":""可可粉"",""unit"":""""},{""amount"":2,""name"":""面粉"",""unit"":""""},{""amount"":2,""name"":""樱桃利口酒"",""unit"":""""}]","[""曲奇与布朗尼"",""欧洲"",""圣诞"",""甜点""]"
185251,美味健康果昔,423.6,22.6,71.5,8.8,1.7,11.4,32.3,177,3.1,1,snack,"[{""amount"":1,""name"":""香蕉"",""unit"":""""},{""amount"":1,""name"":""油桃"",""unit"":""""},{""amount"":0.25,""name"":""浆果"",""unit"":""""},{""amount"":8,""name"":""豆奶"",""unit"":""""},{""amount"":0.25,""name"":""低脂香草酸奶"",""unit"":""""},{""amount"":0.25,""name"":""烤小麦胚芽"",""unit"":""""}]","[""奶昔"",""饮料"",""少于15分钟"",""新手厨师"",""小型电器"",""简单"",""冰沙""]"
331907,明智之选朗姆酒葡萄干面包布丁,861.2,31.4,166.3,8.8,4,6.3,37.2,1343,13,8,snack,"[{""amount"":8,""name"":""葡萄干"",""unit"":""""},{""amount"":0.75,""name"":""金葡萄干"",""unit"":""""},{""amount"":0.25,""name"":""黄油"",""unit"":""""},{""amount"":2.25,""name"":""鸡蛋替代品"",""unit"":""""},{""amount"":2.5,""name"":""白糖"",""unit"":""""},{""amount"":0.75,""name"":""肉桂"",""unit"":""""},{""amount"":0.6666666666666666,""name"":""肉豆蔻"",""unit"":""""},{""amount"":1,""name"":""糖粉"",""unit"":""""}]","[""谷物"",""低胆固醇"",""健康"",""家常菜聚餐"",""少于60分钟"",""烤箱"",""新手厨师"",""炉灶顶"",""简单"",""甜点""]"
204783,纯素花生酱软糖,729.1,28.4,48,52.7,10.5,9.5,15,446.5,0,1,snack,"[{""amount"":1.5,""name"":""花生酱"",""unit"":""""},{""amount"":1,""name"":""全麦面粉"",""unit"":""""},{""amount"":3,""name"":""玉米淀粉"",""unit"":""""},{""amount"":1,""name"":""半甜素食巧克力豆"",""unit"":""""},{""amount"":8,""name"":""枫糖浆"",""unit"":""-10""}]","[""甜点"",""纯素"",""少于15分钟"",""简单"",""糖果""]"
400273,无罪感冰淇淋仿制品,208.7,17.5,46,2,0.8,16.2,18.9,318.5,4.9,1,snack,"[{""amount"":1,""name"":""人造甜味剂"",""unit"":""""},{""amount"":1,""name"":""冷冻无糖混合浆果"",""unit"":""""}]","[""甜点"",""少于15分钟"",""简单"",""冷冻甜点""]"
501818,巧克力花生酱脆球,885.6,30.4,58.8,64.5,17.8,10.4,38.7,746.1,0.5,8,snack,"[{""amount"":1.25,""name"":""花生酱"",""unit"":""""},{""amount"":2.5,""name"":""咸花生"",""unit"":""""}]","[""甜点"",""曲奇与布朗尼"",""高蛋白"",""高含量..."",""少于15分钟"",""简单"",""滴落饼干""]"
44476,香料热巧克力粉,520.3,27.2,52,28.6,18.6,9.7,36.9,328.2,80.3,1,snack,"[{""amount"":5.5,""name"":""奶粉"",""unit"":""""},{""amount"":2.5,""name"":""可可粉"",""unit"":""""},{""amount"":2,""name"":""迷你棉花糖"",""unit"":""""},{""amount"":0.75,""name"":""肉桂粉"",""unit"":""""}]","[""高蛋白"",""适合儿童"",""高含量..."",""圣诞"",""少于15分钟"",""免煮"",""新手厨师"",""简单"",""便宜"",""饮料""]"
328805,草莓奶昔,983.1,37.5,108.8,47.2,29.2,4.3,14.4,558.6,174.9,1,snack,"[{""amount"":1,""name"":""草莓冰淇淋"",""unit"":""""},{""amount"":1,""name"":""牛奶"",""unit"":""""},{""amount"":1,""name"":""巧克力豆"",""unit"":""""},{""amount"":0,""name"":""香蕉"",""unit"":""""}]","[""少于15分钟"",""简单"",""甜点""]"
124160,樱桃茶,590.5,31.4,116.8,1.2,0.3,1.2,61.1,145.5,0,1,snack,"[{""amount"":15,""name"":""白糖"",""unit"":""""},{""amount"":1,""name"":""肉桂"",""unit"":""""},{""amount"":1,""name"":""肉豆蔻"",""unit"":""""}]","[""少于15分钟"",""简单"",""饮料""]"
488314,巴克艾饼干条,861.1,30.5,19.7,79.1,11.5,8.1,7.2,275.8,74.4,1,snack,"[{""amount"":1,""name"":""鸡蛋"",""unit"":""""},{""amount"":0.25,""name"":""花生"",""unit"":""""}]","[""甜点"",""曲奇与布朗尼"",""少于60分钟"",""棒状曲奇""]"
8085,牛肉咖喱佳肴,373.8,28.9,32.9,13.5,5.4,2.6,6.7,595.7,84.2,7,snack,"[{""amount"":2,""name"":""瘦牛肉末"",""unit"":""""},{""amount"":1,""name"":""洋葱"",""unit"":""""},{""amount"":1,""name"":""番茄"",""unit"":""""},{""amount"":1.25,""name"":""苹果"",""unit"":""""},{""amount"":1.5,""name"":""咖喱粉"",""unit"":""""},{""amount"":2,""name"":""盐"",""unit"":""""},{""amount"":1.5,""name"":""大米"",""unit"":""""},{""amount"":1,""name"":""水"",""unit"":""""},{""amount"":2.5,""name"":""花生"",""unit"":""""},{""amount"":2,""name"":""椰子"",""unit"":""""},{""amount"":2,""name"":""葡萄干"",""unit"":""""},{""amount"":1,""name"":""酸辣酱"",""unit"":""""}]","[""水果"",""蔬菜"",""肉"",""工作日夜晚"",""少于60分钟"",""甜点""]"
399225,巧克力杏仁奶昔,632.4,24.4,51.7,42.8,13.7,13.6,15.6,390.9,0.8,1,snack,"[{""amount"":4,""name"":""巧克力"",""unit"":""""},{""amount"":1,""name"":""豆奶"",""unit"":""""}]","[""饮料"",""甜味"",""少于15分钟"",""简单"",""奶昔""]"
67726,纯素薄荷巧克力脆片冷冻甜品,925,29.3,177.3,13,1.6,8.5,132.1,379.4,0,1,snack,"[{""amount"":1,""name"":""豆奶"",""unit"":""""},{""amount"":2,""name"":""枫糖浆"",""unit"":""""},{""amount"":1,""name"":""琼脂片"",""unit"":""""},{""amount"":3,""name"":""香草"",""unit"":""""},{""amount"":1,""name"":""纯素巧克力"",""unit"":""""},{""amount"":1.5,""name"":""半甜素食巧克力豆"",""unit"":""""}]","[""甜点"",""大豆/豆腐"",""豆类"",""纯素"",""夏季"",""甜味"",""少于60分钟"",""冷冻室"",""小型电器"",""冷冻甜点""]"
53567,黑莓冰饮,468.4,19.7,91,5.1,2.4,15.3,70.8,215.2,15,1,snack,"[{""amount"":3,""name"":""细砂糖"",""unit"":""""},{""amount"":1,""name"":""琼脂"",""unit"":""""},{""amount"":7,""name"":""脱脂牛奶"",""unit"":""""},{""amount"":2,""name"":""黑莓"",""unit"":""""},{""amount"":0.875,""name"":""脱脂原味酸奶"",""unit"":""""}]","[""工作日夜晚"",""少于4小时"",""饮料""]"
150019,最美味芝士蛋糕,713.6,35.8,62.4,35.4,20.8,1,35,922.3,193.2,1,snack,"[{""amount"":2,""name"":""中筋面粉"",""unit"":""""},{""amount"":0.5,""name"":""糖粉"",""unit"":""""},{""amount"":0.5,""name"":""黄油"",""unit"":""""},{""amount"":2,""name"":""黄油"",""unit"":""""},{""amount"":1,""name"":""鸡蛋"",""unit"":""""},{""amount"":1,""name"":""盐"",""unit"":""""},{""amount"":4,""name"":""鸡蛋"",""unit"":""""},{""amount"":1,""name"":""白糖"",""unit"":""""},{""amount"":2,""name"":""酸奶油"",""unit"":""""},{""amount"":1.75,""name"":""玉米淀粉"",""unit"":""""},{""amount"":3,""name"":""香草"",""unit"":""""}]","[""甜点"",""少于4小时"",""芝士蛋糕""]"
374027,巧克力覆盆子芝士蛋糕,496.6,31.2,11.4,38.9,18.9,3.6,4,188.9,89.8,8,snack,"[{""amount"":1.5,""name"":""黄油"",""unit"":""""},{""amount"":2,""name"":""明胶"",""unit"":""""},{""amount"":1.5,""name"":""水"",""unit"":""""},{""amount"":1,""name"":""巧克力"",""unit"":""""},{""amount"":0.25,""name"":""奶油奶酪"",""unit"":""""},{""amount"":2,""name"":""重奶油"",""unit"":""""},{""amount"":8,""name"":""香草"",""unit"":""""},{""amount"":1.25,""name"":""冷冻无糖覆盆子"",""unit"":""""}]","[""甜点"",""少于4小时"",""简单"",""芝士蛋糕""]"
448067,简易印度奶茶香料,655.7,34.2,54.1,34.6,21.7,2.3,49.5,476.7,124.2,1,snack,"[{""amount"":2,""name"":""奶粉"",""unit"":""""},{""amount"":2,""name"":""肉桂粉"",""unit"":""""},{""amount"":2,""name"":""姜粉"",""unit"":""""},{""amount"":1,""name"":""豆蔻粉"",""unit"":""""},{""amount"":0.5,""name"":""肉豆蔻粉"",""unit"":""""},{""amount"":0.5,""name"":""黑胡椒粉"",""unit"":""""},{""amount"":0.25,""name"":""丁香粉"",""unit"":""""}]","[""印度"",""高蛋白"",""高含量..."",""少于15分钟"",""饮料""]"
530694,正宗意大利提拉米苏,960.9,31.8,137.9,25.4,9.8,7.2,122,565.9,744,1,snack,"[{""amount"":500,""name"":""马斯卡彭奶酪"",""unit"":""""},{""amount"":30,""name"":""萨伏伊饼干"",""unit"":""""},{""amount"":8,""name"":""白糖"",""unit"":""""},{""amount"":120,""name"":""鸡蛋"",""unit"":""""},{""amount"":4,""name"":""玛莎拉酒"",""unit"":""""}]","[""欧洲"",""甜点""]"
404727,巧克力块热可可粉,556.9,17.2,79.9,37.2,22.9,23.7,38.7,45.1,6.4,4,snack,"[{""amount"":2,""name"":""白糖"",""unit"":""""},{""amount"":0.75,""name"":""牛奶"",""unit"":""""}]","[""适合幼儿"",""适合儿童"",""圣诞"",""工作日夜晚"",""少于15分钟"",""简单"",""饮料""]"
540856,自制健康坚果棒,688.5,21.6,25.1,61.1,7.5,16.5,3.4,137.9,0,1,snack,"[{""amount"":1,""name"":""葵花籽"",""unit"":""""},{""amount"":1,""name"":""核桃"",""unit"":""""},{""amount"":1,""name"":""盐"",""unit"":""""},{""amount"":1,""name"":""香草精"",""unit"":""""},{""amount"":1,""name"":""可可粉"",""unit"":""""},{""amount"":1,""name"":""椰子油"",""unit"":""""},{""amount"":1,""name"":""亚麻籽"",""unit"":""""}]","[""甜点"",""曲奇与布朗尼"",""椰子"",""水果"",""坚果"",""高蛋白"",""不含..."",""高含量..."",""少于4小时"",""简单"",""自制"",""棒状曲奇""]"
341555,低碳杏仁慕斯,634.3,37.1,8.7,49.6,31.4,0,1.2,522.1,190,1,snack,"[{""amount"":15,""name"":""全脂乳清干酪"",""unit"":""""},{""amount"":0.5,""name"":""水"",""unit"":""""},{""amount"":1,""name"":""原味明胶"",""unit"":""""},{""amount"":1,""name"":""香草精"",""unit"":""""},{""amount"":1,""name"":""代糖"",""unit"":""""},{""amount"":1,""name"":""盐"",""unit"":""""}]","[""少于15分钟"",""简单"",""甜点""]"
370392,梅子布丁,706.3,10.5,158.3,8.7,2.1,30.5,58.2,333.6,52.9,1,snack,"[{""amount"":0.25,""name"":""起酥油"",""unit"":""""},{""amount"":0.75,""name"":""糖蜜"",""unit"":""""},{""amount"":2,""name"":""鸡蛋"",""unit"":""""},{""amount"":0.25,""name"":""白糖"",""unit"":""""},{""amount"":2,""name"":""盐"",""unit"":""""},{""amount"":0.25,""name"":""肉桂"",""unit"":""""},{""amount"":1,""name"":""丁香"",""unit"":""""},{""amount"":1.5,""name"":""葡萄干"",""unit"":""""},{""amount"":0.5,""name"":""红醋栗"",""unit"":""""},{""amount"":1.5,""name"":""香橼"",""unit"":""""}]","[""简单"",""甜点""]"
528760,最佳杏仁酱布朗尼食谱,896.1,25.8,80.5,61.4,10.5,14.3,59.1,548.3,124,3,snack,"[{""amount"":2,""name"":""鸡蛋"",""unit"":""""},{""amount"":0.3333333333333333,""name"":""蜂蜜"",""unit"":""""},{""amount"":2,""name"":""细砂糖"",""unit"":""""},{""amount"":2,""name"":""香草精"",""unit"":""""},{""amount"":1,""name"":""杏仁酱"",""unit"":""""},{""amount"":6,""name"":""可可粉"",""unit"":""""},{""amount"":0.5,""name"":""小苏打"",""unit"":""""},{""amount"":0.125,""name"":""盐"",""unit"":""""},{""amount"":0.5,""name"":""巧克力豆"",""unit"":""""}]","[""少于60分钟"",""甜点""]"
476744,无皮香草芝士蛋糕,678.6,33.8,93.5,18.1,7.2,0,85.9,388,573,1,snack,"[{""amount"":3,""name"":""鸡蛋"",""unit"":""""},{""amount"":0.5,""name"":""代糖"",""unit"":""""},{""amount"":2,""name"":""香草豆沙"",""unit"":""""},{""amount"":750,""name"":""夸克奶酪"",""unit"":""""},{""amount"":250,""name"":""脱脂酸奶"",""unit"":""""}]","[""甜点"",""少于4小时"",""简单"",""自制"",""芝士蛋糕""]"
170214,爱尔兰咖啡布丁,492.2,31.6,31.7,26.2,10.3,0.9,29,121.5,207.6,4,snack,"[{""amount"":3,""name"":""鸡蛋"",""unit"":""""},{""amount"":4,""name"":""细砂糖"",""unit"":""""},{""amount"":4,""name"":""咖啡"",""unit"":""""},{""amount"":4,""name"":""明胶粉"",""unit"":""""},{""amount"":2,""name"":""爱尔兰迷雾利口酒"",""unit"":""-3""},{""amount"":5,""name"":""核桃"",""unit"":""""}]","[""甜点"",""欧洲"",""高蛋白"",""高含量..."",""甜味"",""少于60分钟"",""明胶""]"
107016,果冻披萨,145.6,29.1,3.9,2,1.7,0.6,3.1,68.2,0,10,snack,"[{""amount"":4,""name"":""明胶粉"",""unit"":""""},{""amount"":2.5,""name"":""开水"",""unit"":""""},{""amount"":1,""name"":""清凉奶油"",""unit"":""""},{""amount"":2,""name"":""覆盆子"",""unit"":""""}]","[""甜点"",""水果"",""高蛋白"",""适合幼儿"",""健康"",""适合儿童"",""高含量..."",""免煮"",""新手厨师"",""少于4小时"",""简单"",""明胶""]"
513276,加速生长鸡尾酒,373.8,21.6,54.4,11.5,5.9,11.7,25.3,137.2,34.2,1,snack,"[{""amount"":33,""name"":""牛奶"",""unit"":""""},{""amount"":250,""name"":""肉桂"",""unit"":""""},{""amount"":2,""name"":""白糖"",""unit"":""""}]","[""低胆固醇"",""健康"",""少于15分钟"",""简单"",""饮料""]"
257608,坚果黄油云朵,284.6,27.6,8.4,16.6,3.6,1.9,5,20.2,8,1,snack,"[{""amount"":2,""name"":""脱脂白软干酪"",""unit"":""""},{""amount"":4,""name"":""人造甜味剂"",""unit"":""""}]","[""甜点"",""少于15分钟"",""简单"",""冷冻甜点""]"
389525,妈妈的燕麦软曲奇,869.4,26.4,129.1,27.9,7.1,12.4,18.1,1369.4,76.2,1,snack,"[{""amount"":2,""name"":""燕麦"",""unit"":""""},{""amount"":0.25,""name"":""红糖"",""unit"":""""},{""amount"":0.25,""name"":""起酥油"",""unit"":""""},{""amount"":1,""name"":""鸡蛋"",""unit"":""""},{""amount"":1,""name"":""香草"",""unit"":""""},{""amount"":0.5,""name"":""牛奶"",""unit"":""""},{""amount"":1.25,""name"":""面粉"",""unit"":""""},{""amount"":1,""name"":""泡打粉"",""unit"":""""},{""amount"":1,""name"":""小苏打"",""unit"":""""},{""amount"":1,""name"":""盐"",""unit"":""""}]","[""甜点"",""曲奇与布朗尼"",""少于15分钟"",""滴落饼干""]"
260087,简易花生酱汁（冰淇淋浇头）,918.8,32.9,80.7,58.4,15.8,5.8,26,617.4,36.6,1,snack,"[{""amount"":0.6666666666666666,""name"":""淡奶"",""unit"":""""},{""amount"":0.5,""name"":""花生酱"",""unit"":""""},{""amount"":0.25,""name"":""淡玉米糖浆"",""unit"":""""}]","[""甜点"",""水果"",""坚果"",""适合幼儿"",""适合儿童"",""少于15分钟"",""新手厨师"",""简单"",""冷冻甜点""]"
398709,花生酱燕麦饼干,759.1,28.5,111.8,24.6,5,7.4,62.2,768.7,4,1,snack,"[{""amount"":3,""name"":""红糖"",""unit"":""""},{""amount"":1,""name"":""花生酱"",""unit"":""""},{""amount"":1,""name"":""不加糖苹果酱"",""unit"":""""},{""amount"":0.5,""name"":""蜂蜜"",""unit"":""""},{""amount"":0.25,""name"":""香草精"",""unit"":""""},{""amount"":2,""name"":""即食燕麦片"",""unit"":""""},{""amount"":3,""name"":""通用面粉"",""unit"":""""},{""amount"":1,""name"":""小苏打"",""unit"":""""}]","[""甜点"",""曲奇与布朗尼"",""少于15分钟"",""简单"",""滴落饼干""]"
112414,低碳花生酱慕斯,963.8,33.6,26.9,87,27.3,7.7,12,614.7,81.5,2,snack,"[{""amount"":1,""name"":""花生酱"",""unit"":""""},{""amount"":0.5,""name"":""三氯蔗糖代糖"",""unit"":""""}]","[""高蛋白"",""高含量..."",""少于15分钟"",""简单"",""甜点""]"
272556,牛奶蛋糕,797.7,35.4,123.2,19.3,12.3,0,121.5,478.8,74.8,1,snack,"[{""amount"":1,""name"":""瑞可塔奶酪"",""unit"":""""},{""amount"":0.5,""name"":""无盐黄油"",""unit"":""""},{""amount"":22.5,""name"":""脱脂奶粉"",""unit"":""""},{""amount"":22.5,""name"":""白糖"",""unit"":""""},{""amount"":2,""name"":""藏红花"",""unit"":""""}]","[""甜点"",""亚洲"",""印度"",""高蛋白"",""健康"",""高含量..."",""少于60分钟"",""简单"",""糖果""]"
156970,家常帕拉钦卡食谱,620.9,33.6,63.8,25.8,15,0.6,38.4,873.1,238.5,1,snack,"[{""amount"":6,""name"":""鸡蛋"",""unit"":""""},{""amount"":1,""name"":""牛奶"",""unit"":""""},{""amount"":3,""name"":""白糖"",""unit"":""""},{""amount"":96,""name"":""白软干酪"",""unit"":""""},{""amount"":8,""name"":""费城奶油奶酪"",""unit"":""""},{""amount"":8,""name"":""酸奶油"",""unit"":""""},{""amount"":16,""name"":""面粉"",""unit"":""""}]","[""供多人食用"",""少于4小时"",""甜点""]"
247587,咖喱扁豆汤,299.6,14.5,45.1,8,1.1,18.8,8.8,329.2,0,1,snack,"[{""amount"":3,""name"":""洋葱"",""unit"":""""},{""amount"":1,""name"":""芹菜茎"",""unit"":""""},{""amount"":3,""name"":""胡萝卜"",""unit"":""""},{""amount"":3,""name"":""蒜瓣"",""unit"":""""},{""amount"":4,""name"":""咖喱粉"",""unit"":""""},{""amount"":2,""name"":""绿扁豆"",""unit"":""""},{""amount"":1.5,""name"":""褐扁豆"",""unit"":""""},{""amount"":1,""name"":""肉桂棒"",""unit"":""""},{""amount"":28,""name"":""番茄丁带汁"",""unit"":""""},{""amount"":7,""name"":""水"",""unit"":""""},{""amount"":0,""name"":""酸奶"",""unit"":""""},{""amount"":0,""name"":""欧芹"",""unit"":""""}]","[""扁豆"",""豆类"",""亚洲"",""印度"",""咸味"",""炉灶顶"",""小型电器"",""少于4小时"",""简单"",""便宜"",""甜点""]"
268652,纯素蛋奶酒,546.4,24.9,43.4,31.3,2.7,8.4,15.6,306.8,0,1,snack,"[{""amount"":4.5,""name"":""豆奶"",""unit"":""""},{""amount"":3,""name"":""香草精"",""unit"":""""},{""amount"":1,""name"":""干甜味剂"",""unit"":""""},{""amount"":0.5,""name"":""枫糖浆"",""unit"":""""},{""amount"":2,""name"":""肉桂"",""unit"":""""},{""amount"":1.5,""name"":""豆蔻"",""unit"":""""},{""amount"":0.5,""name"":""肉豆蔻"",""unit"":""""},{""amount"":0.25,""name"":""丁香粉"",""unit"":""""},{""amount"":0.25,""name"":""朗姆酒"",""unit"":""""},{""amount"":0,""name"":""白兰地"",""unit"":""""}]","[""大豆/豆腐"",""豆类"",""无乳糖"",""纯素"",""无蛋"",""不含..."",""少于15分钟"",""小型电器"",""简单"",""便宜"",""饮料""]"
174719,西葫芦麦胚饼干,999.4,27.3,96.5,61.2,32.8,17.4,9.1,846.3,201.1,1,snack,"[{""amount"":1,""name"":""黄油"",""unit"":""""},{""amount"":0.75,""name"":""牛奶"",""unit"":""""},{""amount"":0.75,""name"":""香草"",""unit"":""""},{""amount"":1,""name"":""鸡蛋"",""unit"":""""},{""amount"":1,""name"":""全麦面粉"",""unit"":""""},{""amount"":2,""name"":""小麦胚芽"",""unit"":""""},{""amount"":1,""name"":""泡打粉"",""unit"":""""},{""amount"":1.5,""name"":""肉桂"",""unit"":""""},{""amount"":1.5,""name"":""盐"",""unit"":""""},{""amount"":0.25,""name"":""肉豆蔻"",""unit"":""""},{""amount"":0.25,""name"":""西葫芦"",""unit"":""""},{""amount"":1,""name"":""葡萄干"",""unit"":""""}]","[""曲奇与布朗尼"",""少于30分钟"",""简单"",""甜点""]"
508782,棉花糖花生酱热可可,950.9,30,85.8,65.9,30.8,12.6,31.5,574.5,42.7,1,snack,"[{""amount"":1.25,""name"":""牛奶"",""unit"":""""},{""amount"":0.25,""name"":""棉花糖奶油"",""unit"":""""},{""amount"":2,""name"":""奶油花生酱"",""unit"":""""},{""amount"":3,""name"":""犹太盐"",""unit"":""""}]","[""花生酱"",""冬季"",""少于15分钟"",""简单"",""饮料""]"
516152,健康猫王花生酱巧克力奶昔,580.8,23.7,57.6,33.6,5,10.9,26.6,590.6,0,1,snack,"[{""amount"":1,""name"":""豆奶"",""unit"":""""},{""amount"":1,""name"":""香蕉"",""unit"":""""},{""amount"":0.25,""name"":""烤花生"",""unit"":""""},{""amount"":1,""name"":""可可粉"",""unit"":""""}]","[""饮料"",""低胆固醇"",""少于15分钟"",""简单"",""冰沙""]"
209323,瑞可塔芝士巧克力草莓奶昔,538,24.9,43.5,38.7,23.9,12.3,7.4,211.8,36.3,1,snack,"[{""amount"":1,""name"":""脱脂牛奶"",""unit"":""""},{""amount"":0.25,""name"":""瑞可塔奶酪"",""unit"":""""},{""amount"":1,""name"":""草莓"",""unit"":""""},{""amount"":2,""name"":""烘焙巧克力"",""unit"":""""},{""amount"":0,""name"":""三氯蔗糖代糖"",""unit"":""""}]","[""饮料"",""少于15分钟"",""简单"",""冰沙""]"
301480,糖尿病患者的噩梦芭菲,745.5,20.4,78.9,44.6,6.7,17.6,43.9,342.5,9.6,4,snack,"[{""amount"":0.3333333333333333,""name"":""香草酸奶"",""unit"":""""},{""amount"":4,""name"":""草莓"",""unit"":""""},{""amount"":0.3333333333333333,""name"":""蓝莓"",""unit"":""""},{""amount"":0.3333333333333333,""name"":""覆盆子"",""unit"":""""},{""amount"":2,""name"":""香蕉"",""unit"":""""},{""amount"":2,""name"":""糖粉"",""unit"":""""}]","[""浆果"",""热带水果"",""水果"",""坚果"",""夏季"",""甜味"",""少于30分钟"",""甜点""]"
273550,燕麦蛋白奶昔,655,25.4,56,40.5,9.7,10.2,20.1,128.4,34.2,1,snack,"[{""amount"":0.25,""name"":""燕麦片"",""unit"":""""},{""amount"":1,""name"":""顺滑腰果酱"",""unit"":""""},{""amount"":1,""name"":""杏仁酱"",""unit"":""""},{""amount"":1,""name"":""蜂蜜"",""unit"":""""},{""amount"":1,""name"":""亚麻籽"",""unit"":""""},{""amount"":1,""name"":""牛奶"",""unit"":""""},{""amount"":0.5,""name"":""肉桂"",""unit"":""""},{""amount"":2,""name"":""无盐葵花籽"",""unit"":""""}]","[""奶昔"",""饮料"",""少于15分钟"",""简单"",""冰沙""]"
209801,甜点千层面,674.1,25.5,96.5,22.4,10.8,10.4,40.4,110,62.7,8,snack,"[{""amount"":16,""name"":""瑞可塔奶酪"",""unit"":""""},{""amount"":4,""name"":""白糖"",""unit"":""""},{""amount"":1,""name"":""猕猴桃"",""unit"":""""},{""amount"":8,""name"":""草莓"",""unit"":""""},{""amount"":4,""name"":""黑莓"",""unit"":""""},{""amount"":4,""name"":""薄荷枝"",""unit"":""""}]","[""健康"",""少于60分钟"",""甜点""]"
531130,绿巨人冰沙,803.4,13.6,183.8,11.2,1.3,26.1,128.6,143.8,0,1,snack,"[{""amount"":1,""name"":""菠菜"",""unit"":""""},{""amount"":1,""name"":""羽衣甘蓝"",""unit"":""""},{""amount"":1,""name"":""芹菜"",""unit"":""""},{""amount"":4,""name"":""蓝莓"",""unit"":""""},{""amount"":4,""name"":""草莓"",""unit"":""""},{""amount"":4,""name"":""红葡萄"",""unit"":""""},{""amount"":4,""name"":""苹果"",""unit"":""""},{""amount"":1,""name"":""梨"",""unit"":""""},{""amount"":0.5,""name"":""香蕉"",""unit"":""""},{""amount"":1,""name"":""亚麻籽"",""unit"":""""},{""amount"":2,""name"":""水"",""unit"":""""}]","[""饮料"",""低蛋白"",""低胆固醇"",""健康"",""少于15分钟"",""简单"",""冰沙""]"
451845,热可可（又名可可雪球）,993.6,33.6,148.6,31.2,17.9,5.4,126.4,1182.7,103.5,1,snack,"[{""amount"":2,""name"":""糖粉"",""unit"":""""},{""amount"":1,""name"":""奶粉"",""unit"":""""},{""amount"":2.5,""name"":""迷你棉花糖"",""unit"":""""},{""amount"":0.75,""name"":""盐"",""unit"":""""},{""amount"":1,""name"":""玉米淀粉"",""unit"":""""},{""amount"":2,""name"":""辣椒粉"",""unit"":""""}]","[""高含量..."",""少于15分钟"",""简单"",""饮料""]"
208367,轻盈简易面包布丁,649.2,27.8,121.7,6,2,5.3,16.9,1036.7,66.6,6,snack,"[{""amount"":2,""name"":""鸡蛋"",""unit"":""""},{""amount"":2.25,""name"":""1%低脂牛奶"",""unit"":""""},{""amount"":1.5,""name"":""三氯蔗糖颗粒"",""unit"":""""},{""amount"":1.5,""name"":""肉桂粉"",""unit"":""""},{""amount"":1,""name"":""香草精"",""unit"":""""},{""amount"":5,""name"":""葡萄干"",""unit"":""""}]","[""欧洲"",""适合儿童"",""少于60分钟"",""新手厨师"",""简单"",""便宜"",""甜点""]"
504256,黑莓冰沙,776.3,8.4,191.5,3,0.1,32.1,162.6,12.1,0,1,snack,"[{""amount"":1,""name"":""白糖"",""unit"":""""},{""amount"":1,""name"":""水"",""unit"":""""},{""amount"":2,""name"":""黑莓"",""unit"":""""},{""amount"":2,""name"":""黑莓"",""unit"":""""},{""amount"":0,""name"":""鲜榨柠檬汁"",""unit"":""""}]","[""甜点"",""浆果"",""水果"",""简单"",""冷冻甜点""]"
59402,巧克力花生酱奶昔,495.3,24.5,51,25.2,6.6,8.2,24.3,339.2,15.9,1,snack,"[{""amount"":1,""name"":""香蕉"",""unit"":""""},{""amount"":1,""name"":""豆奶"",""unit"":""""},{""amount"":0.5,""name"":""香草酸奶"",""unit"":""""},{""amount"":2,""name"":""花生酱"",""unit"":""""}]","[""饮料"",""热带水果"",""水果"",""低胆固醇"",""少于15分钟"",""小型电器"",""简单"",""冰沙""]"
301967,草莓雪纺派,355.6,27.4,42.4,9.5,3.2,1.7,32.4,257.1,0.3,8,snack,"[{""amount"":2.5,""name"":""未加糖草莓"",""unit"":""""},{""amount"":1,""name"":""无味明胶"",""unit"":""""},{""amount"":2,""name"":""白糖"",""unit"":""""},{""amount"":0.5,""name"":""全麦饼干碎底"",""unit"":""""},{""amount"":3,""name"":""新鲜草莓"",""unit"":""""}]","[""甜点"",""馅饼""]"
12193,橙香米布丁,949.2,28.2,213.1,2.4,1,8.1,110.9,302.6,9.8,1,snack,"[{""amount"":0.3333333333333333,""name"":""大米"",""unit"":""""},{""amount"":2,""name"":""脱脂牛奶"",""unit"":""""},{""amount"":1.5,""name"":""蜂蜜"",""unit"":""""},{""amount"":0.5,""name"":""葡萄干"",""unit"":""""},{""amount"":0.25,""name"":""香草精"",""unit"":""""},{""amount"":6,""name"":""椰枣"",""unit"":""-8""}]","[""大米"",""亚洲"",""印度"",""低胆固醇"",""健康"",""工作日夜晚"",""烤箱"",""少于4小时"",""甜点""]"
375515,蜜桃之味,658.1,25.2,80.2,28.9,7.6,9.4,56.6,282.7,38.1,1,snack,"[{""amount"":0.5,""name"":""脱脂部分乳清干酪"",""unit"":""""},{""amount"":1.5,""name"":""葡萄"",""unit"":""""}]","[""饮料"",""低胆固醇"",""少于15分钟"",""简单"",""冰沙""]"
505441,香蕉莓果早餐浓稠奶昔,375.6,23.9,64.9,3.2,1.9,6.2,49.1,301.2,17.1,1,snack,"[{""amount"":1,""name"":""1%低脂牛奶"",""unit"":""""},{""amount"":1,""name"":""香蕉"",""unit"":""""},{""amount"":0.5,""name"":""冷冻草莓"",""unit"":""""},{""amount"":1,""name"":""香草"",""unit"":""""},{""amount"":0.5,""name"":""甜菊糖粉"",""unit"":""""}]","[""奶昔"",""饮料"",""浆果"",""热带水果"",""水果"",""少于15分钟"",""简单"",""冰沙""]"
476051,自制奶油乳清干酪,738.1,35.6,56.5,41.6,24.1,0.1,57.2,984.1,130.6,1,snack,"[{""amount"":8,""name"":""均质牛奶"",""unit"":""""},{""amount"":0.25,""name"":""柠檬汁"",""unit"":""""},{""amount"":0.5,""name"":""犹太盐"",""unit"":""""}]","[""欧洲"",""少于30分钟"",""简单"",""自制"",""甜点""]"
173492,百香果芝士蛋糕（低脂版）,353.5,27.7,24.1,16.3,9.1,2.3,15.5,494.2,184.5,4,snack,"[{""amount"":6,""name"":""瑞可塔奶酪"",""unit"":""""},{""amount"":250,""name"":""鸡蛋"",""unit"":""""},{""amount"":250,""name"":""玉米淀粉"",""unit"":""""},{""amount"":3,""name"":""细砂糖"",""unit"":""""},{""amount"":2,""name"":""青柠，汁和皮屑"",""unit"":""""},{""amount"":50,""name"":""百香果"",""unit"":""""},{""amount"":1,""name"":""百香果"",""unit"":""""}]","[""水果"",""新西兰"",""适合儿童"",""少于60分钟"",""甜点""]"
280017,甘纳许,794.2,21,58.7,75.4,46,24.3,13.5,69.5,0,1,snack,"[{""amount"":5,""name"":""黑巧克力"",""unit"":""""},{""amount"":0.25,""name"":""豆奶"",""unit"":""""},{""amount"":1,""name"":""枫糖浆"",""unit"":""""}]","[""少于15分钟"",""简单"",""甜点""]"
536715,鱼肉派配花椰菜泥,279.4,24.8,15.4,12.2,4.8,3.9,4.3,133,59.4,6,snack,"[{""amount"":1,""name"":""洋葱"",""unit"":""""},{""amount"":1,""name"":""韭葱"",""unit"":""""},{""amount"":1,""name"":""胡萝卜"",""unit"":""""},{""amount"":1,""name"":""芹菜茎"",""unit"":""""},{""amount"":0.5,""name"":""茴香球茎"",""unit"":""""},{""amount"":1,""name"":""干莳萝"",""unit"":""""},{""amount"":1,""name"":""月桂叶"",""unit"":""""},{""amount"":1,""name"":""酥油"",""unit"":""""},{""amount"":100,""name"":""白葡萄酒"",""unit"":""""},{""amount"":600,""name"":""竹芋粉"",""unit"":""""},{""amount"":2,""name"":""新鲜欧芹"",""unit"":""""},{""amount"":1,""name"":""帕玛森奶酪"",""unit"":""""},{""amount"":2,""name"":""花椰菜"",""unit"":""-3""},{""amount"":25,""name"":""蒜瓣"",""unit"":""""},{""amount"":1,""name"":""黄油"",""unit"":""""},{""amount"":0,""name"":""英式芥末"",""unit"":""""}]","[""甜点"",""低胆固醇"",""少于4小时"",""馅饼""]"
356708,超级香蕉奶昔,350.5,25.5,61.4,1.3,0.7,3.1,35.2,360.1,12.9,1,snack,"[{""amount"":1,""name"":""香蕉"",""unit"":""""},{""amount"":1,""name"":""脱脂牛奶"",""unit"":""""},{""amount"":0.3333333333333333,""name"":""脱脂奶粉"",""unit"":""""}]","[""饮料"",""热带水果"",""水果"",""少于15分钟"",""简单"",""奶昔""]"
48568,德式老式饼干,697,26.1,58.4,44.8,6.2,7.8,43.7,49.3,0,1,snack,"[{""amount"":1,""name"":""西班牙花生"",""unit"":""""},{""amount"":3,""name"":""面粉"",""unit"":""""},{""amount"":3,""name"":""白糖"",""unit"":""""}]","[""甜点"",""曲奇与布朗尼"",""水果"",""坚果"",""德语"",""欧洲"",""高蛋白"",""高含量..."",""圣诞"",""少于60分钟"",""简单"",""滴落饼干""]"
49738,杏仁膏,949.5,25.4,103.3,54,4.9,11.8,88.3,47.7,141,1,snack,"[{""amount"":150,""name"":""白糖"",""unit"":""""},{""amount"":125,""name"":""鸡蛋"",""unit"":""""},{""amount"":1,""name"":""香草精"",""unit"":""""}]","[""水果"",""坚果"",""荷兰语"",""欧洲"",""不含..."",""圣诞"",""工作日夜晚"",""免煮"",""简单"",""甜点""]"
278706,双倍奶昔,362.9,25.5,62,1.3,0.7,3.1,35.7,360.5,12.9,1,snack,"[{""amount"":1,""name"":""脱脂牛奶"",""unit"":""""},{""amount"":0.3333333333333333,""name"":""脱脂牛奶"",""unit"":""""},{""amount"":1,""name"":""香蕉"",""unit"":""""},{""amount"":1,""name"":""香草精"",""unit"":""""},{""amount"":1,""name"":""肉桂粉"",""unit"":""""}]","[""奶昔"",""饮料"",""热带水果"",""水果"",""低胆固醇"",""健康"",""适合儿童"",""高含量..."",""冰沙""]"
163449,椰林飘香面包布丁,779.5,28.6,137.6,11.7,6.4,5.8,24.9,1064.5,82.1,1,snack,"[{""amount"":1,""name"":""淡奶"",""unit"":""""},{""amount"":10,""name"":""椰子奶油"",""unit"":""""},{""amount"":6,""name"":""香蕉"",""unit"":""""},{""amount"":12,""name"":""鸡蛋"",""unit"":""""},{""amount"":0.5,""name"":""淡朗姆酒"",""unit"":""""},{""amount"":2,""name"":""葡萄干"",""unit"":""""},{""amount"":3,""name"":""柠檬皮"",""unit"":""""},{""amount"":0.25,""name"":""薄荷枝"",""unit"":""""}]","[""菠萝"",""热带水果"",""水果"",""少于60分钟"",""甜点""]"
174633,老男孩果酱,271.6,6,64.4,2.5,0.1,27.5,32.3,6.2,0,1,snack,"[{""amount"":1,""name"":""草莓"",""unit"":""""},{""amount"":1,""name"":""覆盆子"",""unit"":""""},{""amount"":1,""name"":""雅文邑"",""unit"":""""}]","[""覆盆子"",""草莓"",""浆果"",""水果"",""欧洲"",""简单"",""饮料""]"
188626,水果蛋糕方块,848.2,21.7,117.2,39.6,5.9,15.6,72.8,654.7,141,1,snack,"[{""amount"":0.5,""name"":""通用面粉"",""unit"":""""},{""amount"":0.5,""name"":""泡打粉"",""unit"":""""},{""amount"":1,""name"":""椰枣"",""unit"":""""},{""amount"":1,""name"":""鸡蛋"",""unit"":""""},{""amount"":0.75,""name"":""白糖"",""unit"":""""}]","[""甜点"",""曲奇与布朗尼"",""柑橘"",""水果"",""坚果"",""少于4小时"",""棒状曲奇""]"
460988,酸味软糖,718,31.2,153.8,0,0,0,146.3,840.5,0,1,snack,"[{""amount"":3,""name"":""无味明胶"",""unit"":""""},{""amount"":2,""name"":""果冻明胶"",""unit"":""""},{""amount"":1,""name"":""水"",""unit"":""""}]","[""甜点"",""适合儿童"",""少于30分钟"",""简单"",""糖果""]"
334403,意式热巧克力,661.8,21.6,57.1,55.3,34.2,18.6,13.6,142.9,34.2,1,snack,"[{""amount"":5,""name"":""白糖"",""unit"":""""},{""amount"":2,""name"":""黑巧克力"",""unit"":""""},{""amount"":6,""name"":""牛奶"",""unit"":""""}]","[""欧洲"",""冬季"",""少于15分钟"",""新手厨师"",""简单"",""饮料""]"
210673,巧克力乡村莓果冰沙,397.6,26.3,46.2,13,7.9,3.7,23.8,622,43.1,1,snack,"[{""amount"":0.5,""name"":""巧克力冰淇淋"",""unit"":""""},{""amount"":0.5,""name"":""白软干酪"",""unit"":""""},{""amount"":1,""name"":""草莓"",""unit"":""""},{""amount"":1,""name"":""脱脂牛奶"",""unit"":""""}]","[""饮料"",""低胆固醇"",""健康"",""少于15分钟"",""简单"",""冰沙""]"
189361,无糖热巧克力,238.8,22.7,36.1,3.5,2.1,5.4,0.3,293.7,9.8,1,snack,"[{""amount"":2,""name"":""脱脂牛奶"",""unit"":""""},{""amount"":8,""name"":""三氯蔗糖颗粒"",""unit"":""""},{""amount"":3,""name"":""三氯蔗糖代糖"",""unit"":""""},{""amount"":0,""name"":""可可粉"",""unit"":""""}]","[""冬季"",""甜味"",""少于15分钟"",""新手厨师"",""简单"",""饮料""]"
188088,鲜梨果汁,673.9,4.8,177.6,2.1,0.2,34.3,121.7,54.4,0,1,snack,"[{""amount"":3,""name"":""梨"",""unit"":""""},{""amount"":3,""name"":""青苹果"",""unit"":""""},{""amount"":1,""name"":""苹果"",""unit"":""""},{""amount"":6,""name"":""草莓"",""unit"":""""},{""amount"":1,""name"":""胡萝卜"",""unit"":""""}]","[""低蛋白"",""低胆固醇"",""健康"",""少于15分钟"",""简单"",""饮料""]"
232821,牙买加胡萝卜汁,919.9,21.9,170.2,19.8,11.8,17.3,139.3,694,69.4,1,snack,"[{""amount"":2,""name"":""胡萝卜"",""unit"":""""},{""amount"":5,""name"":""水"",""unit"":""""},{""amount"":1,""name"":""肉豆蔻"",""unit"":""""},{""amount"":1,""name"":""香草"",""unit"":""""}]","[""非洲"",""极低碳水化合物"",""低蛋白"",""低胆固醇"",""少于15分钟"",""简单"",""饮料""]"
152073,低脂甘纳许,934.9,21.6,147,47.6,29.4,21.3,111,413.8,3.4,1,snack,"[{""amount"":0.5,""name"":""白糖"",""unit"":""""},{""amount"":0.3333333333333333,""name"":""脱脂淡奶"",""unit"":""""},{""amount"":0.25,""name"":""香草精"",""unit"":""""},{""amount"":0.5,""name"":""盐"",""unit"":""""}]","[""少于15分钟"",""简单"",""甜点""]"
7332,香辣杏仁,734.4,23.2,24.2,66,11.5,12.8,6.7,87.1,30.5,4,snack,"[{""amount"":0.25,""name"":""无盐黄油"",""unit"":""""},{""amount"":2,""name"":""伍斯特酱"",""unit"":""""},{""amount"":1,""name"":""孜然"",""unit"":""""},{""amount"":0.5,""name"":""白糖"",""unit"":""""},{""amount"":1,""name"":""大蒜粉"",""unit"":""""},{""amount"":0.5,""name"":""辣椒粉"",""unit"":""""},{""amount"":3,""name"":""海盐"",""unit"":""""}]","[""高蛋白"",""高含量..."",""辣味"",""少于30分钟"",""烤箱"",""甜点""]"
460892,蓝莓芒果奶昔,408.8,7.8,88.2,6.9,3.2,27.2,56.4,102.6,19.3,1,snack,"[{""amount"":0.3333333333333333,""name"":""香草冰淇淋"",""unit"":""- 1/2""},{""amount"":2,""name"":""冷冻蓝莓"",""unit"":""""},{""amount"":0.6666666666666666,""name"":""百香果"",""unit"":""""}]","[""奶昔"",""饮料"",""甜点"",""芒果"",""浆果"",""热带水果"",""水果"",""低蛋白"",""低胆固醇"",""适合幼儿"",""健康"",""适合儿童"",""不含..."",""夏季"",""甜味"",""工作日夜晚"",""少于15分钟"",""新手厨师"",""简单"",""便宜"",""冷冻甜点""]"
95872,意式覆盆子冰沙（冰淇淋机版）,648.7,6,160.8,3.2,0.1,32.1,122.2,7.5,0,1,snack,"[{""amount"":2,""name"":""覆盆子"",""unit"":""""},{""amount"":1,""name"":""白糖"",""unit"":""""},{""amount"":1,""name"":""水"",""unit"":""""}]","[""甜点"",""覆盆子"",""浆果"",""水果"",""欧洲"",""低蛋白"",""低胆固醇"",""健康"",""少于60分钟"",""小型电器"",""简单"",""冷冻甜点""]"
411337,香料橙热蜜酒（成人版）,350,7.8,92.3,10.1,3.3,26.3,12.9,81.2,0,1,snack,"[{""amount"":1,""name"":""橙子"",""unit"":""""},{""amount"":1,""name"":""肉桂棒"",""unit"":""""},{""amount"":3,""name"":""整粒丁香"",""unit"":""""},{""amount"":7,""name"":""整粒多香果"",""unit"":""""},{""amount"":7,""name"":""肉豆蔻"",""unit"":""""},{""amount"":1,""name"":""柑曼怡利口酒"",""unit"":""""}]","[""少于30分钟"",""简单"",""饮料""]"
229549,塞利斯芝士蛋糕,243.2,27.2,14.1,8.9,5.6,0,0.2,1235.4,28.7,1,snack,"[{""amount"":1,""name"":""低脂奶油奶酪"",""unit"":""""},{""amount"":1,""name"":""低脂甜炼乳"",""unit"":""""},{""amount"":1,""name"":""香草"",""unit"":""""}]","[""甜点"",""无蛋"",""不含..."",""少于4小时"",""芝士蛋糕""]"
278830,周日绿色果汁饮——早餐佳品,264.4,11.8,68.1,3,0.5,19.2,21.5,189.4,0,1,snack,"[{""amount"":2,""name"":""羽衣甘蓝"",""unit"":""""},{""amount"":2,""name"":""柠檬"",""unit"":""""},{""amount"":1,""name"":""青柠"",""unit"":""""},{""amount"":1,""name"":""苹果"",""unit"":""""},{""amount"":1,""name"":""黄瓜"",""unit"":""""},{""amount"":0.25,""name"":""鲜姜"",""unit"":""""},{""amount"":1,""name"":""欧芹"",""unit"":""""},{""amount"":1,""name"":""水"",""unit"":""""}]","[""蔬菜"",""低蛋白"",""低胆固醇"",""健康"",""少于15分钟"",""简单"",""饮料""]"
54331,糖尿病患者的糖粉替代品（无糖）,614.7,29.1,119.5,0.7,0.4,0.8,41.6,435.7,16,1,snack,"[{""amount"":2,""name"":""玉米淀粉"",""unit"":""""},{""amount"":2,""name"":""三氯蔗糖颗粒"",""unit"":""""}]","[""少于15分钟"",""免煮"",""简单"",""甜点""]"
309742,香蕉曼达兹,921.6,29.5,161.9,17.6,9.4,6.7,33.9,2074.8,157,1,snack,"[{""amount"":1,""name"":""鸡蛋"",""unit"":""""},{""amount"":2,""name"":""香蕉"",""unit"":""""},{""amount"":750,""name"":""牛奶"",""unit"":""""},{""amount"":0.5,""name"":""香草精"",""unit"":""""},{""amount"":500,""name"":""自发面粉"",""unit"":""""},{""amount"":1,""name"":""泡打粉"",""unit"":""""},{""amount"":3,""name"":""细砂糖"",""unit"":""""},{""amount"":0.25,""name"":""多香果粉"",""unit"":""""},{""amount"":0,""name"":""罗勒叶"",""unit"":""""},{""amount"":0,""name"":""糖粉"",""unit"":""""}]","[""热带水果"",""水果"",""南非"",""非洲"",""健康"",""少于30分钟"",""简单"",""甜点""]"
296162,芝士甜点,498.5,29.1,66.8,12.8,6.4,0.4,50.9,756.8,236.9,1,snack,"[{""amount"":4,""name"":""鸡蛋"",""unit"":""""},{""amount"":1,""name"":""白糖"",""unit"":""""},{""amount"":0.5,""name"":""肉桂"",""unit"":""""},{""amount"":1,""name"":""面粉"",""unit"":""""},{""amount"":0,""name"":""小凝乳白软干酪"",""unit"":""""}]","[""奶酪"",""健康"",""新手厨师"",""少于4小时"",""简单"",""便宜"",""甜点""]"
376431,西班牙热巧克力,768.8,26.9,61.8,58.3,36.1,12.7,13.3,271.8,72.4,1,snack,"[{""amount"":150,""name"":""黑巧克力"",""unit"":""""},{""amount"":1,""name"":""牛奶"",""unit"":""""},{""amount"":1,""name"":""玉米淀粉"",""unit"":""""},{""amount"":2,""name"":""白糖"",""unit"":""-4""}]","[""西班牙语"",""欧洲"",""甜味"",""少于30分钟"",""新手厨师"",""简单"",""便宜"",""饮料""]"
363999,巧克力榛子奶昔,940.7,21.3,46.5,82.4,6.2,16.3,18.2,15.5,0,1,snack,"[{""amount"":1,""name"":""榛子"",""unit"":""""},{""amount"":3,""name"":""水"",""unit"":""""},{""amount"":1,""name"":""香草豆荚"",""unit"":""""},{""amount"":0.5,""name"":""肉桂"",""unit"":""""},{""amount"":1,""name"":""香蕉"",""unit"":""""}]","[""饮料"",""纯素"",""适合儿童"",""少于15分钟"",""新手厨师"",""简单"",""冰沙""]"
132143,真巧克力蛋糕,664.6,22.1,33.2,66.1,39,18.1,1.5,116.8,275,8,snack,"[{""amount"":10,""name"":""鸡蛋"",""unit"":""""},{""amount"":750,""name"":""黑巧克力"",""unit"":""""},{""amount"":75,""name"":""柑曼怡利口酒"",""unit"":""""}]","[""少于4小时"",""简单"",""甜点""]"
476828,能量绿蔬果昔,394,17.8,64.5,12.7,2.4,12.8,27.2,153.2,7.3,1,snack,"[{""amount"":2,""name"":""亚麻籽"",""unit"":""""},{""amount"":2,""name"":""新鲜羽衣甘蓝"",""unit"":""""},{""amount"":1,""name"":""菠菜"",""unit"":""""},{""amount"":2,""name"":""香蕉"",""unit"":""""},{""amount"":1,""name"":""脱脂原味酸奶"",""unit"":""""},{""amount"":3,""name"":""蜂蜜"",""unit"":""""}]","[""奶昔"",""饮料"",""谷物"",""绿叶蔬菜"",""水果"",""蔬菜"",""犹太洁食"",""少于15分钟"",""简单"",""冰沙""]"
469913,懒人布丁松露球,763.3,19.2,46.8,77.5,47.9,24.9,3.7,47,3.6,1,snack,"[{""amount"":2,""name"":""李子"",""unit"":""""},{""amount"":50,""name"":""黄油"",""unit"":""""},{""amount"":0.5,""name"":""可可粉"",""unit"":""""},{""amount"":0.5,""name"":""白兰地"",""unit"":""""},{""amount"":150,""name"":""巧克力"",""unit"":""""}]","[""圣诞"",""少于30分钟"",""简单"",""甜点""]"
275014,特制牛奶焦糖布丁,651.7,31.9,63.5,30.3,14.9,0,50.2,430.2,597.9,1,snack,"[{""amount"":30,""name"":""鸡蛋"",""unit"":""""},{""amount"":56,""name"":""淡奶"",""unit"":""""},{""amount"":36,""name"":""白糖"",""unit"":""""}]","[""墨西哥"",""甜味"",""少于60分钟"",""烤箱"",""冷藏"",""蒸汽"",""炉灶顶"",""简单"",""便宜"",""甜点""]"
294369,玛丽乡村奶酪甜点,299.7,26,25.2,10.9,8.5,2,15.3,757.5,14.8,4,snack,"[{""amount"":1,""name"":""无糖覆盆子果冻粉"",""unit"":""""},{""amount"":1,""name"":""清凉奶油轻脂版"",""unit"":""""},{""amount"":1,""name"":""新鲜覆盆子"",""unit"":""""},{""amount"":24,""name"":""低脂小凝乳白软干酪"",""unit"":""""}]","[""水果"",""少于4小时"",""简单"",""甜点""]"
176746,豆腐花生酱奶昔,699.7,25.7,76.9,37.5,7.4,7.3,56.3,309.6,0,1,snack,"[{""amount"":0.5,""name"":""嫩豆腐"",""unit"":""""},{""amount"":0.25,""name"":""奶油花生酱"",""unit"":""""},{""amount"":1,""name"":""香蕉"",""unit"":""""},{""amount"":2,""name"":""蜂蜜"",""unit"":""""},{""amount"":1,""name"":""白糖"",""unit"":""""},{""amount"":1,""name"":""香草"",""unit"":""-2""}]","[""饮料"",""大豆/豆腐"",""豆类"",""低胆固醇"",""健康"",""少于15分钟"",""简单"",""冰沙""]"
351482,果冻魔法奶昔,262.7,26.6,15.6,10.9,6.8,0.1,3.8,175.1,42.1,4,snack,"[{""amount"":4,""name"":""牛奶"",""unit"":""""},{""amount"":3,""name"":""明胶"",""unit"":""""},{""amount"":0.5,""name"":""冰淇淋"",""unit"":""""}]","[""饮料"",""适合幼儿"",""适合儿童"",""甜味"",""少于15分钟"",""简单"",""奶昔""]"
378247,低脂低糖雀巢炼乳,584.4,28.9,116.8,0.6,0.4,0,116.7,429.4,16,4,snack,"[{""amount"":2.6666666666666665,""name"":""白糖"",""unit"":""""},{""amount"":1.5,""name"":""水"",""unit"":""""},{""amount"":1,""name"":""香草"",""unit"":""""}]","[""加拿大"",""非洲"",""亚洲"",""低胆固醇"",""健康"",""高含量..."",""甜味"",""少于15分钟"",""简单"",""甜点""]"
192271,花生酱果酱面包布丁,578,25.5,58.5,29.3,8.6,6,22.6,596.9,281.5,1,snack,"[{""amount"":8,""name"":""巧克力豆"",""unit"":""""},{""amount"":0.5,""name"":""鸡蛋"",""unit"":""""},{""amount"":0.25,""name"":""牛奶"",""unit"":""""},{""amount"":0.5,""name"":""南瓜派香料"",""unit"":""""},{""amount"":0.5,""name"":""肉桂"",""unit"":""""},{""amount"":5,""name"":""白糖"",""unit"":""""},{""amount"":2,""name"":""枫糖浆"",""unit"":""""}]","[""少于60分钟"",""甜点""]"
345138,无糖蛋奶酒,310.5,26.1,47,1.3,0.8,0.1,40.9,788.1,14.8,3,snack,"[{""amount"":1,""name"":""无糖即食香草布丁粉"",""unit"":""""},{""amount"":7,""name"":""脱脂牛奶"",""unit"":""""},{""amount"":1,""name"":""香草"",""unit"":""""},{""amount"":2,""name"":""代糖"",""unit"":""""},{""amount"":1,""name"":""脱脂淡奶"",""unit"":""""}]","[""冬季"",""圣诞"",""少于15分钟"",""简单"",""饮料""]"
399238,自制瑞典鱼形软糖,204.8,25.6,25.9,0.5,0.1,0,0,95.3,0,4,snack,"[{""amount"":1,""name"":""水果味吉利丁"",""unit"":""""},{""amount"":7,""name"":""无味明胶"",""unit"":""""},{""amount"":0.5,""name"":""冷水"",""unit"":""""}]","[""甜点"",""工作日夜晚"",""少于30分钟"",""简单"",""糖果""]"
478822,快乐果冻,312.2,25.3,38.4,7.8,4.5,1.5,37.1,110.5,19.9,1,snack,"[{""amount"":1.75,""name"":""开水"",""unit"":""""},{""amount"":6,""name"":""明胶"",""unit"":""""},{""amount"":16,""name"":""蔓越莓果冻酱"",""unit"":""""},{""amount"":20,""name"":""酸奶油"",""unit"":""""}]","[""水果"",""低胆固醇"",""适合幼儿"",""健康"",""适合儿童"",""家常菜聚餐"",""少于15分钟"",""简单"",""甜点""]"
297279,免烤草莓芝士挞（低脂版）,354.1,26.3,37.6,10.7,3.3,0.7,31.2,795.1,21.1,4,snack,"[{""amount"":0.5,""name"":""脱脂原味酸奶"",""unit"":""""},{""amount"":4,""name"":""迷你全麦饼干派皮"",""unit"":""""},{""amount"":1,""name"":""低脂白软干酪"",""unit"":""""},{""amount"":3.5,""name"":""白糖"",""unit"":""""},{""amount"":0.25,""name"":""三氯蔗糖代糖"",""unit"":""""},{""amount"":0.75,""name"":""香草"",""unit"":""""},{""amount"":0.125,""name"":""肉桂"",""unit"":""""},{""amount"":0.5,""name"":""草莓"",""unit"":""""}]","[""甜点"",""奶酪"",""春季"",""夏季"",""冷藏"",""小型电器"",""少于4小时"",""简单"",""芝士蛋糕""]"
92673,木瓜奶昔,809.2,30,95,36.9,22.4,5.5,44.4,466.7,141.3,1,snack,"[{""amount"":2,""name"":""木瓜"",""unit"":""""},{""amount"":1.5,""name"":""淡奶"",""unit"":""""},{""amount"":2,""name"":""香草冰淇淋"",""unit"":""""},{""amount"":1,""name"":""白糖"",""unit"":""""},{""amount"":0,""name"":""薄荷叶"",""unit"":""""}]","[""饮料"",""水果"",""少于15分钟"",""简单"",""奶昔""]"
510103,千层南瓜蛋白酥皮派,687.1,28.5,98.6,20,9.3,3.3,53.2,794.6,99.7,8,snack,"[{""amount"":2.5,""name"":""黄油"",""unit"":""""},{""amount"":0.3333333333333333,""name"":""无味明胶"",""unit"":""""},{""amount"":1,""name"":""白兰地"",""unit"":""""},{""amount"":2,""name"":""浅红糖"",""unit"":""""},{""amount"":0.75,""name"":""肉桂粉"",""unit"":""""},{""amount"":1,""name"":""姜粉"",""unit"":""""},{""amount"":0.5,""name"":""丁香粉"",""unit"":""""},{""amount"":0.25,""name"":""盐"",""unit"":""""},{""amount"":0.25,""name"":""罐装南瓜泥"",""unit"":""""},{""amount"":14,""name"":""牛奶"",""unit"":""""},{""amount"":0.5,""name"":""鸡蛋"",""unit"":""""},{""amount"":3,""name"":""橙皮屑"",""unit"":""""},{""amount"":1,""name"":""细砂糖"",""unit"":""""},{""amount"":0.3333333333333333,""name"":""酸奶油"",""unit"":""""},{""amount"":0.5,""name"":""塔塔粉"",""unit"":""""},{""amount"":6,""name"":""细砂糖"",""unit"":""""},{""amount"":0.5,""name"":""玉米淀粉"",""unit"":""""}]","[""甜点"",""南瓜"",""蔬菜"",""加拿大"",""圣诞"",""感恩节"",""烘焙"",""烤箱"",""冷藏"",""小型电器"",""少于4小时"",""馅饼""]"
30293,一人份速溶墨西哥可可,288.3,23.3,48.9,1.6,0.9,2.9,44,323.8,12,1,snack,"[{""amount"":0.5,""name"":""细砂糖"",""unit"":""""},{""amount"":1,""name"":""肉桂"",""unit"":""-2""},{""amount"":1.5,""name"":""香草精"",""unit"":""""},{""amount"":0.125,""name"":""开水"",""unit"":""""}]","[""甜点"",""墨西哥"",""低胆固醇"",""高蛋白"",""健康"",""适合儿童"",""高含量..."",""冬季"",""少于15分钟"",""免煮"",""新手厨师"",""简单"",""饮料""]"
499365,哥斯达黎加大麦米饮,868.6,18.1,192.3,3.1,0.9,17.4,51.3,52.1,0,1,snack,"[{""amount"":1,""name"":""长粒米"",""unit"":""""},{""amount"":1,""name"":""大麦"",""unit"":""""},{""amount"":2,""name"":""肉桂棒"",""unit"":""""},{""amount"":10,""name"":""水"",""unit"":""""},{""amount"":0.5,""name"":""白糖"",""unit"":""""},{""amount"":1,""name"":""香草精"",""unit"":""""},{""amount"":1,""name"":""肉豆蔻粉"",""unit"":""""}]","[""大米"",""谷物"",""哥斯达黎加"",""纯素"",""适合儿童"",""工作日夜晚"",""少于60分钟"",""便宜"",""自制"",""饮料""]"
139454,莓果大黄酥,919.6,11.7,162,29.4,16.1,29.6,89.6,328.5,64.5,2,snack,"[{""amount"":5,""name"":""红糖"",""unit"":""""},{""amount"":2,""name"":""泡打粉"",""unit"":""""},{""amount"":0.5,""name"":""无盐黄油"",""unit"":""""},{""amount"":1,""name"":""中筋面粉"",""unit"":""""},{""amount"":60,""name"":""覆盆子"",""unit"":""""},{""amount"":0.5,""name"":""黑莓"",""unit"":""""},{""amount"":500,""name"":""大黄"",""unit"":""""},{""amount"":250,""name"":""细砂糖"",""unit"":""""},{""amount"":0.5,""name"":""面粉"",""unit"":""""}]","[""覆盆子"",""浆果"",""水果"",""低蛋白"",""健康"",""少于60分钟"",""甜点""]"
115370,贝利甜心巧克力慕斯,906.4,26.8,37.9,86.2,50.4,16.1,8,197.9,517.4,3,snack,"[{""amount"":250,""name"":""巧克力"",""unit"":""""},{""amount"":2,""name"":""百利甜酒"",""unit"":""""},{""amount"":6,""name"":""鸡蛋"",""unit"":""""},{""amount"":142,""name"":""新鲜薄荷"",""unit"":""""}]","[""欧洲"",""犹太洁食"",""冷藏"",""少于4小时"",""甜点""]"
510661,免烤可可燕麦派皮,764.4,18.9,171.1,7.5,2.5,15.1,70.7,167.8,0,1,snack,"[{""amount"":0.25,""name"":""面粉"",""unit"":""""},{""amount"":0.5,""name"":""传统燕麦片"",""unit"":""""},{""amount"":0.75,""name"":""蜂蜜"",""unit"":""""},{""amount"":0.25,""name"":""盐"",""unit"":""""}]","[""低胆固醇"",""健康"",""少于15分钟"",""简单"",""甜点""]"
525974,热巧克力樱桃布朗尼,274.4,16.9,48.7,3,1,10.9,13,104.6,42.9,9,snack,"[{""amount"":2,""name"":""可可粉"",""unit"":""""},{""amount"":0.5,""name"":""细砂糖"",""unit"":""""},{""amount"":0.5,""name"":""全麦面粉"",""unit"":""""},{""amount"":0.25,""name"":""香草"",""unit"":""""},{""amount"":0.25,""name"":""泡打粉"",""unit"":""""},{""amount"":0.25,""name"":""樱桃"",""unit"":""""},{""amount"":2,""name"":""脱脂牛奶"",""unit"":""""},{""amount"":0.5,""name"":""鸡蛋"",""unit"":""""},{""amount"":0.5,""name"":""低脂白软干酪"",""unit"":""""},{""amount"":0.5,""name"":""辣椒粉"",""unit"":""""}]","[""曲奇与布朗尼"",""少于60分钟"",""甜点""]"
19932,搅拌机舒芙蕾,548.3,29.3,38.6,30.4,16.7,1.6,3.4,1488.9,288.1,4,snack,"[{""amount"":8,""name"":""切达干酪（陈年）"",""unit"":""""},{""amount"":1,""name"":""盐"",""unit"":""""},{""amount"":10,""name"":""鸡蛋"",""unit"":""""},{""amount"":4,""name"":""牛奶"",""unit"":""""},{""amount"":16,""name"":""芥末粉"",""unit"":""""}]","[""甜点"",""奶酪"",""苏格兰"",""欧洲"",""适合儿童"",""家常菜聚餐"",""工作日夜晚"",""烤箱"",""小型电器"",""少于4小时"",""简单"",""便宜"",""面包""]"
531199,鸡肉馅饼（摩洛哥风味）,504.6,25.6,26.4,33.6,7.4,3.8,7.1,703.9,199.1,6,snack,"[{""amount"":1,""name"":""鸡肉"",""unit"":""""},{""amount"":1,""name"":""蒜瓣"",""unit"":""""},{""amount"":2,""name"":""洋葱"",""unit"":""""},{""amount"":1,""name"":""鸡大腿"",""unit"":""""},{""amount"":500,""name"":""欧芹"",""unit"":""-600""},{""amount"":2,""name"":""姜黄"",""unit"":""""},{""amount"":2,""name"":""肉桂"",""unit"":""""},{""amount"":0.5,""name"":""藏红花"",""unit"":""""},{""amount"":1,""name"":""盐"",""unit"":""""},{""amount"":1,""name"":""水"",""unit"":""""},{""amount"":1,""name"":""酥皮薄片"",""unit"":""""},{""amount"":2.5,""name"":""糖粉"",""unit"":""""},{""amount"":8,""name"":""肉桂"",""unit"":""""},{""amount"":1,""name"":""鸡蛋"",""unit"":""""},{""amount"":0.25,""name"":""柠檬汁"",""unit"":""""},{""amount"":0.5,""name"":""鸡蛋"",""unit"":""""},{""amount"":2,""name"":""糖粉"",""unit"":""""}]","[""甜点"",""鸡肉"",""禽肉"",""肉"",""少于4小时"",""馅饼""]"
502178,速释摇摇饮,364,24,42.6,11.5,2.3,2.9,39,340.7,8.2,1,snack,"[{""amount"":0.75,""name"":""脱脂酸奶"",""unit"":""""},{""amount"":0.25,""name"":""淡椰浆"",""unit"":""""},{""amount"":3,""name"":""苹果"",""unit"":""""},{""amount"":4,""name"":""草莓"",""unit"":""""},{""amount"":1,""name"":""亚麻籽粉"",""unit"":""""},{""amount"":1,""name"":""牛油果"",""unit"":""""},{""amount"":2,""name"":""蜂蜜"",""unit"":""""},{""amount"":0.5,""name"":""香草精"",""unit"":""""},{""amount"":1,""name"":""肉桂粉"",""unit"":""""}]","[""奶昔"",""饮料"",""浆果"",""水果"",""不含..."",""少于15分钟"",""小型电器"",""简单"",""一餐即食""]"
500067,梅洛巧克力鹰嘴豆泥,510.1,16,91.9,13.2,2.9,15.7,58.8,697.2,0,2,snack,"[{""amount"":1,""name"":""椰枣"",""unit"":""""},{""amount"":1,""name"":""黑豆"",""unit"":""""},{""amount"":3,""name"":""花生酱"",""unit"":""""},{""amount"":1,""name"":""可可粉"",""unit"":""""},{""amount"":0.5,""name"":""香草"",""unit"":""""},{""amount"":0.5,""name"":""盐"",""unit"":""""},{""amount"":1,""name"":""蜂蜜"",""unit"":""""},{""amount"":1,""name"":""水"",""unit"":""""}]","[""黑豆"",""豆类"",""花生酱"",""纯素"",""低胆固醇"",""健康"",""少于4小时"",""简单"",""甜点""]"
535551,枸杞南瓜籽椰香巧克力脆片,658.3,19.5,35.6,67.2,38.1,19.8,1.3,28.3,0,4,snack,"[{""amount"":1,""name"":""黑巧克力"",""unit"":""""},{""amount"":0.5,""name"":""无糖椰片"",""unit"":""""},{""amount"":0.5,""name"":""片状海盐"",""unit"":""""}]","[""少于30分钟"",""简单"",""甜点""]"
443247,无酒精桑格利亚潘趣酒,954.8,11.8,245.3,2.9,0.5,26.5,180.1,65.9,0,1,snack,"[{""amount"":2,""name"":""蔓越莓汁"",""unit"":""""},{""amount"":2,""name"":""矿泉水"",""unit"":""""},{""amount"":1,""name"":""鲜榨柠檬汁"",""unit"":""""},{""amount"":4,""name"":""柠檬"",""unit"":""""},{""amount"":0.5,""name"":""青柠"",""unit"":""""},{""amount"":1,""name"":""冷冻蔓越莓"",""unit"":""""},{""amount"":1,""name"":""橙子"",""unit"":""""},{""amount"":2,""name"":""薄荷"",""unit"":""""}]","[""饮料"",""水果"",""西班牙语"",""欧洲"",""低蛋白"",""纯素"",""低胆固醇"",""健康"",""夏季"",""生日"",""少于15分钟"",""潘趣饮料""]"
117553,黑巧克力酱,861.4,20.2,46,90.2,55.8,25.1,1.4,48.5,41.1,1,snack,"[{""amount"":8,""name"":""柑曼怡利口酒"",""unit"":""""},{""amount"":0.25,""name"":""重奶油"",""unit"":""""}]","[""少于15分钟"",""简单"",""甜点""]"
418177,巧克力夏洛特蛋糕,516.2,29.6,26.3,33.6,20.9,1,23.2,257,123.7,1,snack,"[{""amount"":12,""name"":""无味明胶"",""unit"":""""},{""amount"":2,""name"":""白糖"",""unit"":""""},{""amount"":0.3333333333333333,""name"":""盐"",""unit"":""""},{""amount"":0.25,""name"":""巧克力牛奶"",""unit"":""""},{""amount"":3,""name"":""香草"",""unit"":""""},{""amount"":1,""name"":""重奶油"",""unit"":""""}]","[""少于30分钟"",""甜点""]"
486624,鹰嘴豆巧克力布朗尼,728.2,20.9,84,46,26.4,16.6,38.3,487.6,193.6,1,snack,"[{""amount"":10,""name"":""苦甜巧克力豆"",""unit"":""""},{""amount"":1,""name"":""鹰嘴豆"",""unit"":""""},{""amount"":1,""name"":""黄油"",""unit"":""""},{""amount"":0.75,""name"":""白糖"",""unit"":""""},{""amount"":4,""name"":""鸡蛋"",""unit"":""""},{""amount"":0.5,""name"":""泡打粉"",""unit"":""""}]","[""少于60分钟"",""简单"",""甜点""]"
128447,花生酱彩泥,873.4,28.1,108.3,42.3,12.2,6,88.1,419,31,1,snack,"[{""amount"":1,""name"":""花生酱"",""unit"":""""},{""amount"":1,""name"":""蜂蜜"",""unit"":""""},{""amount"":1,""name"":""奶粉"",""unit"":""""},{""amount"":1,""name"":""燕麦片"",""unit"":""""}]","[""适合儿童"",""少于15分钟"",""简单"",""甜点""]"
40289,妮娜特制热巧克力,710.2,18.3,42.3,74.2,45.9,23.5,1.3,34,0,1,snack,"[{""amount"":0.5,""name"":""杏仁利口酒"",""unit"":""""},{""amount"":2,""name"":""巧克力"",""unit"":""""},{""amount"":5,""name"":""棉花糖"",""unit"":""""}]","[""冬季"",""圣诞"",""少于15分钟"",""简单"",""饮料""]"
400934,苹果芹菜沙拉,390.7,23.6,57.3,9.6,1.3,3.3,16,222.2,0,1,snack,"[{""amount"":1,""name"":""开水"",""unit"":""""},{""amount"":0.25,""name"":""白糖"",""unit"":""""},{""amount"":1,""name"":""冷水"",""unit"":""""},{""amount"":2,""name"":""芹菜"",""unit"":""""},{""amount"":1,""name"":""苹果"",""unit"":""""},{""amount"":0.5,""name"":""菠萝"",""unit"":""""}]","[""甜点"",""低胆固醇"",""健康"",""少于15分钟"",""简单"",""明胶""]"
99275,百香果橙子雪葩,927.8,16.3,219.2,2.8,0.3,19.9,182.7,166.6,0,1,snack,"[{""amount"":3,""name"":""百香果果肉"",""unit"":""""},{""amount"":0.75,""name"":""白糖"",""unit"":""""},{""amount"":0.5,""name"":""柑曼怡利口酒"",""unit"":""""},{""amount"":2,""name"":""君度利口酒"",""unit"":""""}]","[""甜点"",""橙子"",""柑橘"",""热带水果"",""水果"",""少于15分钟"",""简单"",""冷冻甜点""]"
207706,巧克力山核桃波本蛋糕（低脂版！）,899.2,21.7,138.6,39.3,17.8,15.8,104.2,133.3,188.8,1,snack,"[{""amount"":0.25,""name"":""山核桃"",""unit"":""""},{""amount"":3,""name"":""通用面粉"",""unit"":""""},{""amount"":3,""name"":""苦甜巧克力"",""unit"":""""},{""amount"":0.5,""name"":""白糖"",""unit"":""""},{""amount"":1,""name"":""开水"",""unit"":""""},{""amount"":0.5,""name"":""波本威士忌"",""unit"":""""},{""amount"":2,""name"":""塔塔粉"",""unit"":""""},{""amount"":1,""name"":""糖粉"",""unit"":""""}]","[""水果"",""坚果"",""少于60分钟"",""甜点""]"
359614,椰香香草冻酸奶,312.5,22.2,24,15,7.2,5.2,12.8,369.8,8.5,1,snack,"[{""amount"":150,""name"":""脱脂原味酸奶"",""unit"":""""},{""amount"":50,""name"":""低脂白软干酪"",""unit"":""""},{""amount"":75,""name"":""脱脂牛奶"",""unit"":""""},{""amount"":10,""name"":""亚麻籽粉"",""unit"":""""},{""amount"":5,""name"":""椰子"",""unit"":""""},{""amount"":10,""name"":""三氯蔗糖颗粒"",""unit"":""""}]","[""甜点"",""无蛋"",""不含..."",""甜味"",""新手厨师"",""冷冻室"",""简单"",""便宜"",""冷冻甜点""]"
392424,葡萄牙焦糖布丁,394.5,27.4,14.7,24.4,10.5,0,2.7,337.1,670.7,4,snack,"[{""amount"":50,""name"":""冷水"",""unit"":""-75""},{""amount"":200,""name"":""白糖"",""unit"":""""},{""amount"":200,""name"":""白糖"",""unit"":""""},{""amount"":12,""name"":""鸡蛋"",""unit"":""""},{""amount"":1,""name"":""牛奶"",""unit"":""""},{""amount"":1,""name"":""肉桂棒"",""unit"":""""},{""amount"":1,""name"":""柠檬皮"",""unit"":""""},{""amount"":1,""name"":""香草精"",""unit"":""""}]","[""少于4小时"",""甜点""]"
419216,巧克力牛奶混合粉,924.1,33.7,73.4,58.2,27.3,2.1,69.7,593.7,110.4,36,snack,"[{""amount"":1,""name"":""巧克力"",""unit"":""""},{""amount"":1,""name"":""奶粉"",""unit"":""""},{""amount"":4,""name"":""糖粉"",""unit"":""""}]","[""高含量..."",""冬季"",""少于15分钟"",""供多人食用"",""简单"",""便宜"",""饮料""]"
264911,水果饺子,569.2,26.9,81,14.2,7.8,2.5,7.1,533.4,137.9,4,snack,"[{""amount"":2,""name"":""黄油"",""unit"":""""},{""amount"":2,""name"":""白糖"",""unit"":""""},{""amount"":2,""name"":""鸡蛋"",""unit"":""""},{""amount"":2,""name"":""小凝乳白软干酪"",""unit"":""""},{""amount"":3,""name"":""面粉"",""unit"":""""},{""amount"":0,""name"":""牛奶"",""unit"":""""}]","[""水果"",""健康"",""少于60分钟"",""简单"",""甜点""]"
125929,乌克兰纳利斯尼基（莳萝咸味版）,418.4,26.4,44,14.6,6.8,1.1,7.1,967.8,240.1,4,snack,"[{""amount"":2,""name"":""鸡蛋"",""unit"":""""},{""amount"":1.5,""name"":""牛奶"",""unit"":""""},{""amount"":1,""name"":""白糖"",""unit"":""""},{""amount"":0.25,""name"":""香草"",""unit"":""""},{""amount"":1.25,""name"":""通用白面粉"",""unit"":""""},{""amount"":1.5,""name"":""泡打粉"",""unit"":""""},{""amount"":0.25,""name"":""盐"",""unit"":""""},{""amount"":1,""name"":""奶油式白软干酪"",""unit"":""""},{""amount"":2,""name"":""鸡蛋"",""unit"":""""},{""amount"":2,""name"":""盐"",""unit"":""""},{""amount"":0.25,""name"":""白糖"",""unit"":""""},{""amount"":1,""name"":""莳萝"",""unit"":""""}]","[""欧洲"",""咸味"",""少于60分钟"",""甜点""]"
370463,辣巧克力舒芙蕾配盐之花,597.4,22.4,41.7,49.6,27.6,12.7,19.2,204.9,423,3,snack,"[{""amount"":8,""name"":""黑巧克力"",""unit"":""""},{""amount"":6,""name"":""鸡蛋"",""unit"":""""},{""amount"":0.25,""name"":""红糖"",""unit"":""""},{""amount"":1,""name"":""辣椒粉"",""unit"":""""},{""amount"":0.25,""name"":""塔塔粉"",""unit"":""""},{""amount"":1,""name"":""黄油"",""unit"":""""},{""amount"":0,""name"":""细砂糖"",""unit"":""""},{""amount"":0,""name"":""盐之花"",""unit"":""""}]","[""欧洲"",""少于60分钟"",""甜点""]"
46528,薄荷杏子茶混合,762.5,27.8,166.2,0.8,0.1,2.1,113.9,124.3,0,1,snack,"[{""amount"":2,""name"":""杏子果冻"",""unit"":""""},{""amount"":2,""name"":""白糖"",""unit"":""""}]","[""低胆固醇"",""健康"",""少于15分钟"",""免煮"",""小型电器"",""简单"",""饮料""]"
497494,巧克力黑豆布朗尼配美味红薯糖霜,539.3,14.6,90.9,20.5,10,18.6,53.2,154,0,6,snack,"[{""amount"":19,""name"":""黑豆"",""unit"":""""},{""amount"":2,""name"":""黑豆"",""unit"":""""},{""amount"":2,""name"":""杏仁酱"",""unit"":""""},{""amount"":1,""name"":""去核椰枣"",""unit"":""""},{""amount"":2,""name"":""可可粉"",""unit"":""""},{""amount"":0.25,""name"":""椰子油"",""unit"":""""},{""amount"":0.6666666666666666,""name"":""海盐"",""unit"":""""},{""amount"":0.5,""name"":""红薯"",""unit"":""""},{""amount"":0.25,""name"":""去核椰枣"",""unit"":""""},{""amount"":4,""name"":""可可粉"",""unit"":""""},{""amount"":0.5,""name"":""杏仁酱"",""unit"":""""},{""amount"":1,""name"":""椰奶"",""unit"":""""},{""amount"":0,""name"":""纯香草精"",""unit"":""""}]","[""曲奇与布朗尼"",""黑豆"",""豆类"",""蔬菜"",""无乳糖"",""纯素"",""不含..."",""甜味"",""少于60分钟"",""自制"",""甜点""]"
541249,萨米甜点,730.1,22.9,44.4,56.2,6.5,9.4,13.1,227.5,0,1,snack,"[{""amount"":2,""name"":""花生"",""unit"":""""},{""amount"":2,""name"":""核桃"",""unit"":""""}]","[""少于15分钟"",""甜点""]"
26127,甜花生汤,482.2,21.9,13.7,41.9,5.8,7.2,3.4,18.9,0,4,snack,"[{""amount"":12,""name"":""花生"",""unit"":""""},{""amount"":3,""name"":""水"",""unit"":""""},{""amount"":0,""name"":""白糖"",""unit"":""""}]","[""中文"",""亚洲"",""纯素"",""工作日夜晚"",""简单"",""甜点""]"
538053,苏式芝麻馅饼,939.1,29.3,76.7,59.1,13.9,5.1,23,245.4,22.8,1,snack,"[{""amount"":330,""name"":""通用面粉"",""unit"":""""},{""amount"":120,""name"":""白糖"",""unit"":""""},{""amount"":70,""name"":""水"",""unit"":""""},{""amount"":130,""name"":""面筋粉"",""unit"":""""},{""amount"":240,""name"":""通用面粉"",""unit"":""""},{""amount"":120,""name"":""蜂蜜"",""unit"":""""},{""amount"":230,""name"":""葡萄干"",""unit"":""""},{""amount"":200,""name"":""花椒粒"",""unit"":""""},{""amount"":210,""name"":""盐"",""unit"":""""},{""amount"":140,""name"":""葵花籽"",""unit"":""""}]","[""中文"",""亚洲"",""高蛋白"",""高含量..."",""农历新年"",""少于4小时"",""甜点""]"
406857,莉兹的旋纹薄荷棉花糖,257,24.1,42.2,0.1,0,0.1,31.5,115.9,0,24,snack,"[{""amount"":0.75,""name"":""水"",""unit"":""""},{""amount"":2,""name"":""香草"",""unit"":""""},{""amount"":1.5,""name"":""明胶"",""unit"":""""},{""amount"":4,""name"":""白糖"",""unit"":""""},{""amount"":3,""name"":""淡玉米糖浆"",""unit"":""""},{""amount"":1.25,""name"":""水"",""unit"":""""},{""amount"":0.75,""name"":""盐"",""unit"":""""},{""amount"":0.5,""name"":""糖粉"",""unit"":""""},{""amount"":0.3333333333333333,""name"":""马铃薯淀粉"",""unit"":""""}]","[""甜点"",""低胆固醇"",""高蛋白"",""健康"",""高含量..."",""圣诞"",""供多人食用"",""糖果""]"
480982,阿拉伯杏仁蛋糕,648,22.6,58.7,39.3,4.6,8.2,46.3,95.9,248,1,snack,"[{""amount"":400,""name"":""白糖"",""unit"":""""},{""amount"":250,""name"":""蜂蜜"",""unit"":""""},{""amount"":2,""name"":""鸡蛋"",""unit"":""""},{""amount"":8,""name"":""豆蔻"",""unit"":""""},{""amount"":1,""name"":""酥油"",""unit"":""-2""},{""amount"":0,""name"":""糖粉"",""unit"":""""}]","[""西南亚（中东）"",""无乳糖"",""不含..."",""少于60分钟"",""甜点""]"
600001,番茄炒蛋,330,15,16,22,5.0,3.0,11,380,372,2,lunch,"[{""amount"":2,""name"":""鸡蛋"",""unit"":""""},{""amount"":2,""name"":""番茄"",""unit"":""""},{""amount"":1,""name"":""食用油"",""unit"":""""},{""amount"":0.5,""name"":""白糖"",""unit"":""""},{""amount"":0.5,""name"":""盐"",""unit"":""""},{""amount"":1,""name"":""小葱"",""unit"":""""}]","[""中文"",""亚洲"",""蔬菜"",""高蛋白"",""健康"",""家常菜聚餐"",""工作日夜晚"",""少于30分钟"",""炉灶顶"",""炒"",""简单"",""便宜"",""午餐/零食"",""适合儿童""]"
600002,清蒸鲈鱼,350,55,2.5,12,2.0,0.5,0.5,750,250,1,dinner,"[{""amount"":1,""name"":""鲈鱼"",""unit"":""""},{""amount"":1,""name"":""姜"",""unit"":""""},{""amount"":2,""name"":""小葱"",""unit"":""""},{""amount"":1,""name"":""蒸鱼豉油"",""unit"":""""},{""amount"":1,""name"":""料酒"",""unit"":""""},{""amount"":1,""name"":""食用油"",""unit"":""""}]","[""中文"",""粤语"",""亚洲"",""鲈鱼"",""高蛋白"",""低胆固醇"",""健康"",""高含量..."",""少于30分钟"",""蒸汽"",""简单"",""一餐即食""]"
600003,宫保鸡丁,560,36,28,30,6.0,4.0,8,900,110,2,dinner,"[{""amount"":400,""name"":""鸡胸肉"",""unit"":""""},{""amount"":50,""name"":""花生米"",""unit"":""""},{""amount"":8,""name"":""干辣椒"",""unit"":""""},{""amount"":1,""name"":""花椒"",""unit"":""""},{""amount"":1,""name"":""大葱"",""unit"":""""},{""amount"":1,""name"":""姜"",""unit"":""""},{""amount"":3,""name"":""蒜瓣"",""unit"":""""},{""amount"":2,""name"":""酱油"",""unit"":""""},{""amount"":1,""name"":""香醋"",""unit"":""""},{""amount"":1,""name"":""白糖"",""unit"":""""},{""amount"":1,""name"":""料酒"",""unit"":""""},{""amount"":2,""name"":""食用油"",""unit"":""""}]","[""中文"",""亚洲"",""鸡肉"",""鸡胸肉"",""禽肉"",""肉"",""坚果"",""高蛋白"",""辣味"",""咸味"",""工作日夜晚"",""少于30分钟"",""炉灶顶"",""炒"",""简单""]"
600004,麻婆豆腐,450,34,13,30,6.5,4.5,3,1150,65,2,dinner,"[{""amount"":1,""name"":""嫩豆腐"",""unit"":""""},{""amount"":80,""name"":""牛肉末"",""unit"":""""},{""amount"":1,""name"":""郫县豆瓣酱"",""unit"":""""},{""amount"":1,""name"":""花椒粉"",""unit"":""""},{""amount"":3,""name"":""干辣椒"",""unit"":""""},{""amount"":1,""name"":""姜"",""unit"":""""},{""amount"":3,""name"":""蒜瓣"",""unit"":""""},{""amount"":1,""name"":""小葱"",""unit"":""""},{""amount"":2,""name"":""食用油"",""unit"":""""},{""amount"":0.5,""name"":""盐"",""unit"":""""}]","[""中文"",""亚洲"",""大豆/豆腐"",""豆类"",""蔬菜"",""肉"",""高蛋白"",""辣味"",""家常菜聚餐"",""工作日夜晚"",""少于30分钟"",""炉灶顶"",""简单"",""便宜"",""一餐即食""]"
600005,白灼虾,420,68,6,9,1.8,0.5,1.2,880,520,2,lunch,"[{""amount"":400,""name"":""鲜虾（草虾）"",""unit"":""""},{""amount"":1,""name"":""姜"",""unit"":""""},{""amount"":2,""name"":""小葱"",""unit"":""""},{""amount"":1,""name"":""料酒"",""unit"":""""},{""amount"":0.5,""name"":""盐"",""unit"":""""},{""amount"":2,""name"":""生抽"",""unit"":""""}]","[""中文"",""粤语"",""亚洲"",""海鲜"",""高蛋白"",""健康"",""高含量..."",""极低碳水化合物"",""少于15分钟"",""炉灶顶"",""简单"",""午餐/零食""]"
600006,酸辣土豆丝,300,6,50,9,1.5,5.0,2,700,0,2,lunch,"[{""amount"":2,""name"":""土豆"",""unit"":""""},{""amount"":1,""name"":""青椒"",""unit"":""""},{""amount"":4,""name"":""干辣椒"",""unit"":""""},{""amount"":0.5,""name"":""花椒"",""unit"":""""},{""amount"":3,""name"":""蒜瓣"",""unit"":""""},{""amount"":1,""name"":""白醋"",""unit"":""""},{""amount"":0.5,""name"":""盐"",""unit"":""""},{""amount"":1.5,""name"":""食用油"",""unit"":""""}]","[""中文"",""亚洲"",""土豆"",""蔬菜"",""辣味"",""纯素"",""无蛋"",""无乳糖"",""低胆固醇"",""高纤维"",""少于15分钟"",""炉灶顶"",""炒"",""简单"",""便宜"",""午餐/零食""]"
600007,蒜蓉西兰花,230,11,18,12,2.0,10.0,5,480,0,2,dinner,"[{""amount"":1,""name"":""西兰花"",""unit"":""""},{""amount"":5,""name"":""蒜瓣"",""unit"":""""},{""amount"":1,""name"":""食用油"",""unit"":""""},{""amount"":0.5,""name"":""盐"",""unit"":""""},{""amount"":1,""name"":""蚝油"",""unit"":""""}]","[""中文"",""亚洲"",""蔬菜"",""纯素"",""无蛋"",""低胆固醇"",""高纤维"",""健康"",""少于15分钟"",""炉灶顶"",""简单"",""便宜"",""一餐即食""]"
600008,凉拌黄瓜,95,2.2,8,6,0.9,2.5,3,430,0,1,snack,"[{""amount"":2,""name"":""黄瓜"",""unit"":""""},{""amount"":2,""name"":""蒜瓣"",""unit"":""""},{""amount"":1,""name"":""白醋"",""unit"":""""},{""amount"":1,""name"":""生抽"",""unit"":""""},{""amount"":0.5,""name"":""香油"",""unit"":""""},{""amount"":0.3,""name"":""盐"",""unit"":""""},{""amount"":0.3,""name"":""白糖"",""unit"":""""}]","[""中文"",""亚洲"",""蔬菜"",""纯素"",""无蛋"",""低胆固醇"",""健康"",""极低碳水化合物"",""夏季"",""免煮"",""少于15分钟"",""简单"",""便宜"",""午餐/零食""]"
600009,紫菜蛋花汤,250,16,18,12,3.0,2.0,2,680,370,2,snack,"[{""amount"":2,""name"":""鸡蛋"",""unit"":""""},{""amount"":5,""name"":""干紫菜"",""unit"":""""},{""amount"":5,""name"":""虾皮"",""unit"":""""},{""amount"":1,""name"":""小葱"",""unit"":""""},{""amount"":0.5,""name"":""香油"",""unit"":""""},{""amount"":0.5,""name"":""盐"",""unit"":""""},{""amount"":0.2,""name"":""白胡椒粉"",""unit"":""""}]","[""中文"",""亚洲"",""蔬菜"",""高蛋白"",""健康"",""少于15分钟"",""炉灶顶"",""简单"",""便宜"",""清汤""]"
600010,冬瓜排骨汤,760,60,18,42,14.0,3.0,5,1080,320,4,dinner,"[{""amount"":500,""name"":""猪排骨"",""unit"":""""},{""amount"":500,""name"":""冬瓜"",""unit"":""""},{""amount"":1,""name"":""姜"",""unit"":""""},{""amount"":1,""name"":""小葱"",""unit"":""""},{""amount"":1,""name"":""盐"",""unit"":""""},{""amount"":1,""name"":""料酒"",""unit"":""""},{""amount"":0.3,""name"":""白胡椒粉"",""unit"":""""}]","[""中文"",""亚洲"",""猪肉"",""肉"",""蔬菜"",""高蛋白"",""家常菜聚餐"",""工作日夜晚"",""少于4小时"",""炉灶顶"",""简单"",""便宜"",""炖""]"
600011,蒸蛋羹,200,13,2,15,4.5,0.3,0.5,400,370,1,breakfast,"[{""amount"":2,""name"":""鸡蛋"",""unit"":""""},{""amount"":1,""name"":""温水"",""unit"":""""},{""amount"":0.3,""name"":""盐"",""unit"":""""},{""amount"":1,""name"":""生抽"",""unit"":""""},{""amount"":0.3,""name"":""香油"",""unit"":""""},{""amount"":1,""name"":""小葱"",""unit"":""""}]","[""中文"",""亚洲"",""高蛋白"",""健康"",""适合幼儿"",""早餐"",""少于30分钟"",""蒸汽"",""简单"",""便宜""]"
600012,白切鸡,580,66,1,32,9.0,0.2,0.5,850,300,2,dinner,"[{""amount"":0.5,""name"":""三黄鸡"",""unit"":""""},{""amount"":1,""name"":""姜"",""unit"":""""},{""amount"":2,""name"":""小葱"",""unit"":""""},{""amount"":1,""name"":""料酒"",""unit"":""""},{""amount"":0.5,""name"":""盐"",""unit"":""""},{""amount"":2,""name"":""生抽"",""unit"":""""},{""amount"":0.5,""name"":""香油"",""unit"":""""}]","[""中文"",""粤语"",""亚洲"",""整鸡"",""鸡肉"",""禽肉"",""肉"",""高蛋白"",""健康"",""少于60分钟"",""炉灶顶"",""简单"",""一餐即食""]"
600013,鸡胸肉蔬菜沙拉,320,34,14,14,2.5,6.0,5,500,80,1,lunch,"[{""amount"":120,""name"":""鸡胸肉"",""unit"":""""},{""amount"":100,""name"":""混合生菜"",""unit"":""""},{""amount"":80,""name"":""樱桃番茄"",""unit"":""""},{""amount"":0.5,""name"":""黄瓜"",""unit"":""""},{""amount"":50,""name"":""紫甘蓝"",""unit"":""""},{""amount"":1,""name"":""橄榄油"",""unit"":""""},{""amount"":1,""name"":""柠檬汁"",""unit"":""""},{""amount"":0.2,""name"":""黑胡椒"",""unit"":""""},{""amount"":0.3,""name"":""盐"",""unit"":""""}]","[""轻食"",""沙拉"",""健康"",""高蛋白"",""低胆固醇"",""极低碳水化合物"",""鸡胸肉"",""鸡肉"",""禽肉"",""蔬菜"",""水果"",""少于30分钟"",""简单"",""午餐/零食""]"
600014,藜麦牛油果沙拉,380,10,34,24,4.0,9.0,5,350,0,1,lunch,"[{""amount"":100,""name"":""熟藜麦"",""unit"":""""},{""amount"":1,""name"":""牛油果"",""unit"":""""},{""amount"":50,""name"":""混合生菜"",""unit"":""""},{""amount"":80,""name"":""樱桃番茄"",""unit"":""""},{""amount"":0.5,""name"":""黄瓜"",""unit"":""""},{""amount"":1,""name"":""橄榄油"",""unit"":""""},{""amount"":1,""name"":""柠檬汁"",""unit"":""""},{""amount"":0.2,""name"":""黑胡椒"",""unit"":""""},{""amount"":0.3,""name"":""盐"",""unit"":""""}]","[""轻食"",""沙拉"",""纯素"",""无蛋"",""无乳糖"",""蔬菜"",""水果"",""牛油果"",""谷物"",""高纤维"",""健康"",""低胆固醇"",""少于15分钟"",""简单"",""午餐/零食""]"
600015,金枪鱼蔬菜沙拉,260,28,12,11,2.0,5.0,4,600,30,1,lunch,"[{""amount"":100,""name"":""水浸金枪鱼罐头"",""unit"":""""},{""amount"":100,""name"":""混合生菜"",""unit"":""""},{""amount"":80,""name"":""樱桃番茄"",""unit"":""""},{""amount"":0.5,""name"":""黄瓜"",""unit"":""""},{""amount"":50,""name"":""玉米粒"",""unit"":""""},{""amount"":1,""name"":""橄榄油"",""unit"":""""},{""amount"":1,""name"":""柠檬汁"",""unit"":""""},{""amount"":0.2,""name"":""黑胡椒"",""unit"":""""}]","[""轻食"",""沙拉"",""金枪鱼"",""海鲜"",""蔬菜"",""高蛋白"",""健康"",""极低碳水化合物"",""少于15分钟"",""免煮"",""简单"",""午餐/零食""]"
600016,燕麦牛奶粥,270,13,39,7,3.0,4.0,12,100,15,1,breakfast,"[{""amount"":40,""name"":""燕麦片"",""unit"":""""},{""amount"":250,""name"":""牛奶"",""unit"":""""},{""amount"":100,""name"":""水"",""unit"":""""},{""amount"":30,""name"":""蓝莓"",""unit"":""""}]","[""轻食"",""早餐"",""谷物"",""浆果"",""水果"",""高纤维"",""健康"",""无蛋"",""少于15分钟"",""炉灶顶"",""简单"",""便宜""]"
600017,全麦鸡胸蔬菜卷饼,350,28,40,10,2.5,5.0,4,650,60,1,breakfast,"[{""amount"":1,""name"":""全麦卷饼"",""unit"":""""},{""amount"":60,""name"":""鸡胸肉"",""unit"":""""},{""amount"":30,""name"":""生菜"",""unit"":""""},{""amount"":30,""name"":""胡萝卜"",""unit"":""""},{""amount"":30,""name"":""黄瓜"",""unit"":""""},{""amount"":20,""name"":""低脂酸奶"",""unit"":""""},{""amount"":0.2,""name"":""黑胡椒"",""unit"":""""}]","[""轻食"",""健康"",""高蛋白"",""鸡胸肉"",""鸡肉"",""禽肉"",""蔬菜"",""谷物"",""少于15分钟"",""简单"",""早餐"",""一餐即食""]"
600018,希腊酸奶水果杯,200,17,25,4,2.5,3.0,15,60,10,1,breakfast,"[{""amount"":150,""name"":""希腊酸奶"",""unit"":""""},{""amount"":50,""name"":""蓝莓"",""unit"":""""},{""amount"":30,""name"":""草莓"",""unit"":""""},{""amount"":1,""name"":""蜂蜜"",""unit"":""""},{""amount"":10,""name"":""格兰诺拉麦片"",""unit"":""""}]","[""轻食"",""早餐"",""乳制品"",""浆果"",""水果"",""甜味"",""高蛋白"",""免煮"",""少于15分钟"",""简单""]"
600019,鹰嘴豆藜麦能量碗,420,16,55,15,2.5,12.0,6,500,0,1,dinner,"[{""amount"":100,""name"":""熟鹰嘴豆"",""unit"":""""},{""amount"":80,""name"":""熟藜麦"",""unit"":""""},{""amount"":50,""name"":""紫甘蓝"",""unit"":""""},{""amount"":50,""name"":""胡萝卜"",""unit"":""""},{""amount"":50,""name"":""樱桃番茄"",""unit"":""""},{""amount"":0.5,""name"":""牛油果"",""unit"":""""},{""amount"":1,""name"":""芝麻酱"",""unit"":""""},{""amount"":1,""name"":""柠檬汁"",""unit"":""""}]","[""轻食"",""纯素"",""无蛋"",""无乳糖"",""豆类"",""谷物"",""蔬菜"",""高纤维"",""健康"",""低胆固醇"",""少于30分钟"",""简单"",""一餐即食""]"
600020,凉拌木耳,130,2.5,15,6,1.0,8.0,2,400,0,2,snack,"[{""amount"":20,""name"":""干木耳"",""unit"":""""},{""amount"":3,""name"":""蒜瓣"",""unit"":""""},{""amount"":1,""name"":""香菜"",""unit"":""""},{""amount"":1,""name"":""生抽"",""unit"":""""},{""amount"":1,""name"":""香醋"",""unit"":""""},{""amount"":0.5,""name"":""香油"",""unit"":""""},{""amount"":0.3,""name"":""辣椒油"",""unit"":""""}]","[""中文"",""亚洲"",""蔬菜"",""纯素"",""无蛋"",""低胆固醇"",""高纤维"",""夏季"",""免煮"",""少于15分钟"",""简单"",""便宜"",""午餐/零食""]"
600021,清炒油麦菜,127.62,4.56,11.43,8.89,0.79,4.41,2.06,712.7,0,2,lunch,"[{""amount"":280,""name"":""油麦菜"",""unit"":""""},{""amount"":10,""name"":""蒜"",""unit"":""""},{""amount"":8,""name"":""食用油"",""unit"":""""},{""amount"":1.5,""name"":""盐"",""unit"":""""}]","[""中文"",""亚洲"",""蔬菜"",""纯素"",""无蛋"",""低胆固醇"",""健康"",""少于15分钟"",""炉灶顶"",""炒"",""简单"",""便宜""]"
600022,蒜蓉小白菜,127.62,4.84,10.87,8.89,0.79,4.69,2.9,793.9,0,2,dinner,"[{""amount"":280,""name"":""小白菜"",""unit"":""""},{""amount"":10,""name"":""蒜"",""unit"":""""},{""amount"":8,""name"":""食用油"",""unit"":""""},{""amount"":1.5,""name"":""盐"",""unit"":""""}]","[""中文"",""亚洲"",""蔬菜"",""纯素"",""无蛋"",""低胆固醇"",""健康"",""少于15分钟"",""炉灶顶"",""炒"",""简单"",""便宜""]"
600023,清炒油菜,150.02,5.68,13.95,9.45,0.79,3.29,2.9,740.7,0,2,dinner,"[{""amount"":280,""name"":""油菜"",""unit"":""""},{""amount"":10,""name"":""蒜"",""unit"":""""},{""amount"":8,""name"":""食用油"",""unit"":""""},{""amount"":1.5,""name"":""盐"",""unit"":""""}]","[""中文"",""亚洲"",""蔬菜"",""纯素"",""无蛋"",""低胆固醇"",""健康"",""少于15分钟"",""炉灶顶"",""炒"",""简单"",""便宜""]"
600024,蒜蓉菠菜,155.62,7.89,12.31,9.05,0.83,5.71,1.1,799.2,0,2,lunch,"[{""amount"":250,""name"":""菠菜"",""unit"":""""},{""amount"":10,""name"":""蒜"",""unit"":""""},{""amount"":8,""name"":""食用油"",""unit"":""""},{""amount"":1.5,""name"":""盐"",""unit"":""""}]","[""中文"",""亚洲"",""蔬菜"",""纯素"",""无蛋"",""低胆固醇"",""健康"",""少于15分钟"",""炉灶顶"",""炒"",""简单"",""便宜""]"
600025,蚝油生菜,121.36,5.11,13.35,6.67,0.58,4.07,3.98,630.36,0,2,dinner,"[{""amount"":300,""name"":""生菜"",""unit"":""""},{""amount"":8,""name"":""蒜"",""unit"":""""},{""amount"":6,""name"":""食用油"",""unit"":""""},{""amount"":10,""name"":""蚝油"",""unit"":""""},{""amount"":0.5,""name"":""盐"",""unit"":""""}]","[""中文"",""亚洲"",""蔬菜"",""纯素"",""无蛋"",""低胆固醇"",""健康"",""少于15分钟"",""炉灶顶"",""炒"",""简单"",""便宜""]"
600026,手撕包菜,155.62,4.28,19.55,8.33,0.71,7.21,9.06,637.1,0,2,dinner,"[{""amount"":280,""name"":""卷心菜"",""unit"":""""},{""amount"":10,""name"":""蒜"",""unit"":""""},{""amount"":8,""name"":""食用油"",""unit"":""""},{""amount"":1.5,""name"":""盐"",""unit"":""""}]","[""中文"",""亚洲"",""蔬菜"",""纯素"",""无蛋"",""低胆固醇"",""健康"",""少于15分钟"",""炉灶顶"",""炒"",""简单"",""便宜""]"
600027,清炒紫甘蓝,150.62,4.28,17.61,8.31,0.7,5.67,7.38,656.9,0,2,lunch,"[{""amount"":260,""name"":""紫甘蓝"",""unit"":""""},{""amount"":10,""name"":""蒜"",""unit"":""""},{""amount"":8,""name"":""食用油"",""unit"":""""},{""amount"":1.5,""name"":""盐"",""unit"":""""}]","[""中文"",""亚洲"",""蔬菜"",""纯素"",""无蛋"",""低胆固醇"",""健康"",""少于15分钟"",""炉灶顶"",""炒"",""简单"",""便宜""]"
600028,上汤娃娃菜,115.36,5.41,10.65,6.97,0.64,3.77,3.98,666.36,0,2,dinner,"[{""amount"":300,""name"":""娃娃菜"",""unit"":""""},{""amount"":8,""name"":""蒜"",""unit"":""""},{""amount"":6,""name"":""食用油"",""unit"":""""},{""amount"":10,""name"":""蚝油"",""unit"":""""},{""amount"":0.5,""name"":""盐"",""unit"":""""}]","[""中文"",""亚洲"",""蔬菜"",""纯素"",""无蛋"",""低胆固醇"",""健康"",""少于15分钟"",""炉灶顶"",""炒"",""简单"",""便宜""]"
600029,白灼芥蓝,128.05,8.69,9.41,6.18,0.55,4.67,1.75,908.1,0,2,dinner,"[{""amount"":280,""name"":""芥蓝"",""unit"":""""},{""amount"":5,""name"":""姜"",""unit"":""""},{""amount"":5,""name"":""葱"",""unit"":""""},{""amount"":5,""name"":""食用油"",""unit"":""""},{""amount"":12,""name"":""酱油"",""unit"":""""},{""amount"":0.5,""name"":""盐"",""unit"":""""}]","[""中文"",""粤语"",""亚洲"",""蔬菜"",""纯素"",""无蛋"",""低胆固醇"",""健康"",""少于15分钟"",""炉灶顶"",""简单"",""便宜""]"
600030,蒜蓉西兰花,180.82,8.48,21.79,9.17,0.93,7.49,4.86,679.1,0,2,lunch,"[{""amount"":280,""name"":""西兰花"",""unit"":""""},{""amount"":10,""name"":""蒜"",""unit"":""""},{""amount"":8,""name"":""食用油"",""unit"":""""},{""amount"":1.5,""name"":""盐"",""unit"":""""}]","[""中文"",""亚洲"",""蔬菜"",""纯素"",""无蛋"",""低胆固醇"",""健康"",""少于15分钟"",""炉灶顶"",""炒"",""简单"",""便宜""]"
600031,清炒芦笋,135.62,6.14,13.06,8.3,0.7,5.21,3.35,594.2,0,2,dinner,"[{""amount"":250,""name"":""芦笋"",""unit"":""""},{""amount"":10,""name"":""蒜"",""unit"":""""},{""amount"":8,""name"":""食用油"",""unit"":""""},{""amount"":1.5,""name"":""盐"",""unit"":""""}]","[""中文"",""亚洲"",""蔬菜"",""纯素"",""无蛋"",""低胆固醇"",""健康"",""少于15分钟"",""炉灶顶"",""炒"",""简单"",""便宜""]"
600032,清炒荷兰豆,190.62,7.64,22.31,8.55,0.78,6.71,7.1,611.7,0,2,dinner,"[{""amount"":250,""name"":""荷兰豆"",""unit"":""""},{""amount"":10,""name"":""蒜"",""unit"":""""},{""amount"":8,""name"":""食用油"",""unit"":""""},{""amount"":1.5,""name"":""盐"",""unit"":""""}]","[""中文"",""亚洲"",""蔬菜"",""纯素"",""无蛋"",""低胆固醇"",""健康"",""少于15分钟"",""炉灶顶"",""炒"",""简单"",""便宜""]"
600033,清炒四季豆,172.42,6.24,22.91,8.61,0.79,6.93,4.3,609.1,0,2,lunch,"[{""amount"":280,""name"":""四季豆"",""unit"":""""},{""amount"":10,""name"":""蒜"",""unit"":""""},{""amount"":8,""name"":""食用油"",""unit"":""""},{""amount"":1.5,""name"":""盐"",""unit"":""""}]","[""中文"",""亚洲"",""蔬菜"",""纯素"",""无蛋"",""低胆固醇"",""健康"",""少于15分钟"",""炉灶顶"",""炒"",""简单"",""便宜""]"
600034,清炒豆芽,139.62,6.64,12.31,8.35,0.71,4.41,6.1,610.7,0,2,dinner,"[{""amount"":300,""name"":""绿豆芽"",""unit"":""""},{""amount"":10,""name"":""蒜"",""unit"":""""},{""amount"":8,""name"":""食用油"",""unit"":""""},{""amount"":1.5,""name"":""盐"",""unit"":""""}]","[""中文"",""亚洲"",""蔬菜"",""纯素"",""无蛋"",""低胆固醇"",""健康"",""少于15分钟"",""炉灶顶"",""炒"",""简单"",""便宜""]"
600035,黄豆芽炒韭菜,203.12,11.89,14.56,12.05,1.4,3.96,5.1,611.7,0,2,dinner,"[{""amount"":250,""name"":""黄豆芽"",""unit"":""""},{""amount"":10,""name"":""蒜"",""unit"":""""},{""amount"":8,""name"":""食用油"",""unit"":""""},{""amount"":1.5,""name"":""盐"",""unit"":""""}]","[""中文"",""亚洲"",""蔬菜"",""纯素"",""无蛋"",""低胆固醇"",""健康"",""少于15分钟"",""炉灶顶"",""炒"",""简单"",""便宜""]"
600036,清炒西葫芦,142.62,4.24,14.71,8.65,0.8,3.21,6.1,604.7,0,2,lunch,"[{""amount"":300,""name"":""西葫芦"",""unit"":""""},{""amount"":10,""name"":""蒜"",""unit"":""""},{""amount"":8,""name"":""食用油"",""unit"":""""},{""amount"":1.5,""name"":""盐"",""unit"":""""}]","[""中文"",""亚洲"",""蔬菜"",""纯素"",""无蛋"",""低胆固醇"",""健康"",""少于15分钟"",""炉灶顶"",""炒"",""简单"",""便宜""]"
600037,清炒丝瓜,145.62,3.64,15.91,8.65,0.77,2.01,6.1,601.7,0,2,dinner,"[{""amount"":300,""name"":""丝瓜"",""unit"":""""},{""amount"":10,""name"":""蒜"",""unit"":""""},{""amount"":8,""name"":""食用油"",""unit"":""""},{""amount"":1.5,""name"":""盐"",""unit"":""""}]","[""中文"",""亚洲"",""蔬菜"",""纯素"",""无蛋"",""低胆固醇"",""健康"",""少于15分钟"",""炉灶顶"",""炒"",""简单"",""便宜""]"
600038,清炒苦瓜,147.22,3.44,17.03,8.61,0.79,4.13,4.02,609.1,0,2,dinner,"[{""amount"":280,""name"":""苦瓜"",""unit"":""""},{""amount"":10,""name"":""蒜"",""unit"":""""},{""amount"":8,""name"":""食用油"",""unit"":""""},{""amount"":1.5,""name"":""盐"",""unit"":""""}]","[""中文"",""亚洲"",""蔬菜"",""纯素"",""无蛋"",""低胆固醇"",""健康"",""少于15分钟"",""炉灶顶"",""炒"",""简单"",""便宜""]"
600039,清炒冬瓜,124.02,1.92,11.63,8.69,0.75,2.45,4.26,596.3,0,2,lunch,"[{""amount"":320,""name"":""冬瓜"",""unit"":""""},{""amount"":10,""name"":""蒜"",""unit"":""""},{""amount"":8,""name"":""食用油"",""unit"":""""},{""amount"":1.5,""name"":""盐"",""unit"":""""}]","[""中文"",""亚洲"",""蔬菜"",""纯素"",""无蛋"",""低胆固醇"",""健康"",""少于15分钟"",""炉灶顶"",""炒"",""简单"",""便宜""]"
600040,清炒白萝卜丝,133.62,2.74,14.41,8.35,0.71,5.01,5.8,646.7,0,2,dinner,"[{""amount"":300,""name"":""白萝卜"",""unit"":""""},{""amount"":10,""name"":""蒜"",""unit"":""""},{""amount"":8,""name"":""食用油"",""unit"":""""},{""amount"":1.5,""name"":""盐"",""unit"":""""}]","[""中文"",""亚洲"",""蔬菜"",""纯素"",""无蛋"",""低胆固醇"",""健康"",""少于15分钟"",""炉灶顶"",""炒"",""简单"",""便宜""]"
600041,清炒胡萝卜丝,188.12,2.89,27.31,8.55,0.75,7.21,11.85,764.2,0,2,dinner,"[{""amount"":250,""name"":""胡萝卜"",""unit"":""""},{""amount"":10,""name"":""蒜"",""unit"":""""},{""amount"":8,""name"":""食用油"",""unit"":""""},{""amount"":1.5,""name"":""盐"",""unit"":""""}]","[""中文"",""亚洲"",""蔬菜"",""纯素"",""无蛋"",""低胆固醇"",""健康"",""少于15分钟"",""炉灶顶"",""炒"",""简单"",""便宜""]"
600042,清炒山药,228.12,5.39,34.31,8.55,0.78,2.21,1.6,611.7,0,2,lunch,"[{""amount"":250,""name"":""山药"",""unit"":""""},{""amount"":10,""name"":""蒜"",""unit"":""""},{""amount"":8,""name"":""食用油"",""unit"":""""},{""amount"":1.5,""name"":""盐"",""unit"":""""}]","[""中文"",""亚洲"",""蔬菜"",""纯素"",""无蛋"",""低胆固醇"",""健康"",""少于15分钟"",""炉灶顶"",""炒"",""简单"",""便宜""]"
600043,清炒藕片,268.12,5.39,44.31,8.55,0.72,5.71,5.1,611.7,0,2,dinner,"[{""amount"":250,""name"":""莲藕"",""unit"":""""},{""amount"":10,""name"":""蒜"",""unit"":""""},{""amount"":8,""name"":""食用油"",""unit"":""""},{""amount"":1.5,""name"":""盐"",""unit"":""""}]","[""中文"",""亚洲"",""蔬菜"",""纯素"",""无蛋"",""低胆固醇"",""健康"",""少于15分钟"",""炉灶顶"",""炒"",""简单"",""便宜""]"
600044,清炒芹菜,130.42,2.6,11.71,8.33,0.71,4.69,4.58,810.7,0,2,dinner,"[{""amount"":280,""name"":""芹菜"",""unit"":""""},{""amount"":10,""name"":""蒜"",""unit"":""""},{""amount"":8,""name"":""食用油"",""unit"":""""},{""amount"":1.5,""name"":""盐"",""unit"":""""}]","[""中文"",""亚洲"",""蔬菜"",""纯素"",""无蛋"",""低胆固醇"",""健康"",""少于15分钟"",""炉灶顶"",""炒"",""简单"",""便宜""]"
600045,清炒韭菜,148.12,6.64,14.81,9.05,0.9,3.71,3.6,636.7,0,2,lunch,"[{""amount"":250,""name"":""韭菜"",""unit"":""""},{""amount"":10,""name"":""蒜"",""unit"":""""},{""amount"":8,""name"":""食用油"",""unit"":""""},{""amount"":1.5,""name"":""盐"",""unit"":""""}]","[""中文"",""亚洲"",""蔬菜"",""纯素"",""无蛋"",""低胆固醇"",""健康"",""少于15分钟"",""炉灶顶"",""炒"",""简单"",""便宜""]"
600046,蒜香空心菜,152.82,6.8,15.07,8.89,0.79,6.37,4.3,670.7,0,2,dinner,"[{""amount"":280,""name"":""空心菜"",""unit"":""""},{""amount"":10,""name"":""蒜"",""unit"":""""},{""amount"":8,""name"":""食用油"",""unit"":""""},{""amount"":1.5,""name"":""盐"",""unit"":""""}]","[""中文"",""亚洲"",""蔬菜"",""纯素"",""无蛋"",""低胆固醇"",""健康"",""少于15分钟"",""炉灶顶"",""炒"",""简单"",""便宜""]"
600047,清炒红薯叶,163.62,8.7,16.05,9.61,0.91,6.19,2.7,690.7,0,2,dinner,"[{""amount"":260,""name"":""红薯叶"",""unit"":""""},{""amount"":10,""name"":""蒜"",""unit"":""""},{""amount"":8,""name"":""食用油"",""unit"":""""},{""amount"":1.5,""name"":""盐"",""unit"":""""}]","[""中文"",""亚洲"",""蔬菜"",""纯素"",""无蛋"",""低胆固醇"",""健康"",""少于15分钟"",""炉灶顶"",""炒"",""简单"",""便宜""]"
600048,清炒莴笋,130.62,3.64,11.71,8.35,0.71,2.01,4.6,661.7,0,2,lunch,"[{""amount"":300,""name"":""莴笋"",""unit"":""""},{""amount"":10,""name"":""蒜"",""unit"":""""},{""amount"":8,""name"":""食用油"",""unit"":""""},{""amount"":1.5,""name"":""盐"",""unit"":""""}]","[""中文"",""亚洲"",""蔬菜"",""纯素"",""无蛋"",""低胆固醇"",""健康"",""少于15分钟"",""炉灶顶"",""炒"",""简单"",""便宜""]"
600049,白灼秋葵,139.76,5.6,20.91,5.56,0.54,8.19,6.86,816.1,0,2,dinner,"[{""amount"":250,""name"":""秋葵"",""unit"":""""},{""amount"":5,""name"":""姜"",""unit"":""""},{""amount"":5,""name"":""葱"",""unit"":""""},{""amount"":5,""name"":""食用油"",""unit"":""""},{""amount"":12,""name"":""酱油"",""unit"":""""},{""amount"":0.5,""name"":""盐"",""unit"":""""}]","[""中文"",""粤语"",""亚洲"",""蔬菜"",""纯素"",""无蛋"",""低胆固醇"",""健康"",""少于15分钟"",""炉灶顶"",""简单"",""便宜""]"
600050,蒜泥茄子,154.62,3.94,20.41,8.65,0.77,9.21,9.1,595.7,0,2,dinner,"[{""amount"":300,""name"":""茄子"",""unit"":""""},{""amount"":10,""name"":""蒜"",""unit"":""""},{""amount"":8,""name"":""食用油"",""unit"":""""},{""amount"":1.5,""name"":""盐"",""unit"":""""}]","[""中文"",""亚洲"",""蔬菜"",""纯素"",""无蛋"",""低胆固醇"",""健康"",""少于15分钟"",""炉灶顶"",""炒"",""简单"",""便宜""]"
600051,清炒茼蒿,140.22,5.58,13.45,8.83,0.78,3.33,2.7,898.7,0,2,lunch,"[{""amount"":260,""name"":""茼蒿"",""unit"":""""},{""amount"":10,""name"":""蒜"",""unit"":""""},{""amount"":8,""name"":""食用油"",""unit"":""""},{""amount"":1.5,""name"":""盐"",""unit"":""""}]","[""中文"",""亚洲"",""蔬菜"",""纯素"",""无蛋"",""低胆固醇"",""健康"",""少于15分钟"",""炉灶顶"",""炒"",""简单"",""便宜""]"
600052,清炒豌豆苗,160.62,8.39,14.56,9.3,0.9,4.96,2.6,611.7,0,2,dinner,"[{""amount"":250,""name"":""豌豆苗"",""unit"":""""},{""amount"":10,""name"":""蒜"",""unit"":""""},{""amount"":8,""name"":""食用油"",""unit"":""""},{""amount"":1.5,""name"":""盐"",""unit"":""""}]","[""中文"",""亚洲"",""蔬菜"",""纯素"",""无蛋"",""低胆固醇"",""健康"",""少于15分钟"",""炉灶顶"",""炒"",""简单"",""便宜""]"
600053,清炒红苋菜,163.62,7.92,16.31,9.09,0.86,4.89,4,794.7,0,2,dinner,"[{""amount"":260,""name"":""红苋菜"",""unit"":""""},{""amount"":10,""name"":""蒜"",""unit"":""""},{""amount"":8,""name"":""食用油"",""unit"":""""},{""amount"":1.5,""name"":""盐"",""unit"":""""}]","[""中文"",""亚洲"",""蔬菜"",""纯素"",""无蛋"",""低胆固醇"",""健康"",""少于15分钟"",""炉灶顶"",""炒"",""简单"",""便宜""]"
600054,蒜蓉快菜,130.42,4.84,11.15,8.89,0.79,4.13,2.62,740.7,0,2,lunch,"[{""amount"":280,""name"":""快菜"",""unit"":""""},{""amount"":10,""name"":""蒜"",""unit"":""""},{""amount"":8,""name"":""食用油"",""unit"":""""},{""amount"":1.5,""name"":""盐"",""unit"":""""}]","[""中文"",""亚洲"",""蔬菜"",""纯素"",""无蛋"",""低胆固醇"",""健康"",""少于15分钟"",""炉灶顶"",""炒"",""简单"",""便宜""]"
600055,清炒奶白菜,127.62,5.12,10.59,8.89,0.79,3.57,2.34,754.7,0,2,dinner,"[{""amount"":280,""name"":""奶白菜"",""unit"":""""},{""amount"":10,""name"":""蒜"",""unit"":""""},{""amount"":8,""name"":""食用油"",""unit"":""""},{""amount"":1.5,""name"":""盐"",""unit"":""""}]","[""中文"",""亚洲"",""蔬菜"",""纯素"",""无蛋"",""低胆固醇"",""健康"",""少于15分钟"",""炉灶顶"",""炒"",""简单"",""便宜""]"
600056,清炒佛手瓜,133.62,3.04,13.81,8.35,0.71,3.21,4.6,601.7,0,2,dinner,"[{""amount"":300,""name"":""佛手瓜"",""unit"":""""},{""amount"":10,""name"":""蒜"",""unit"":""""},{""amount"":8,""name"":""食用油"",""unit"":""""},{""amount"":1.5,""name"":""盐"",""unit"":""""}]","[""中文"",""亚洲"",""蔬菜"",""纯素"",""无蛋"",""低胆固醇"",""健康"",""少于15分钟"",""炉灶顶"",""炒"",""简单"",""便宜""]"
600057,蒜香凉拌黄瓜,115.62,2.94,13.45,6.31,0.9,1.92,4.75,809.06,0,2,lunch,"[{""amount"":250,""name"":""黄瓜"",""unit"":""""},{""amount"":8,""name"":""蒜"",""unit"":""""},{""amount"":12,""name"":""酱油"",""unit"":""""},{""amount"":10,""name"":""米醋"",""unit"":""""},{""amount"":6,""name"":""香油"",""unit"":""""},{""amount"":0.5,""name"":""盐"",""unit"":""""}]","[""中文"",""亚洲"",""蔬菜"",""纯素"",""无蛋"",""低胆固醇"",""健康"",""免煮"",""少于15分钟"",""简单"",""便宜"",""午餐/零食""]"
600058,蒜香凉拌木耳,129.62,4.19,16.45,6.46,0.93,5.37,2.5,806.56,0,2,snack,"[{""amount"":200,""name"":""泡发木耳"",""unit"":""""},{""amount"":8,""name"":""蒜"",""unit"":""""},{""amount"":12,""name"":""酱油"",""unit"":""""},{""amount"":10,""name"":""米醋"",""unit"":""""},{""amount"":6,""name"":""香油"",""unit"":""""},{""amount"":0.5,""name"":""盐"",""unit"":""""}]","[""中文"",""亚洲"",""蔬菜"",""纯素"",""无蛋"",""低胆固醇"",""健康"",""免煮"",""少于15分钟"",""简单"",""便宜"",""午餐/零食""]"
600059,凉拌海带丝,101.62,3.59,8.65,6.26,0.91,1.17,1.1,1010.56,0,2,lunch,"[{""amount"":200,""name"":""海带"",""unit"":""""},{""amount"":8,""name"":""蒜"",""unit"":""""},{""amount"":12,""name"":""酱油"",""unit"":""""},{""amount"":10,""name"":""米醋"",""unit"":""""},{""amount"":6,""name"":""香油"",""unit"":""""},{""amount"":0.5,""name"":""盐"",""unit"":""""}]","[""中文"",""亚洲"",""蔬菜"",""纯素"",""无蛋"",""低胆固醇"",""健康"",""免煮"",""少于15分钟"",""简单"",""便宜"",""午餐/零食""]"
600060,凉拌莴笋,113.12,3.69,11.45,6.31,0.9,1.67,4.25,859.06,0,2,snack,"[{""amount"":250,""name"":""莴笋"",""unit"":""""},{""amount"":8,""name"":""蒜"",""unit"":""""},{""amount"":12,""name"":""酱油"",""unit"":""""},{""amount"":10,""name"":""米醋"",""unit"":""""},{""amount"":6,""name"":""香油"",""unit"":""""},{""amount"":0.5,""name"":""盐"",""unit"":""""}]","[""中文"",""亚洲"",""蔬菜"",""纯素"",""无蛋"",""低胆固醇"",""健康"",""免煮"",""少于15分钟"",""简单"",""便宜"",""午餐/零食""]"
600061,凉拌豆芽,120.62,6.19,11.95,6.31,0.9,3.67,5.5,816.56,0,2,lunch,"[{""amount"":250,""name"":""绿豆芽"",""unit"":""""},{""amount"":8,""name"":""蒜"",""unit"":""""},{""amount"":12,""name"":""酱油"",""unit"":""""},{""amount"":10,""name"":""米醋"",""unit"":""""},{""amount"":6,""name"":""香油"",""unit"":""""},{""amount"":0.5,""name"":""盐"",""unit"":""""}]","[""中文"",""亚洲"",""蔬菜"",""纯素"",""无蛋"",""低胆固醇"",""健康"",""免煮"",""少于15分钟"",""简单"",""便宜"",""午餐/零食""]"
600062,凉拌菠菜,131.62,6.99,11.65,6.86,0.99,4.57,1.3,966.56,0,2,snack,"[{""amount"":200,""name"":""菠菜"",""unit"":""""},{""amount"":8,""name"":""蒜"",""unit"":""""},{""amount"":12,""name"":""酱油"",""unit"":""""},{""amount"":10,""name"":""米醋"",""unit"":""""},{""amount"":6,""name"":""香油"",""unit"":""""},{""amount"":0.5,""name"":""盐"",""unit"":""""}]","[""中文"",""亚洲"",""蔬菜"",""纯素"",""无蛋"",""低胆固醇"",""健康"",""免煮"",""少于15分钟"",""简单"",""便宜"",""午餐/零食""]"
600063,凉拌藕片,221.62,4.99,37.25,6.46,0.91,4.57,4.5,816.56,0,2,lunch,"[{""amount"":200,""name"":""莲藕"",""unit"":""""},{""amount"":8,""name"":""蒜"",""unit"":""""},{""amount"":12,""name"":""酱油"",""unit"":""""},{""amount"":10,""name"":""米醋"",""unit"":""""},{""amount"":6,""name"":""香油"",""unit"":""""},{""amount"":0.5,""name"":""盐"",""unit"":""""}]","[""中文"",""亚洲"",""蔬菜"",""纯素"",""无蛋"",""低胆固醇"",""健康"",""免煮"",""少于15分钟"",""简单"",""便宜"",""午餐/零食""]"
600064,凉拌金针菇,139.62,5.99,16.45,6.86,0.97,5.57,3.5,806.56,0,2,snack,"[{""amount"":200,""name"":""金针菇"",""unit"":""""},{""amount"":8,""name"":""蒜"",""unit"":""""},{""amount"":12,""name"":""酱油"",""unit"":""""},{""amount"":10,""name"":""米醋"",""unit"":""""},{""amount"":6,""name"":""香油"",""unit"":""""},{""amount"":0.5,""name"":""盐"",""unit"":""""}]","[""中文"",""亚洲"",""蔬菜"",""纯素"",""无蛋"",""低胆固醇"",""健康"",""免煮"",""少于15分钟"",""简单"",""便宜"",""午餐/零食""]"
600065,凉拌豆腐丝,288.62,25.49,11.65,16.11,2.35,1.67,2,1306.56,0,2,lunch,"[{""amount"":150,""name"":""豆腐干"",""unit"":""""},{""amount"":8,""name"":""蒜"",""unit"":""""},{""amount"":12,""name"":""酱油"",""unit"":""""},{""amount"":10,""name"":""米醋"",""unit"":""""},{""amount"":6,""name"":""香油"",""unit"":""""},{""amount"":0.5,""name"":""盐"",""unit"":""""}]","[""中文"",""亚洲"",""蔬菜"",""纯素"",""无蛋"",""低胆固醇"",""健康"",""免煮"",""少于15分钟"",""简单"",""便宜"",""午餐/零食""]"
600066,凉拌西葫芦丝,123.12,4.19,13.95,6.56,0.97,2.67,5.5,811.56,0,2,snack,"[{""amount"":250,""name"":""西葫芦"",""unit"":""""},{""amount"":8,""name"":""蒜"",""unit"":""""},{""amount"":12,""name"":""酱油"",""unit"":""""},{""amount"":10,""name"":""米醋"",""unit"":""""},{""amount"":6,""name"":""香油"",""unit"":""""},{""amount"":0.5,""name"":""盐"",""unit"":""""}]","[""中文"",""亚洲"",""蔬菜"",""纯素"",""无蛋"",""低胆固醇"",""健康"",""免煮"",""少于15分钟"",""简单"",""便宜"",""午餐/零食""]"
600067,凉拌白萝卜丝,115.62,2.94,13.7,6.31,0.9,4.17,5.25,846.56,0,2,lunch,"[{""amount"":250,""name"":""白萝卜"",""unit"":""""},{""amount"":8,""name"":""蒜"",""unit"":""""},{""amount"":12,""name"":""酱油"",""unit"":""""},{""amount"":10,""name"":""米醋"",""unit"":""""},{""amount"":6,""name"":""香油"",""unit"":""""},{""amount"":0.5,""name"":""盐"",""unit"":""""}]","[""中文"",""亚洲"",""蔬菜"",""纯素"",""无蛋"",""低胆固醇"",""健康"",""免煮"",""少于15分钟"",""简单"",""便宜"",""午餐/零食""]"
600068,凉拌蕨根粉,295.62,2.19,56.45,6.26,0.89,0.77,0.9,806.56,0,2,snack,"[{""amount"":200,""name"":""泡发蕨根粉"",""unit"":""""},{""amount"":8,""name"":""蒜"",""unit"":""""},{""amount"":12,""name"":""酱油"",""unit"":""""},{""amount"":10,""name"":""米醋"",""unit"":""""},{""amount"":6,""name"":""香油"",""unit"":""""},{""amount"":0.5,""name"":""盐"",""unit"":""""}]","[""中文"",""亚洲"",""蔬菜"",""纯素"",""无蛋"",""低胆固醇"",""健康"",""免煮"",""少于15分钟"",""简单"",""便宜"",""午餐/零食""]"
600069,凉拌魔芋,105.62,1.69,11.95,6.31,0.9,5.67,1,809.06,0,2,lunch,"[{""amount"":250,""name"":""魔芋"",""unit"":""""},{""amount"":8,""name"":""蒜"",""unit"":""""},{""amount"":12,""name"":""酱油"",""unit"":""""},{""amount"":10,""name"":""米醋"",""unit"":""""},{""amount"":6,""name"":""香油"",""unit"":""""},{""amount"":0.5,""name"":""盐"",""unit"":""""}]","[""中文"",""亚洲"",""蔬菜"",""纯素"",""无蛋"",""低胆固醇"",""健康"",""免煮"",""少于15分钟"",""简单"",""便宜"",""午餐/零食""]"
600070,凉拌豆皮,283.62,20.79,14.05,18.86,2.77,1.37,1.3,820.56,0,2,snack,"[{""amount"":80,""name"":""豆腐皮"",""unit"":""""},{""amount"":8,""name"":""蒜"",""unit"":""""},{""amount"":12,""name"":""酱油"",""unit"":""""},{""amount"":10,""name"":""米醋"",""unit"":""""},{""amount"":6,""name"":""香油"",""unit"":""""},{""amount"":0.5,""name"":""盐"",""unit"":""""}]","[""中文"",""亚洲"",""蔬菜"",""纯素"",""无蛋"",""低胆固醇"",""健康"",""免煮"",""少于15分钟"",""简单"",""便宜"",""午餐/零食""]"
600071,凉拌粉丝,240.62,1.64,44.95,6.21,0.88,0.47,0.8,804.06,0,2,lunch,"[{""amount"":150,""name"":""泡发粉丝"",""unit"":""""},{""amount"":8,""name"":""蒜"",""unit"":""""},{""amount"":12,""name"":""酱油"",""unit"":""""},{""amount"":10,""name"":""米醋"",""unit"":""""},{""amount"":6,""name"":""香油"",""unit"":""""},{""amount"":0.5,""name"":""盐"",""unit"":""""}]","[""中文"",""亚洲"",""蔬菜"",""纯素"",""无蛋"",""低胆固醇"",""健康"",""免煮"",""少于15分钟"",""简单"",""便宜"",""午餐/零食""]"
600072,凉拌秋葵,141.62,4.99,19.25,6.46,0.95,6.57,5.7,812.56,0,2,snack,"[{""amount"":200,""name"":""秋葵"",""unit"":""""},{""amount"":8,""name"":""蒜"",""unit"":""""},{""amount"":12,""name"":""酱油"",""unit"":""""},{""amount"":10,""name"":""米醋"",""unit"":""""},{""amount"":6,""name"":""香油"",""unit"":""""},{""amount"":0.5,""name"":""盐"",""unit"":""""}]","[""中文"",""亚洲"",""蔬菜"",""纯素"",""无蛋"",""低胆固醇"",""健康"",""免煮"",""少于15分钟"",""简单"",""便宜"",""午餐/零食""]"
600073,凉拌芹菜,115.62,2.94,11.95,6.31,0.9,4.17,4.5,996.56,0,2,lunch,"[{""amount"":250,""name"":""芹菜"",""unit"":""""},{""amount"":8,""name"":""蒜"",""unit"":""""},{""amount"":12,""name"":""酱油"",""unit"":""""},{""amount"":10,""name"":""米醋"",""unit"":""""},{""amount"":6,""name"":""香油"",""unit"":""""},{""amount"":0.5,""name"":""盐"",""unit"":""""}]","[""中文"",""亚洲"",""蔬菜"",""纯素"",""无蛋"",""低胆固醇"",""健康"",""免煮"",""少于15分钟"",""简单"",""便宜"",""午餐/零食""]"
600074,凉拌苦瓜,124.02,3.39,15.23,6.5,0.96,3.25,3.58,814.16,0,2,snack,"[{""amount"":220,""name"":""苦瓜"",""unit"":""""},{""amount"":8,""name"":""蒜"",""unit"":""""},{""amount"":12,""name"":""酱油"",""unit"":""""},{""amount"":10,""name"":""米醋"",""unit"":""""},{""amount"":6,""name"":""香油"",""unit"":""""},{""amount"":0.5,""name"":""盐"",""unit"":""""}]","[""中文"",""亚洲"",""蔬菜"",""纯素"",""无蛋"",""低胆固醇"",""健康"",""免煮"",""少于15分钟"",""简单"",""便宜"",""午餐/零食""]"
600075,凉拌番茄,125.62,3.44,14.45,6.56,0.92,3.17,7,809.06,0,2,lunch,"[{""amount"":250,""name"":""番茄"",""unit"":""""},{""amount"":8,""name"":""蒜"",""unit"":""""},{""amount"":12,""name"":""酱油"",""unit"":""""},{""amount"":10,""name"":""米醋"",""unit"":""""},{""amount"":6,""name"":""香油"",""unit"":""""},{""amount"":0.5,""name"":""盐"",""unit"":""""}]","[""中文"",""亚洲"",""蔬菜"",""纯素"",""无蛋"",""低胆固醇"",""健康"",""免煮"",""少于15分钟"",""简单"",""便宜"",""午餐/零食""]"
600076,凉拌紫甘蓝,130.62,4.27,16.55,6.28,0.89,4.79,6.66,855.96,0,2,snack,"[{""amount"":220,""name"":""紫甘蓝"",""unit"":""""},{""amount"":8,""name"":""蒜"",""unit"":""""},{""amount"":12,""name"":""酱油"",""unit"":""""},{""amount"":10,""name"":""米醋"",""unit"":""""},{""amount"":6,""name"":""香油"",""unit"":""""},{""amount"":0.5,""name"":""盐"",""unit"":""""}]","[""中文"",""亚洲"",""蔬菜"",""纯素"",""无蛋"",""低胆固醇"",""健康"",""免煮"",""少于15分钟"",""简单"",""便宜"",""午餐/零食""]"
600077,凉拌苦菊,123.62,4.79,13.85,6.86,0.95,3.17,2.5,836.56,0,2,lunch,"[{""amount"":200,""name"":""苦菊"",""unit"":""""},{""amount"":8,""name"":""蒜"",""unit"":""""},{""amount"":12,""name"":""酱油"",""unit"":""""},{""amount"":10,""name"":""米醋"",""unit"":""""},{""amount"":6,""name"":""香油"",""unit"":""""},{""amount"":0.5,""name"":""盐"",""unit"":""""}]","[""中文"",""亚洲"",""蔬菜"",""纯素"",""无蛋"",""低胆固醇"",""健康"",""免煮"",""少于15分钟"",""简单"",""便宜"",""午餐/零食""]"
600078,凉拌马兰头,125.62,5.19,13.45,6.86,0.95,4.17,2.5,856.56,0,2,snack,"[{""amount"":200,""name"":""马兰头"",""unit"":""""},{""amount"":8,""name"":""蒜"",""unit"":""""},{""amount"":12,""name"":""酱油"",""unit"":""""},{""amount"":10,""name"":""米醋"",""unit"":""""},{""amount"":6,""name"":""香油"",""unit"":""""},{""amount"":0.5,""name"":""盐"",""unit"":""""}]","[""中文"",""亚洲"",""蔬菜"",""纯素"",""无蛋"",""低胆固醇"",""健康"",""免煮"",""少于15分钟"",""简单"",""便宜"",""午餐/零食""]"
600079,凉拌三丝,99.62,2.24,9.85,6.21,0.88,1.22,3.05,804.06,0,2,lunch,"[{""amount"":150,""name"":""黄瓜"",""unit"":""""},{""amount"":8,""name"":""蒜"",""unit"":""""},{""amount"":12,""name"":""酱油"",""unit"":""""},{""amount"":10,""name"":""米醋"",""unit"":""""},{""amount"":6,""name"":""香油"",""unit"":""""},{""amount"":0.5,""name"":""盐"",""unit"":""""}]","[""中文"",""亚洲"",""蔬菜"",""纯素"",""无蛋"",""低胆固醇"",""健康"",""免煮"",""少于15分钟"",""简单"",""便宜"",""午餐/零食""]"
600080,凉拌佛手瓜,115.62,3.19,13.2,6.31,0.9,2.67,4.25,809.06,0,2,snack,"[{""amount"":250,""name"":""佛手瓜"",""unit"":""""},{""amount"":8,""name"":""蒜"",""unit"":""""},{""amount"":12,""name"":""酱油"",""unit"":""""},{""amount"":10,""name"":""米醋"",""unit"":""""},{""amount"":6,""name"":""香油"",""unit"":""""},{""amount"":0.5,""name"":""盐"",""unit"":""""}]","[""中文"",""亚洲"",""蔬菜"",""纯素"",""无蛋"",""低胆固醇"",""健康"",""免煮"",""少于15分钟"",""简单"",""便宜"",""午餐/零食""]"
600081,凉拌豌豆苗,135.62,7.39,13.45,7.06,1.05,3.97,2.5,816.56,0,2,lunch,"[{""amount"":200,""name"":""豌豆苗"",""unit"":""""},{""amount"":8,""name"":""蒜"",""unit"":""""},{""amount"":12,""name"":""酱油"",""unit"":""""},{""amount"":10,""name"":""米醋"",""unit"":""""},{""amount"":6,""name"":""香油"",""unit"":""""},{""amount"":0.5,""name"":""盐"",""unit"":""""}]","[""中文"",""亚洲"",""蔬菜"",""纯素"",""无蛋"",""低胆固醇"",""健康"",""免煮"",""少于15分钟"",""简单"",""便宜"",""午餐/零食""]"
600082,凉拌红苋菜,141.62,7.35,15.45,6.94,1.02,4.13,3.8,972.56,0,2,snack,"[{""amount"":220,""name"":""红苋菜"",""unit"":""""},{""amount"":8,""name"":""蒜"",""unit"":""""},{""amount"":12,""name"":""酱油"",""unit"":""""},{""amount"":10,""name"":""米醋"",""unit"":""""},{""amount"":6,""name"":""香油"",""unit"":""""},{""amount"":0.5,""name"":""盐"",""unit"":""""}]","[""中文"",""亚洲"",""蔬菜"",""纯素"",""无蛋"",""低胆固醇"",""健康"",""免煮"",""少于15分钟"",""简单"",""便宜"",""午餐/零食""]"
600083,番茄炒蛋,254.72,15.1,10.8,17.9,3.8,2.4,5.5,618,373,2,dinner,"[{""amount"":100,""name"":""鸡蛋"",""unit"":""""},{""amount"":200,""name"":""番茄"",""unit"":""""},{""amount"":8,""name"":""食用油"",""unit"":""""},{""amount"":1.2,""name"":""盐"",""unit"":""""}]","[""中文"",""亚洲"",""蔬菜"",""鸡蛋"",""高蛋白"",""健康"",""家常菜聚餐"",""少于15分钟"",""炉灶顶"",""炒"",""简单"",""便宜"",""午餐/零食""]"
600084,韭菜炒蛋,252.22,16.9,9.7,18.1,3.89,2.1,2.4,638,373,2,lunch,"[{""amount"":100,""name"":""鸡蛋"",""unit"":""""},{""amount"":150,""name"":""韭菜"",""unit"":""""},{""amount"":8,""name"":""食用油"",""unit"":""""},{""amount"":1.2,""name"":""盐"",""unit"":""""}]","[""中文"",""亚洲"",""蔬菜"",""鸡蛋"",""高蛋白"",""健康"",""家常菜聚餐"",""少于15分钟"",""炉灶顶"",""炒"",""简单"",""便宜"",""午餐/零食""]"
600085,黄瓜炒蛋,238.72,14.35,8.2,17.65,3.77,1.05,2.85,615.5,373,2,dinner,"[{""amount"":100,""name"":""鸡蛋"",""unit"":""""},{""amount"":150,""name"":""黄瓜"",""unit"":""""},{""amount"":8,""name"":""食用油"",""unit"":""""},{""amount"":1.2,""name"":""盐"",""unit"":""""}]","[""中文"",""亚洲"",""蔬菜"",""鸡蛋"",""高蛋白"",""健康"",""家常菜聚餐"",""少于15分钟"",""炉灶顶"",""炒"",""简单"",""便宜"",""午餐/零食""]"
600086,苦瓜炒蛋,247.72,14.8,10.15,17.8,3.82,2.1,2.4,620,373,2,lunch,"[{""amount"":100,""name"":""鸡蛋"",""unit"":""""},{""amount"":150,""name"":""苦瓜"",""unit"":""""},{""amount"":8,""name"":""食用油"",""unit"":""""},{""amount"":1.2,""name"":""盐"",""unit"":""""}]","[""中文"",""亚洲"",""蔬菜"",""鸡蛋"",""高蛋白"",""健康"",""家常菜聚餐"",""少于15分钟"",""炉灶顶"",""炒"",""简单"",""便宜"",""午餐/零食""]"
600087,洋葱炒蛋,274.72,14.95,16.75,17.65,3.79,2.55,6.6,614,373,2,dinner,"[{""amount"":100,""name"":""鸡蛋"",""unit"":""""},{""amount"":150,""name"":""洋葱"",""unit"":""""},{""amount"":8,""name"":""食用油"",""unit"":""""},{""amount"":1.2,""name"":""盐"",""unit"":""""}]","[""中文"",""亚洲"",""蔬菜"",""鸡蛋"",""高蛋白"",""健康"",""家常菜聚餐"",""少于15分钟"",""炉灶顶"",""炒"",""简单"",""便宜"",""午餐/零食""]"
600088,胡萝卜炒蛋,276.22,14.65,17.2,17.8,3.8,4.2,7.35,714.5,373,2,lunch,"[{""amount"":100,""name"":""鸡蛋"",""unit"":""""},{""amount"":150,""name"":""胡萝卜"",""unit"":""""},{""amount"":8,""name"":""食用油"",""unit"":""""},{""amount"":1.2,""name"":""盐"",""unit"":""""}]","[""中文"",""亚洲"",""蔬菜"",""鸡蛋"",""高蛋白"",""健康"",""家常菜聚餐"",""少于15分钟"",""炉灶顶"",""炒"",""简单"",""便宜"",""午餐/零食""]"
600089,秋葵炒蛋,264.22,16.15,13.9,17.8,3.82,4.8,4.2,620,373,2,dinner,"[{""amount"":100,""name"":""鸡蛋"",""unit"":""""},{""amount"":150,""name"":""秋葵"",""unit"":""""},{""amount"":8,""name"":""食用油"",""unit"":""""},{""amount"":1.2,""name"":""盐"",""unit"":""""}]","[""中文"",""亚洲"",""蔬菜"",""鸡蛋"",""高蛋白"",""健康"",""家常菜聚餐"",""少于15分钟"",""炉灶顶"",""炒"",""简单"",""便宜"",""午餐/零食""]"
600090,菠菜炒蛋,256.72,17.65,8.2,18.1,3.85,3.3,0.9,735.5,373,2,lunch,"[{""amount"":100,""name"":""鸡蛋"",""unit"":""""},{""amount"":150,""name"":""菠菜"",""unit"":""""},{""amount"":8,""name"":""食用油"",""unit"":""""},{""amount"":1.2,""name"":""盐"",""unit"":""""}]","[""中文"",""亚洲"",""蔬菜"",""鸡蛋"",""高蛋白"",""健康"",""家常菜聚餐"",""少于15分钟"",""炉灶顶"",""炒"",""简单"",""便宜"",""午餐/零食""]"
600091,西葫芦炒蛋,243.22,15.1,8.5,17.8,3.82,1.5,3.3,617,373,2,dinner,"[{""amount"":100,""name"":""鸡蛋"",""unit"":""""},{""amount"":150,""name"":""西葫芦"",""unit"":""""},{""amount"":8,""name"":""食用油"",""unit"":""""},{""amount"":1.2,""name"":""盐"",""unit"":""""}]","[""中文"",""亚洲"",""蔬菜"",""鸡蛋"",""高蛋白"",""健康"",""家常菜聚餐"",""少于15分钟"",""炉灶顶"",""炒"",""简单"",""便宜"",""午餐/零食""]"
600092,丝瓜炒蛋,244.72,14.8,9.1,17.8,3.8,0.9,3.3,615.5,373,2,lunch,"[{""amount"":100,""name"":""鸡蛋"",""unit"":""""},{""amount"":150,""name"":""丝瓜"",""unit"":""""},{""amount"":8,""name"":""食用油"",""unit"":""""},{""amount"":1.2,""name"":""盐"",""unit"":""""}]","[""中文"",""亚洲"",""蔬菜"",""鸡蛋"",""高蛋白"",""健康"",""家常菜聚餐"",""少于15分钟"",""炉灶顶"",""炒"",""简单"",""便宜"",""午餐/零食""]"
600093,木耳炒蛋,241.72,14.8,8.8,17.7,3.78,2.6,1.3,613,373,2,dinner,"[{""amount"":100,""name"":""鸡蛋"",""unit"":""""},{""amount"":100,""name"":""泡发木耳"",""unit"":""""},{""amount"":8,""name"":""食用油"",""unit"":""""},{""amount"":1.2,""name"":""盐"",""unit"":""""}]","[""中文"",""亚洲"",""蔬菜"",""鸡蛋"",""高蛋白"",""健康"",""家常菜聚餐"",""少于15分钟"",""炉灶顶"",""炒"",""简单"",""便宜"",""午餐/零食""]"
600094,平菇炒蛋,247.72,16.75,9.7,17.8,3.79,3.15,2.1,615.5,373,2,lunch,"[{""amount"":100,""name"":""鸡蛋"",""unit"":""""},{""amount"":150,""name"":""平菇"",""unit"":""""},{""amount"":8,""name"":""食用油"",""unit"":""""},{""amount"":1.2,""name"":""盐"",""unit"":""""}]","[""中文"",""亚洲"",""蔬菜"",""鸡蛋"",""高蛋白"",""健康"",""家常菜聚餐"",""少于15分钟"",""炉灶顶"",""炒"",""简单"",""便宜"",""午餐/零食""]"
600095,虾仁滑蛋,392.92,56.5,3.16,18.04,3.92,0,0.3,905,724,2,dinner,"[{""amount"":80,""name"":""虾仁"",""unit"":""""},{""amount"":100,""name"":""鸡蛋"",""unit"":""""},{""amount"":100,""name"":""虾仁"",""unit"":""""},{""amount"":8,""name"":""食用油"",""unit"":""""},{""amount"":1.2,""name"":""盐"",""unit"":""""}]","[""中文"",""亚洲"",""蔬菜"",""鸡蛋"",""高蛋白"",""健康"",""家常菜聚餐"",""少于15分钟"",""炉灶顶"",""炒"",""简单"",""便宜"",""午餐/零食""]"
600096,银鱼炒蛋,340.72,33.94,2.8,22.3,4.94,0,0.3,764,457,2,dinner,"[{""amount"":60,""name"":""银鱼"",""unit"":""""},{""amount"":100,""name"":""鸡蛋"",""unit"":""""},{""amount"":60,""name"":""银鱼"",""unit"":""""},{""amount"":8,""name"":""食用油"",""unit"":""""},{""amount"":1.2,""name"":""盐"",""unit"":""""}]","[""中文"",""亚洲"",""蔬菜"",""鸡蛋"",""高蛋白"",""健康"",""家常菜聚餐"",""少于15分钟"",""炉灶顶"",""炒"",""简单"",""便宜"",""午餐/零食""]"
600097,虾皮蒸蛋,245.32,19.44,3.3,17.94,3.86,0,0.3,1619.6,458.6,2,breakfast,"[{""amount"":10,""name"":""虾皮"",""unit"":""""},{""amount"":100,""name"":""鸡蛋"",""unit"":""""},{""amount"":10,""name"":""虾皮"",""unit"":""""},{""amount"":8,""name"":""食用油"",""unit"":""""},{""amount"":1.2,""name"":""盐"",""unit"":""""}]","[""中文"",""亚洲"",""蔬菜"",""鸡蛋"",""高蛋白"",""健康"",""家常菜聚餐"",""少于15分钟"",""炉灶顶"",""炒"",""简单"",""便宜"",""午餐/零食""]"
600098,麻婆豆腐(少油),402.02,37.41,13.31,22.87,3.34,2.2,2.24,943.79,28,2,dinner,"[{""amount"":350,""name"":""豆腐"",""unit"":""""},{""amount"":40,""name"":""猪里脊"",""unit"":""""},{""amount"":10,""name"":""蒜"",""unit"":""""},{""amount"":8,""name"":""姜"",""unit"":""""},{""amount"":5,""name"":""小米椒"",""unit"":""""},{""amount"":10,""name"":""酱油"",""unit"":""""},{""amount"":8,""name"":""食用油"",""unit"":""""},{""amount"":1,""name"":""盐"",""unit"":""""}]","[""中文"",""亚洲"",""大豆/豆腐"",""豆类"",""蔬菜"",""低胆固醇"",""健康"",""家常菜聚餐"",""少于30分钟"",""炉灶顶"",""简单"",""便宜"",""辣味"",""咸味""]"
600099,家常豆腐,381.52,29.55,21.96,21.77,2.79,4.9,5.88,920.1,0,2,dinner,"[{""amount"":300,""name"":""豆腐"",""unit"":""""},{""amount"":80,""name"":""青椒"",""unit"":""""},{""amount"":50,""name"":""洋葱"",""unit"":""""},{""amount"":10,""name"":""蒜"",""unit"":""""},{""amount"":8,""name"":""食用油"",""unit"":""""},{""amount"":10,""name"":""酱油"",""unit"":""""},{""amount"":1,""name"":""盐"",""unit"":""""}]","[""中文"",""亚洲"",""大豆/豆腐"",""豆类"",""蔬菜"",""低胆固醇"",""健康"",""家常菜聚餐"",""少于30分钟"",""炉灶顶"",""简单"",""便宜""]"
600100,红烧豆腐,362.07,28.65,17.46,21.59,2.75,2.79,5.05,971.63,0,2,dinner,"[{""amount"":300,""name"":""豆腐"",""unit"":""""},{""amount"":10,""name"":""蒜"",""unit"":""""},{""amount"":10,""name"":""葱"",""unit"":""""},{""amount"":8,""name"":""食用油"",""unit"":""""},{""amount"":15,""name"":""酱油"",""unit"":""""},{""amount"":3,""name"":""白糖"",""unit"":""""},{""amount"":0.5,""name"":""盐"",""unit"":""""}]","[""中文"",""亚洲"",""大豆/豆腐"",""豆类"",""蔬菜"",""低胆固醇"",""健康"",""家常菜聚餐"",""少于30分钟"",""炉灶顶"",""简单"",""便宜""]"
600101,白菜炖豆腐,288.2,27.09,12.29,16.14,2.01,4.8,3.58,757.65,0,2,dinner,"[{""amount"":300,""name"":""豆腐"",""unit"":""""},{""amount"":200,""name"":""小白菜"",""unit"":""""},{""amount"":5,""name"":""姜"",""unit"":""""},{""amount"":5,""name"":""食用油"",""unit"":""""},{""amount"":1.5,""name"":""盐"",""unit"":""""}]","[""中文"",""亚洲"",""大豆/豆腐"",""豆类"",""蔬菜"",""低胆固醇"",""健康"",""家常菜聚餐"",""少于30分钟"",""炉灶顶"",""简单"",""便宜"",""纯素"",""无蛋"",""无乳糖""]"
600102,番茄豆腐,343.62,26.44,19.31,18.95,2.21,4.11,8.8,620.72,0,2,dinner,"[{""amount"":300,""name"":""豆腐"",""unit"":""""},{""amount"":200,""name"":""番茄"",""unit"":""""},{""amount"":10,""name"":""蒜"",""unit"":""""},{""amount"":8,""name"":""食用油"",""unit"":""""},{""amount"":1.5,""name"":""盐"",""unit"":""""},{""amount"":2,""name"":""白糖"",""unit"":""""}]","[""中文"",""亚洲"",""大豆/豆腐"",""豆类"",""蔬菜"",""低胆固醇"",""健康"",""家常菜聚餐"",""少于30分钟"",""炉灶顶"",""简单"",""便宜"",""纯素"",""无蛋"",""无乳糖""]"
600103,菌菇豆腐汤,216.2,18.47,10.65,12.37,1.46,3.53,2.8,606.9,0,3,dinner,"[{""amount"":200,""name"":""豆腐"",""unit"":""""},{""amount"":50,""name"":""香菇"",""unit"":""""},{""amount"":50,""name"":""金针菇"",""unit"":""""},{""amount"":10,""name"":""葱"",""unit"":""""},{""amount"":5,""name"":""食用油"",""unit"":""""},{""amount"":1.5,""name"":""盐"",""unit"":""""}]","[""中文"",""亚洲"",""大豆/豆腐"",""豆类"",""蔬菜"",""低胆固醇"",""健康"",""家常菜聚餐"",""少于30分钟"",""炉灶顶"",""简单"",""便宜"",""纯素"",""无蛋"",""无乳糖""]"
600104,丝瓜豆腐汤,228.2,18.09,13.29,12.44,1.49,2.3,5.08,611.65,0,3,dinner,"[{""amount"":200,""name"":""豆腐"",""unit"":""""},{""amount"":200,""name"":""丝瓜"",""unit"":""""},{""amount"":5,""name"":""姜"",""unit"":""""},{""amount"":5,""name"":""食用油"",""unit"":""""},{""amount"":1.5,""name"":""盐"",""unit"":""""}]","[""中文"",""亚洲"",""大豆/豆腐"",""豆类"",""蔬菜"",""低胆固醇"",""健康"",""家常菜聚餐"",""少于30分钟"",""炉灶顶"",""简单"",""便宜"",""纯素"",""无蛋"",""无乳糖""]"
600105,虾仁豆腐,386.72,48.26,7.74,18.86,2.25,1.78,1.89,658.55,195,2,dinner,"[{""amount"":300,""name"":""豆腐"",""unit"":""""},{""amount"":100,""name"":""虾仁"",""unit"":""""},{""amount"":5,""name"":""姜"",""unit"":""""},{""amount"":10,""name"":""葱"",""unit"":""""},{""amount"":8,""name"":""食用油"",""unit"":""""},{""amount"":1.2,""name"":""盐"",""unit"":""""}]","[""中文"",""亚洲"",""大豆/豆腐"",""豆类"",""蔬菜"",""低胆固醇"",""健康"",""家常菜聚餐"",""少于30分钟"",""炉灶顶"",""简单"",""便宜"",""海鲜"",""高蛋白""]"
600106,香煎豆腐,350.96,27.84,10.85,23.53,2.9,2.58,1.92,819.9,0,2,dinner,"[{""amount"":300,""name"":""豆腐"",""unit"":""""},{""amount"":10,""name"":""食用油"",""unit"":""""},{""amount"":12,""name"":""酱油"",""unit"":""""},{""amount"":10,""name"":""葱"",""unit"":""""},{""amount"":0.5,""name"":""盐"",""unit"":""""}]","[""中文"",""亚洲"",""大豆/豆腐"",""豆类"",""蔬菜"",""低胆固醇"",""健康"",""家常菜聚餐"",""少于30分钟"",""炉灶顶"",""简单"",""便宜""]"
600107,凉拌豆腐,273.6,24.84,7.85,16.53,2.34,1.68,1.92,819.9,0,2,snack,"[{""amount"":300,""name"":""豆腐"",""unit"":""""},{""amount"":10,""name"":""葱"",""unit"":""""},{""amount"":12,""name"":""酱油"",""unit"":""""},{""amount"":6,""name"":""香油"",""unit"":""""},{""amount"":0.5,""name"":""盐"",""unit"":""""}]","[""中文"",""亚洲"",""大豆/豆腐"",""豆类"",""蔬菜"",""低胆固醇"",""健康"",""家常菜聚餐"",""少于30分钟"",""炉灶顶"",""简单"",""便宜"",""纯素"",""无蛋"",""无乳糖""]"
600108,豆干炒芹菜,327.64,26.21,15.85,18.29,2.19,4.87,4.78,1061.36,0,2,dinner,"[{""amount"":150,""name"":""豆腐干"",""unit"":""""},{""amount"":200,""name"":""芹菜"",""unit"":""""},{""amount"":8,""name"":""蒜"",""unit"":""""},{""amount"":8,""name"":""食用油"",""unit"":""""},{""amount"":1,""name"":""盐"",""unit"":""""}]","[""中文"",""亚洲"",""大豆/豆腐"",""豆类"",""蔬菜"",""低胆固醇"",""健康"",""家常菜聚餐"",""少于30分钟"",""炉灶顶"",""简单"",""便宜"",""纯素"",""无蛋"",""无乳糖""]"
600109,素鸡炒青椒,399.64,34.41,19.75,21.74,2.69,4.87,5.98,1075.86,0,2,dinner,"[{""amount"":200,""name"":""豆腐干"",""unit"":""""},{""amount"":150,""name"":""青椒"",""unit"":""""},{""amount"":8,""name"":""蒜"",""unit"":""""},{""amount"":8,""name"":""食用油"",""unit"":""""},{""amount"":1,""name"":""盐"",""unit"":""""}]","[""中文"",""亚洲"",""大豆/豆腐"",""豆类"",""蔬菜"",""低胆固醇"",""健康"",""家常菜聚餐"",""少于30分钟"",""炉灶顶"",""简单"",""便宜"",""纯素"",""无蛋"",""无乳糖""]"
600110,腐竹炒木耳,355.14,24.21,24.7,19.14,2.21,4.92,4.93,461.86,0,2,dinner,"[{""amount"":150,""name"":""泡发腐竹"",""unit"":""""},{""amount"":100,""name"":""泡发木耳"",""unit"":""""},{""amount"":50,""name"":""胡萝卜"",""unit"":""""},{""amount"":8,""name"":""食用油"",""unit"":""""},{""amount"":8,""name"":""蒜"",""unit"":""""},{""amount"":1,""name"":""盐"",""unit"":""""}]","[""中文"",""亚洲"",""大豆/豆腐"",""豆类"",""蔬菜"",""低胆固醇"",""健康"",""家常菜聚餐"",""少于30分钟"",""炉灶顶"",""简单"",""便宜"",""纯素"",""无蛋"",""无乳糖""]"
600111,韭菜炒豆干,333.72,29.1,16.4,18.85,2.34,4.3,4.3,1018,0,2,dinner,"[{""amount"":150,""name"":""豆腐干"",""unit"":""""},{""amount"":200,""name"":""韭菜"",""unit"":""""},{""amount"":8,""name"":""食用油"",""unit"":""""},{""amount"":1.2,""name"":""盐"",""unit"":""""}]","[""中文"",""亚洲"",""大豆/豆腐"",""豆类"",""蔬菜"",""低胆固醇"",""健康"",""家常菜聚餐"",""少于30分钟"",""炉灶顶"",""简单"",""便宜"",""纯素"",""无蛋"",""无乳糖""]"
600112,荠菜豆腐羹,198.2,17.45,5.8,12.2,1.44,2.1,1.2,643.5,0,2,dinner,"[{""amount"":200,""name"":""豆腐"",""unit"":""""},{""amount"":50,""name"":""菠菜"",""unit"":""""},{""amount"":5,""name"":""食用油"",""unit"":""""},{""amount"":1.5,""name"":""盐"",""unit"":""""}]","[""中文"",""亚洲"",""大豆/豆腐"",""豆类"",""蔬菜"",""低胆固醇"",""健康"",""家常菜聚餐"",""少于30分钟"",""炉灶顶"",""简单"",""便宜"",""纯素"",""无蛋"",""无乳糖"",""汤""]"
600113,豆腐皮卷蔬菜,302.3,26.56,21.05,16.26,2.44,3.9,4.7,582,0,2,snack,"[{""amount"":100,""name"":""豆腐皮"",""unit"":""""},{""amount"":50,""name"":""胡萝卜"",""unit"":""""},{""amount"":50,""name"":""黄瓜"",""unit"":""""},{""amount"":50,""name"":""生菜"",""unit"":""""},{""amount"":10,""name"":""酱油"",""unit"":""""}]","[""中文"",""亚洲"",""大豆/豆腐"",""豆类"",""蔬菜"",""低胆固醇"",""健康"",""家常菜聚餐"",""少于30分钟"",""炉灶顶"",""简单"",""便宜"",""纯素"",""无蛋"",""无乳糖""]"
600114,笋干烧豆腐,307.02,25.26,12.4,19.36,2.41,4,2.65,913,0,2,dinner,"[{""amount"":250,""name"":""豆腐"",""unit"":""""},{""amount"":100,""name"":""芦笋"",""unit"":""""},{""amount"":8,""name"":""食用油"",""unit"":""""},{""amount"":10,""name"":""酱油"",""unit"":""""},{""amount"":1,""name"":""盐"",""unit"":""""}]","[""中文"",""亚洲"",""大豆/豆腐"",""豆类"",""蔬菜"",""低胆固醇"",""健康"",""家常菜聚餐"",""少于30分钟"",""炉灶顶"",""简单"",""便宜"",""纯素"",""无蛋"",""无乳糖""]"
600115,香菇豆腐煲,318.12,25.1,15.5,19.58,2.44,4,4.25,570,0,2,dinner,"[{""amount"":250,""name"":""豆腐"",""unit"":""""},{""amount"":100,""name"":""香菇"",""unit"":""""},{""amount"":8,""name"":""食用油"",""unit"":""""},{""amount"":10,""name"":""蚝油"",""unit"":""""},{""amount"":0.5,""name"":""盐"",""unit"":""""}]","[""中文"",""亚洲"",""大豆/豆腐"",""豆类"",""蔬菜"",""低胆固醇"",""健康"",""家常菜聚餐"",""少于30分钟"",""炉灶顶"",""简单"",""便宜"",""纯素"",""无蛋"",""无乳糖""]"
600116,冬瓜豆腐汤,218.2,17.09,11.39,12.54,1.48,2.85,4.33,609.15,0,3,dinner,"[{""amount"":200,""name"":""豆腐"",""unit"":""""},{""amount"":250,""name"":""冬瓜"",""unit"":""""},{""amount"":5,""name"":""姜"",""unit"":""""},{""amount"":5,""name"":""食用油"",""unit"":""""},{""amount"":1.5,""name"":""盐"",""unit"":""""}]","[""中文"",""亚洲"",""大豆/豆腐"",""豆类"",""蔬菜"",""低胆固醇"",""健康"",""家常菜聚餐"",""少于30分钟"",""炉灶顶"",""简单"",""便宜"",""纯素"",""无蛋"",""无乳糖""]"
600117,豆腐蔬菜煲,333.72,26.3,18.3,19.95,2.51,6.2,5.55,703,0,2,dinner,"[{""amount"":250,""name"":""豆腐"",""unit"":""""},{""amount"":150,""name"":""娃娃菜"",""unit"":""""},{""amount"":50,""name"":""胡萝卜"",""unit"":""""},{""amount"":50,""name"":""香菇"",""unit"":""""},{""amount"":8,""name"":""食用油"",""unit"":""""},{""amount"":1.5,""name"":""盐"",""unit"":""""}]","[""中文"",""亚洲"",""大豆/豆腐"",""豆类"",""蔬菜"",""低胆固醇"",""健康"",""家常菜聚餐"",""少于30分钟"",""炉灶顶"",""简单"",""便宜"",""纯素"",""无蛋"",""无乳糖""]"
600118,香菇油菜,154.64,6.31,16.25,9.34,0.8,4.37,3.58,506.36,0,2,dinner,"[{""amount"":100,""name"":""香菇"",""unit"":""""},{""amount"":200,""name"":""油菜"",""unit"":""""},{""amount"":8,""name"":""蒜"",""unit"":""""},{""amount"":8,""name"":""食用油"",""unit"":""""},{""amount"":1,""name"":""盐"",""unit"":""""}]","[""中文"",""亚洲"",""蔬菜"",""菌菇"",""低胆固醇"",""健康"",""少于15分钟"",""炉灶顶"",""简单"",""便宜"",""纯素"",""无蛋"",""无乳糖""]"
600119,蚝油香菇,149.84,5.39,17.05,6.68,0.59,4.17,4.88,626.36,0,2,dinner,"[{""amount"":200,""name"":""香菇"",""unit"":""""},{""amount"":8,""name"":""蒜"",""unit"":""""},{""amount"":12,""name"":""蚝油"",""unit"":""""},{""amount"":6,""name"":""食用油"",""unit"":""""},{""amount"":0.5,""name"":""盐"",""unit"":""""}]","[""中文"",""亚洲"",""蔬菜"",""菌菇"",""低胆固醇"",""健康"",""少于15分钟"",""炉灶顶"",""简单"",""便宜"",""纯素"",""无蛋"",""无乳糖""]"
600120,蒜蓉杏鲍菇,173.12,5.14,22.31,8.55,0.72,5.96,2.6,482.2,0,2,dinner,"[{""amount"":250,""name"":""杏鲍菇"",""unit"":""""},{""amount"":10,""name"":""蒜"",""unit"":""""},{""amount"":8,""name"":""食用油"",""unit"":""""},{""amount"":1.2,""name"":""盐"",""unit"":""""}]","[""中文"",""亚洲"",""蔬菜"",""菌菇"",""低胆固醇"",""健康"",""少于15分钟"",""炉灶顶"",""简单"",""便宜"",""纯素"",""无蛋"",""无乳糖""]"
600121,手撕杏鲍菇,176.44,5.57,22.65,8.55,0.72,5.92,2.68,825.86,0,2,dinner,"[{""amount"":250,""name"":""杏鲍菇"",""unit"":""""},{""amount"":8,""name"":""蒜"",""unit"":""""},{""amount"":10,""name"":""酱油"",""unit"":""""},{""amount"":8,""name"":""食用油"",""unit"":""""},{""amount"":0.8,""name"":""盐"",""unit"":""""}]","[""中文"",""亚洲"",""蔬菜"",""菌菇"",""低胆固醇"",""健康"",""少于15分钟"",""炉灶顶"",""简单"",""便宜"",""纯素"",""无蛋"",""无乳糖""]"
600122,酸辣拌金针菇,141.12,6.06,16.75,6.88,0.97,5.64,3.65,611.81,0,2,snack,"[{""amount"":200,""name"":""金针菇"",""unit"":""""},{""amount"":8,""name"":""蒜"",""unit"":""""},{""amount"":12,""name"":""酱油"",""unit"":""""},{""amount"":10,""name"":""米醋"",""unit"":""""},{""amount"":6,""name"":""香油"",""unit"":""""},{""amount"":5,""name"":""小米椒"",""unit"":""""}]","[""中文"",""亚洲"",""蔬菜"",""菌菇"",""低胆固醇"",""健康"",""少于15分钟"",""炉灶顶"",""简单"",""便宜"",""纯素"",""无蛋"",""无乳糖""]"
600123,口蘑炒芦笋,165.4,8.46,13.45,8.64,0.75,5.12,3.53,481.36,0,2,dinner,"[{""amount"":150,""name"":""口蘑"",""unit"":""""},{""amount"":150,""name"":""芦笋"",""unit"":""""},{""amount"":8,""name"":""蒜"",""unit"":""""},{""amount"":8,""name"":""食用油"",""unit"":""""},{""amount"":1.2,""name"":""盐"",""unit"":""""}]","[""中文"",""亚洲"",""蔬菜"",""菌菇"",""低胆固醇"",""健康"",""少于15分钟"",""炉灶顶"",""简单"",""便宜"",""纯素"",""无蛋"",""无乳糖""]"
600124,双菇西兰花,218.44,10.35,23.29,9.32,0.93,8.01,5.48,543.36,0,2,dinner,"[{""amount"":80,""name"":""香菇"",""unit"":""""},{""amount"":80,""name"":""口蘑"",""unit"":""""},{""amount"":200,""name"":""西兰花"",""unit"":""""},{""amount"":8,""name"":""蒜"",""unit"":""""},{""amount"":8,""name"":""食用油"",""unit"":""""},{""amount"":1.2,""name"":""盐"",""unit"":""""}]","[""中文"",""亚洲"",""蔬菜"",""菌菇"",""低胆固醇"",""健康"",""少于15分钟"",""炉灶顶"",""简单"",""便宜"",""纯素"",""无蛋"",""无乳糖""]"
600125,香菇滑鸡,368.7,53.1,9.17,12.89,3.82,2.34,2.09,707.94,250,2,dinner,"[{""amount"":250,""name"":""鸡腿肉"",""unit"":""""},{""amount"":100,""name"":""香菇"",""unit"":""""},{""amount"":8,""name"":""姜"",""unit"":""""},{""amount"":10,""name"":""葱"",""unit"":""""},{""amount"":10,""name"":""料酒"",""unit"":""""},{""amount"":10,""name"":""酱油"",""unit"":""""}]","[""中文"",""亚洲"",""蔬菜"",""菌菇"",""低胆固醇"",""健康"",""少于15分钟"",""炉灶顶"",""简单"",""便宜"",""禽肉"",""鸡肉"",""蒸汽""]"
600126,茶树菇炒肉,317.54,28.82,14.99,16.24,3.56,3.92,1.68,889.26,84,2,dinner,"[{""amount"":120,""name"":""猪里脊"",""unit"":""""},{""amount"":150,""name"":""茶树菇"",""unit"":""""},{""amount"":8,""name"":""蒜"",""unit"":""""},{""amount"":8,""name"":""食用油"",""unit"":""""},{""amount"":10,""name"":""酱油"",""unit"":""""},{""amount"":0.8,""name"":""盐"",""unit"":""""}]","[""中文"",""亚洲"",""蔬菜"",""菌菇"",""低胆固醇"",""健康"",""少于15分钟"",""炉灶顶"",""简单"",""便宜"",""肉""]"
600127,杂菌汤,118.66,4.92,12.1,5.62,0.5,4.33,2.8,595.9,0,3,dinner,"[{""amount"":50,""name"":""香菇"",""unit"":""""},{""amount"":50,""name"":""金针菇"",""unit"":""""},{""amount"":50,""name"":""杏鲍菇"",""unit"":""""},{""amount"":50,""name"":""口蘑"",""unit"":""""},{""amount"":10,""name"":""葱"",""unit"":""""},{""amount"":5,""name"":""食用油"",""unit"":""""},{""amount"":1.5,""name"":""盐"",""unit"":""""}]","[""中文"",""亚洲"",""蔬菜"",""菌菇"",""低胆固醇"",""健康"",""少于15分钟"",""炉灶顶"",""简单"",""便宜"",""纯素"",""无蛋"",""无乳糖"",""汤""]"
600128,凉拌白玉菇,131.62,5.59,15.45,6.66,0.93,4.17,2.5,611.56,0,2,snack,"[{""amount"":200,""name"":""白玉菇"",""unit"":""""},{""amount"":8,""name"":""蒜"",""unit"":""""},{""amount"":12,""name"":""酱油"",""unit"":""""},{""amount"":10,""name"":""米醋"",""unit"":""""},{""amount"":6,""name"":""香油"",""unit"":""""}]","[""中文"",""亚洲"",""蔬菜"",""菌菇"",""低胆固醇"",""健康"",""少于15分钟"",""炉灶顶"",""简单"",""便宜"",""纯素"",""无蛋"",""无乳糖""]"
600129,家常清蒸鲈鱼,493.89,75.58,3.67,19.7,3.7,0.34,0.64,1640.94,344,1,dinner,"[{""amount"":400,""name"":""鲈鱼"",""unit"":""""},{""amount"":8,""name"":""姜"",""unit"":""""},{""amount"":10,""name"":""葱"",""unit"":""""},{""amount"":10,""name"":""料酒"",""unit"":""""},{""amount"":15,""name"":""酱油"",""unit"":""""},{""amount"":6,""name"":""食用油"",""unit"":""""},{""amount"":0.8,""name"":""盐"",""unit"":""""}]","[""中文"",""粤语"",""亚洲"",""海鲜"",""鱼"",""高蛋白"",""低胆固醇"",""健康"",""高含量..."",""少于30分钟"",""蒸汽"",""简单"",""一餐即食""]"
600130,清蒸鳕鱼,319.89,54.88,3.67,8.2,0.8,0.34,0.64,1244.94,129,1,dinner,"[{""amount"":300,""name"":""鳕鱼"",""unit"":""""},{""amount"":8,""name"":""姜"",""unit"":""""},{""amount"":10,""name"":""葱"",""unit"":""""},{""amount"":10,""name"":""料酒"",""unit"":""""},{""amount"":15,""name"":""酱油"",""unit"":""""},{""amount"":6,""name"":""食用油"",""unit"":""""},{""amount"":0.8,""name"":""盐"",""unit"":""""}]","[""中文"",""粤语"",""亚洲"",""海鲜"",""鱼"",""高蛋白"",""低胆固醇"",""健康"",""高含量..."",""少于30分钟"",""蒸汽"",""简单"",""一餐即食""]"
600131,清蒸桂鱼,513.89,73.18,5.27,22.1,4.5,0.34,0.64,1424.94,360,1,dinner,"[{""amount"":400,""name"":""桂鱼"",""unit"":""""},{""amount"":8,""name"":""姜"",""unit"":""""},{""amount"":10,""name"":""葱"",""unit"":""""},{""amount"":10,""name"":""料酒"",""unit"":""""},{""amount"":15,""name"":""酱油"",""unit"":""""},{""amount"":6,""name"":""食用油"",""unit"":""""},{""amount"":0.8,""name"":""盐"",""unit"":""""}]","[""中文"",""粤语"",""亚洲"",""海鲜"",""鱼"",""高蛋白"",""低胆固醇"",""健康"",""高含量..."",""少于30分钟"",""蒸汽"",""简单"",""一餐即食""]"
600132,清蒸多宝鱼,453.89,69.18,4.87,17.3,2.9,0.34,0.64,1424.94,280,1,dinner,"[{""amount"":400,""name"":""多宝鱼"",""unit"":""""},{""amount"":8,""name"":""姜"",""unit"":""""},{""amount"":10,""name"":""葱"",""unit"":""""},{""amount"":10,""name"":""料酒"",""unit"":""""},{""amount"":15,""name"":""酱油"",""unit"":""""},{""amount"":6,""name"":""食用油"",""unit"":""""},{""amount"":0.8,""name"":""盐"",""unit"":""""}]","[""中文"",""粤语"",""亚洲"",""海鲜"",""鱼"",""高蛋白"",""低胆固醇"",""健康"",""高含量..."",""少于30分钟"",""蒸汽"",""简单"",""一餐即食""]"
600133,清蒸鲳鱼,493.89,56.68,4.27,28,6.8,0.34,0.64,1250.94,195,1,dinner,"[{""amount"":300,""name"":""鲳鱼"",""unit"":""""},{""amount"":8,""name"":""姜"",""unit"":""""},{""amount"":10,""name"":""葱"",""unit"":""""},{""amount"":10,""name"":""料酒"",""unit"":""""},{""amount"":15,""name"":""酱油"",""unit"":""""},{""amount"":6,""name"":""食用油"",""unit"":""""},{""amount"":0.8,""name"":""盐"",""unit"":""""}]","[""中文"",""粤语"",""亚洲"",""海鲜"",""鱼"",""高蛋白"",""低胆固醇"",""健康"",""高含量..."",""少于30分钟"",""蒸汽"",""简单"",""一餐即食""]"
600134,清蒸黄花鱼,364.89,54.28,3.67,13.6,2.3,0.34,0.64,1364.94,174,1,dinner,"[{""amount"":300,""name"":""黄花鱼"",""unit"":""""},{""amount"":8,""name"":""姜"",""unit"":""""},{""amount"":10,""name"":""葱"",""unit"":""""},{""amount"":10,""name"":""料酒"",""unit"":""""},{""amount"":15,""name"":""酱油"",""unit"":""""},{""amount"":6,""name"":""食用油"",""unit"":""""},{""amount"":0.8,""name"":""盐"",""unit"":""""}]","[""中文"",""粤语"",""亚洲"",""海鲜"",""鱼"",""高蛋白"",""低胆固醇"",""健康"",""高含量..."",""少于30分钟"",""蒸汽"",""简单"",""一餐即食""]"
600135,葱油蒸鲈鱼,493.89,75.58,3.67,19.7,3.7,0.34,0.64,1640.94,344,1,dinner,"[{""amount"":400,""name"":""鲈鱼"",""unit"":""""},{""amount"":8,""name"":""姜"",""unit"":""""},{""amount"":10,""name"":""葱"",""unit"":""""},{""amount"":10,""name"":""料酒"",""unit"":""""},{""amount"":15,""name"":""酱油"",""unit"":""""},{""amount"":6,""name"":""食用油"",""unit"":""""},{""amount"":0.8,""name"":""盐"",""unit"":""""}]","[""中文"",""粤语"",""亚洲"",""海鲜"",""鱼"",""高蛋白"",""低胆固醇"",""健康"",""高含量..."",""少于30分钟"",""蒸汽"",""简单"",""一餐即食""]"
600136,豆豉蒸鲈鱼,493.89,75.58,3.67,19.7,3.7,0.34,0.64,1640.94,344,1,dinner,"[{""amount"":400,""name"":""鲈鱼"",""unit"":""""},{""amount"":8,""name"":""姜"",""unit"":""""},{""amount"":10,""name"":""葱"",""unit"":""""},{""amount"":10,""name"":""料酒"",""unit"":""""},{""amount"":15,""name"":""酱油"",""unit"":""""},{""amount"":6,""name"":""食用油"",""unit"":""""},{""amount"":0.8,""name"":""盐"",""unit"":""""}]","[""中文"",""粤语"",""亚洲"",""海鲜"",""鱼"",""高蛋白"",""低胆固醇"",""健康"",""高含量..."",""少于30分钟"",""蒸汽"",""简单"",""一餐即食""]"
600137,清蒸石斑鱼,489.89,72.38,5.67,20.1,3.7,0.34,0.64,1464.94,300,1,dinner,"[{""amount"":400,""name"":""石斑鱼"",""unit"":""""},{""amount"":8,""name"":""姜"",""unit"":""""},{""amount"":10,""name"":""葱"",""unit"":""""},{""amount"":10,""name"":""料酒"",""unit"":""""},{""amount"":15,""name"":""酱油"",""unit"":""""},{""amount"":6,""name"":""食用油"",""unit"":""""},{""amount"":0.8,""name"":""盐"",""unit"":""""}]","[""中文"",""粤语"",""亚洲"",""海鲜"",""鱼"",""高蛋白"",""低胆固醇"",""健康"",""高含量..."",""少于30分钟"",""蒸汽"",""简单"",""一餐即食""]"
600138,清蒸鲷鱼,388.89,55.18,4.57,16,2.6,0.34,0.64,1334.94,180,1,dinner,"[{""amount"":300,""name"":""鲷鱼"",""unit"":""""},{""amount"":8,""name"":""姜"",""unit"":""""},{""amount"":10,""name"":""葱"",""unit"":""""},{""amount"":10,""name"":""料酒"",""unit"":""""},{""amount"":15,""name"":""酱油"",""unit"":""""},{""amount"":6,""name"":""食用油"",""unit"":""""},{""amount"":0.8,""name"":""盐"",""unit"":""""}]","[""中文"",""粤语"",""亚洲"",""海鲜"",""鱼"",""高蛋白"",""低胆固醇"",""健康"",""高含量..."",""少于30分钟"",""蒸汽"",""简单"",""一餐即食""]"
600139,清蒸小黄鱼,370.89,54.88,5.17,15.1,2.6,0.34,0.64,1373.94,198,1,dinner,"[{""amount"":300,""name"":""小黄鱼"",""unit"":""""},{""amount"":8,""name"":""姜"",""unit"":""""},{""amount"":10,""name"":""葱"",""unit"":""""},{""amount"":10,""name"":""料酒"",""unit"":""""},{""amount"":15,""name"":""酱油"",""unit"":""""},{""amount"":6,""name"":""食用油"",""unit"":""""},{""amount"":0.8,""name"":""盐"",""unit"":""""}]","[""中文"",""粤语"",""亚洲"",""海鲜"",""鱼"",""高蛋白"",""低胆固醇"",""健康"",""高含量..."",""少于30分钟"",""蒸汽"",""简单"",""一餐即食""]"
600140,柠檬蒸鱼,441.39,66.28,3.67,18,3.3,0.34,0.64,1568.94,301,1,dinner,"[{""amount"":350,""name"":""鲈鱼"",""unit"":""""},{""amount"":8,""name"":""姜"",""unit"":""""},{""amount"":10,""name"":""葱"",""unit"":""""},{""amount"":10,""name"":""料酒"",""unit"":""""},{""amount"":15,""name"":""酱油"",""unit"":""""},{""amount"":6,""name"":""食用油"",""unit"":""""},{""amount"":0.8,""name"":""盐"",""unit"":""""}]","[""中文"",""粤语"",""亚洲"",""海鲜"",""鱼"",""高蛋白"",""低胆固醇"",""健康"",""高含量..."",""少于30分钟"",""蒸汽"",""简单"",""一餐即食""]"
600141,白灼虾,371.2,64.6,16.82,4.99,1.42,0.34,0.59,1466.94,420,2,lunch,"[{""amount"":350,""name"":""基围虾"",""unit"":""""},{""amount"":8,""name"":""姜"",""unit"":""""},{""amount"":10,""name"":""葱"",""unit"":""""},{""amount"":10,""name"":""料酒"",""unit"":""""},{""amount"":1,""name"":""盐"",""unit"":""""},{""amount"":10,""name"":""酱油"",""unit"":""""}]","[""中文"",""粤语"",""亚洲"",""海鲜"",""高蛋白"",""健康"",""极低碳水化合物"",""少于30分钟"",""炉灶顶"",""简单"",""午餐/零食""]"
600142,蒜蓉粉丝蒸虾,497.82,56.68,40.92,12.39,1.88,0.58,0.46,1194.4,360,2,dinner,"[{""amount"":300,""name"":""基围虾"",""unit"":""""},{""amount"":80,""name"":""泡发粉丝"",""unit"":""""},{""amount"":20,""name"":""蒜"",""unit"":""""},{""amount"":8,""name"":""食用油"",""unit"":""""},{""amount"":10,""name"":""酱油"",""unit"":""""},{""amount"":0.5,""name"":""盐"",""unit"":""""}]","[""中文"",""粤语"",""亚洲"",""海鲜"",""高蛋白"",""健康"",""极低碳水化合物"",""少于30分钟"",""炉灶顶"",""简单"",""午餐/零食"",""蒸汽""]"
600143,清炒虾仁,317.14,49.66,11.45,8.84,0.89,2.27,4.13,839.86,390,2,lunch,"[{""amount"":200,""name"":""虾仁"",""unit"":""""},{""amount"":100,""name"":""黄瓜"",""unit"":""""},{""amount"":50,""name"":""胡萝卜"",""unit"":""""},{""amount"":8,""name"":""蒜"",""unit"":""""},{""amount"":8,""name"":""食用油"",""unit"":""""},{""amount"":1.2,""name"":""盐"",""unit"":""""}]","[""中文"",""粤语"",""亚洲"",""海鲜"",""高蛋白"",""健康"",""极低碳水化合物"",""少于30分钟"",""炉灶顶"",""简单"",""午餐/零食""]"
600144,虾仁西兰花,345.84,50.71,19.51,9.58,1.08,6.67,4.33,848.86,351,2,lunch,"[{""amount"":180,""name"":""虾仁"",""unit"":""""},{""amount"":250,""name"":""西兰花"",""unit"":""""},{""amount"":8,""name"":""蒜"",""unit"":""""},{""amount"":8,""name"":""食用油"",""unit"":""""},{""amount"":1.2,""name"":""盐"",""unit"":""""}]","[""中文"",""粤语"",""亚洲"",""海鲜"",""高蛋白"",""健康"",""极低碳水化合物"",""少于30分钟"",""炉灶顶"",""简单"",""午餐/零食""]"
600145,龙井虾仁,274.72,48.12,1.39,8.64,0.85,0.1,0.14,721.65,390,2,lunch,"[{""amount"":200,""name"":""虾仁"",""unit"":""""},{""amount"":10,""name"":""料酒"",""unit"":""""},{""amount"":5,""name"":""姜"",""unit"":""""},{""amount"":8,""name"":""食用油"",""unit"":""""},{""amount"":1,""name"":""盐"",""unit"":""""}]","[""中文"",""粤语"",""亚洲"",""海鲜"",""高蛋白"",""健康"",""极低碳水化合物"",""少于30分钟"",""炉灶顶"",""简单"",""午餐/零食""]"
600146,盐水虾,312.4,54.91,13.77,4.28,1.22,0.34,0.44,1273.94,360,2,lunch,"[{""amount"":300,""name"":""基围虾"",""unit"":""""},{""amount"":8,""name"":""姜"",""unit"":""""},{""amount"":10,""name"":""葱"",""unit"":""""},{""amount"":2,""name"":""盐"",""unit"":""""}]","[""中文"",""粤语"",""亚洲"",""海鲜"",""高蛋白"",""健康"",""极低碳水化合物"",""少于30分钟"",""炉灶顶"",""简单"",""午餐/零食""]"
600147,油焖大虾(少油),396.9,56.06,20.63,10.33,1.71,0.37,3.35,1289.77,360,2,dinner,"[{""amount"":300,""name"":""基围虾"",""unit"":""""},{""amount"":8,""name"":""姜"",""unit"":""""},{""amount"":10,""name"":""蒜"",""unit"":""""},{""amount"":6,""name"":""食用油"",""unit"":""""},{""amount"":12,""name"":""酱油"",""unit"":""""},{""amount"":3,""name"":""白糖"",""unit"":""""},{""amount"":0.5,""name"":""盐"",""unit"":""""}]","[""中文"",""粤语"",""亚洲"",""海鲜"",""高蛋白"",""健康"",""极低碳水化合物"",""少于30分钟"",""炉灶顶"",""简单"",""午餐/零食""]"
600148,清蒸扇贝,341.24,51.77,12.76,8.48,0.79,0.39,0.5,1402.6,195,2,dinner,"[{""amount"":300,""name"":""扇贝"",""unit"":""""},{""amount"":10,""name"":""蒜"",""unit"":""""},{""amount"":10,""name"":""葱"",""unit"":""""},{""amount"":6,""name"":""食用油"",""unit"":""""},{""amount"":10,""name"":""酱油"",""unit"":""""}]","[""中文"",""粤语"",""亚洲"",""海鲜"",""高蛋白"",""健康"",""极低碳水化合物"",""少于30分钟"",""炉灶顶"",""简单"",""午餐/零食"",""蒸汽""]"
600149,蒜蓉扇贝,353.14,52.24,15.42,8.51,0.8,0.42,0.3,1403.4,195,2,dinner,"[{""amount"":300,""name"":""扇贝"",""unit"":""""},{""amount"":20,""name"":""蒜"",""unit"":""""},{""amount"":6,""name"":""食用油"",""unit"":""""},{""amount"":10,""name"":""酱油"",""unit"":""""}]","[""中文"",""粤语"",""亚洲"",""海鲜"",""高蛋白"",""健康"",""极低碳水化合物"",""少于30分钟"",""炉灶顶"",""简单"",""午餐/零食"",""蒸汽""]"
600150,清蒸生蚝,300.69,22.52,17.96,12.08,1.99,0.32,3.25,2032.55,240,2,dinner,"[{""amount"":300,""name"":""生蚝"",""unit"":""""},{""amount"":15,""name"":""蒜"",""unit"":""""},{""amount"":6,""name"":""食用油"",""unit"":""""},{""amount"":10,""name"":""酱油"",""unit"":""""}]","[""中文"",""粤语"",""亚洲"",""海鲜"",""高蛋白"",""健康"",""极低碳水化合物"",""少于30分钟"",""炉灶顶"",""简单"",""午餐/零食"",""蒸汽""]"
600151,辣炒花蛤(少油),348.72,41.85,15.81,12.55,1.87,0.49,0.58,2203.14,220,2,dinner,"[{""amount"":400,""name"":""蛤蜊"",""unit"":""""},{""amount"":8,""name"":""小米椒"",""unit"":""""},{""amount"":10,""name"":""蒜"",""unit"":""""},{""amount"":8,""name"":""姜"",""unit"":""""},{""amount"":8,""name"":""食用油"",""unit"":""""},{""amount"":10,""name"":""酱油"",""unit"":""""}]","[""中文"",""粤语"",""亚洲"",""海鲜"",""高蛋白"",""健康"",""极低碳水化合物"",""少于30分钟"",""炉灶顶"",""简单"",""午餐/零食"",""辣味""]"
600152,清炒蛤蜊,340.02,41.18,14.33,12.51,1.87,0.37,0.24,2092.74,220,2,dinner,"[{""amount"":400,""name"":""蛤蜊"",""unit"":""""},{""amount"":10,""name"":""蒜"",""unit"":""""},{""amount"":8,""name"":""姜"",""unit"":""""},{""amount"":8,""name"":""食用油"",""unit"":""""},{""amount"":1,""name"":""盐"",""unit"":""""}]","[""中文"",""粤语"",""亚洲"",""海鲜"",""高蛋白"",""健康"",""极低碳水化合物"",""少于30分钟"",""炉灶顶"",""简单"",""午餐/零食""]"
600153,冬瓜虾仁汤,183.2,25.29,8.89,5.94,0.6,2.2,3.99,759.65,195,3,dinner,"[{""amount"":100,""name"":""虾仁"",""unit"":""""},{""amount"":300,""name"":""冬瓜"",""unit"":""""},{""amount"":5,""name"":""姜"",""unit"":""""},{""amount"":5,""name"":""食用油"",""unit"":""""},{""amount"":1.5,""name"":""盐"",""unit"":""""}]","[""中文"",""粤语"",""亚洲"",""海鲜"",""高蛋白"",""健康"",""极低碳水化合物"",""少于30分钟"",""炉灶顶"",""简单"",""午餐/零食"",""汤""]"
600154,丝瓜虾仁,281.14,39.01,13.45,8.99,0.9,1.67,5.08,729.36,292.5,2,lunch,"[{""amount"":150,""name"":""虾仁"",""unit"":""""},{""amount"":250,""name"":""丝瓜"",""unit"":""""},{""amount"":8,""name"":""蒜"",""unit"":""""},{""amount"":8,""name"":""食用油"",""unit"":""""},{""amount"":1.2,""name"":""盐"",""unit"":""""}]","[""中文"",""粤语"",""亚洲"",""海鲜"",""高蛋白"",""健康"",""极低碳水化合物"",""少于30分钟"",""炉灶顶"",""简单"",""午餐/零食""]"
600155,番茄虾滑,330.64,50.76,13.05,9.14,0.92,3.17,6.58,811.86,390,2,dinner,"[{""amount"":200,""name"":""虾仁"",""unit"":""""},{""amount"":250,""name"":""番茄"",""unit"":""""},{""amount"":8,""name"":""蒜"",""unit"":""""},{""amount"":8,""name"":""食用油"",""unit"":""""},{""amount"":1.2,""name"":""盐"",""unit"":""""}]","[""中文"",""粤语"",""亚洲"",""海鲜"",""高蛋白"",""健康"",""极低碳水化合物"",""少于30分钟"",""炉灶顶"",""简单"",""午餐/零食""]"
600156,海带豆腐汤,201.2,17.29,6.99,12.14,1.44,1.6,1.39,708.65,0,3,dinner,"[{""amount"":100,""name"":""海带"",""unit"":""""},{""amount"":200,""name"":""豆腐"",""unit"":""""},{""amount"":5,""name"":""姜"",""unit"":""""},{""amount"":5,""name"":""食用油"",""unit"":""""},{""amount"":1.5,""name"":""盐"",""unit"":""""}]","[""中文"",""粤语"",""亚洲"",""海鲜"",""高蛋白"",""健康"",""极低碳水化合物"",""少于30分钟"",""炉灶顶"",""简单"",""午餐/零食"",""汤""]"
600157,紫菜虾皮汤,44.67,2.49,2.09,3.16,0.46,0.83,0.32,721.8,21.4,2,snack,"[{""amount"":3,""name"":""干紫菜"",""unit"":""""},{""amount"":5,""name"":""虾皮"",""unit"":""""},{""amount"":10,""name"":""葱"",""unit"":""""},{""amount"":3,""name"":""香油"",""unit"":""""},{""amount"":1,""name"":""盐"",""unit"":""""}]","[""中文"",""粤语"",""亚洲"",""海鲜"",""高蛋白"",""健康"",""极低碳水化合物"",""少于30分钟"",""炉灶顶"",""简单"",""午餐/零食"",""汤""]"
600158,白切鸡,890.8,121.03,3.86,39.12,10.82,0.47,0.77,1403.65,600,2,dinner,"[{""amount"":600,""name"":""整鸡"",""unit"":""""},{""amount"":10,""name"":""姜"",""unit"":""""},{""amount"":15,""name"":""葱"",""unit"":""""},{""amount"":10,""name"":""料酒"",""unit"":""""},{""amount"":1,""name"":""盐"",""unit"":""""},{""amount"":10,""name"":""酱油"",""unit"":""""}]","[""中文"",""亚洲"",""禽肉"",""鸡肉"",""高蛋白"",""健康"",""家常菜聚餐"",""工作日夜晚"",""少于30分钟"",""炉灶顶"",""简单"",""粤语"",""整鸡""]"
600159,口水鸡(少油),605.35,81.73,8.71,25.15,6.73,0.49,2.62,1073.16,400,2,dinner,"[{""amount"":400,""name"":""鸡腿肉"",""unit"":""""},{""amount"":10,""name"":""蒜"",""unit"":""""},{""amount"":8,""name"":""姜"",""unit"":""""},{""amount"":8,""name"":""小米椒"",""unit"":""""},{""amount"":15,""name"":""酱油"",""unit"":""""},{""amount"":2,""name"":""白糖"",""unit"":""""},{""amount"":5,""name"":""香油"",""unit"":""""}]","[""中文"",""亚洲"",""禽肉"",""鸡肉"",""高蛋白"",""健康"",""家常菜聚餐"",""工作日夜晚"",""少于30分钟"",""炉灶顶"",""简单"",""辣味"",""川菜""]"
600160,葱油鸡,809.72,100.52,3.08,40.62,9.67,0.56,0.77,896.1,500,2,dinner,"[{""amount"":500,""name"":""整鸡"",""unit"":""""},{""amount"":20,""name"":""葱"",""unit"":""""},{""amount"":10,""name"":""姜"",""unit"":""""},{""amount"":8,""name"":""食用油"",""unit"":""""},{""amount"":1.2,""name"":""盐"",""unit"":""""}]","[""中文"",""亚洲"",""禽肉"",""鸡肉"",""高蛋白"",""健康"",""家常菜聚餐"",""工作日夜晚"",""少于30分钟"",""炉灶顶"",""简单"",""整鸡""]"
600161,香菇蒸鸡,433.7,63.1,9.17,15.39,4.57,2.34,2.09,747.94,300,2,dinner,"[{""amount"":300,""name"":""鸡腿肉"",""unit"":""""},{""amount"":100,""name"":""香菇"",""unit"":""""},{""amount"":8,""name"":""姜"",""unit"":""""},{""amount"":10,""name"":""葱"",""unit"":""""},{""amount"":10,""name"":""料酒"",""unit"":""""},{""amount"":10,""name"":""酱油"",""unit"":""""}]","[""中文"",""亚洲"",""禽肉"",""鸡肉"",""高蛋白"",""健康"",""家常菜聚餐"",""工作日夜晚"",""少于30分钟"",""炉灶顶"",""简单"",""蒸汽""]"
600162,木耳蒸鸡,434.7,62.4,9.17,15.29,4.56,2.94,1.59,747.94,300,2,dinner,"[{""amount"":300,""name"":""鸡腿肉"",""unit"":""""},{""amount"":100,""name"":""泡发木耳"",""unit"":""""},{""amount"":8,""name"":""姜"",""unit"":""""},{""amount"":10,""name"":""葱"",""unit"":""""},{""amount"":10,""name"":""料酒"",""unit"":""""},{""amount"":10,""name"":""酱油"",""unit"":""""}]","[""中文"",""亚洲"",""禽肉"",""鸡肉"",""高蛋白"",""健康"",""家常菜聚餐"",""工作日夜晚"",""少于30分钟"",""炉灶顶"",""简单"",""蒸汽""]"
600163,荷叶蒸鸡,407.7,60.9,3.17,15.09,4.52,0.34,0.59,742.94,300,2,dinner,"[{""amount"":300,""name"":""鸡腿肉"",""unit"":""""},{""amount"":8,""name"":""姜"",""unit"":""""},{""amount"":10,""name"":""葱"",""unit"":""""},{""amount"":10,""name"":""料酒"",""unit"":""""},{""amount"":10,""name"":""酱油"",""unit"":""""}]","[""中文"",""亚洲"",""禽肉"",""鸡肉"",""高蛋白"",""健康"",""家常菜聚餐"",""工作日夜晚"",""少于30分钟"",""炉灶顶"",""简单"",""蒸汽""]"
600164,清炖鸡汤,592.5,80.44,2.76,26.11,7.22,0.47,0.62,1122.65,400,4,dinner,"[{""amount"":400,""name"":""整鸡"",""unit"":""""},{""amount"":10,""name"":""姜"",""unit"":""""},{""amount"":15,""name"":""葱"",""unit"":""""},{""amount"":2,""name"":""盐"",""unit"":""""}]","[""中文"",""亚洲"",""禽肉"",""鸡肉"",""高蛋白"",""健康"",""家常菜聚餐"",""工作日夜晚"",""少于30分钟"",""炉灶顶"",""简单"",""汤"",""炖"",""整鸡""]"
600165,冬瓜鸡汤,302.4,41.34,9.22,10.66,3.11,2.26,4.04,755.04,200,3,dinner,"[{""amount"":200,""name"":""鸡腿肉"",""unit"":""""},{""amount"":300,""name"":""冬瓜"",""unit"":""""},{""amount"":8,""name"":""姜"",""unit"":""""},{""amount"":1.5,""name"":""盐"",""unit"":""""}]","[""中文"",""亚洲"",""禽肉"",""鸡肉"",""高蛋白"",""健康"",""家常菜聚餐"",""工作日夜晚"",""少于30分钟"",""炉灶顶"",""简单"",""汤"",""炖""]"
600166,番茄鸡肉汤,290,50.34,10.89,4.34,1.08,3.1,6.58,746.15,140,2,dinner,"[{""amount"":200,""name"":""鸡胸肉"",""unit"":""""},{""amount"":250,""name"":""番茄"",""unit"":""""},{""amount"":5,""name"":""姜"",""unit"":""""},{""amount"":1.5,""name"":""盐"",""unit"":""""}]","[""中文"",""亚洲"",""禽肉"",""鸡肉"",""高蛋白"",""健康"",""家常菜聚餐"",""工作日夜晚"",""少于30分钟"",""炉灶顶"",""简单"",""汤""]"
600167,宫保鸡丁(少油),656.98,81.26,14.49,29.06,4.22,3.04,5.01,727.13,210,2,dinner,"[{""amount"":300,""name"":""鸡胸肉"",""unit"":""""},{""amount"":30,""name"":""花生米"",""unit"":""""},{""amount"":8,""name"":""小米椒"",""unit"":""""},{""amount"":8,""name"":""姜"",""unit"":""""},{""amount"":10,""name"":""蒜"",""unit"":""""},{""amount"":10,""name"":""酱油"",""unit"":""""},{""amount"":8,""name"":""米醋"",""unit"":""""},{""amount"":3,""name"":""白糖"",""unit"":""""},{""amount"":10,""name"":""食用油"",""unit"":""""}]","[""中文"",""亚洲"",""禽肉"",""鸡肉"",""高蛋白"",""健康"",""家常菜聚餐"",""工作日夜晚"",""少于30分钟"",""炉灶顶"",""简单"",""辣味"",""川菜"",""鸡胸肉"",""坚果""]"
600168,黄焖鸡(少),524.58,63.56,13.93,23.48,5.22,3.17,3.71,848.24,300,2,dinner,"[{""amount"":300,""name"":""鸡腿肉"",""unit"":""""},{""amount"":100,""name"":""青椒"",""unit"":""""},{""amount"":50,""name"":""香菇"",""unit"":""""},{""amount"":8,""name"":""姜"",""unit"":""""},{""amount"":10,""name"":""蒜"",""unit"":""""},{""amount"":12,""name"":""酱油"",""unit"":""""},{""amount"":8,""name"":""食用油"",""unit"":""""}]","[""中文"",""亚洲"",""禽肉"",""鸡肉"",""高蛋白"",""健康"",""家常菜聚餐"",""工作日夜晚"",""少于30分钟"",""炉灶顶"",""简单"",""炖""]"
600169,鸡胸肉炒西兰花,462.64,67.51,19.15,13.79,2.15,6.67,4.33,736.86,175,2,dinner,"[{""amount"":250,""name"":""鸡胸肉"",""unit"":""""},{""amount"":250,""name"":""西兰花"",""unit"":""""},{""amount"":8,""name"":""蒜"",""unit"":""""},{""amount"":8,""name"":""食用油"",""unit"":""""},{""amount"":1.2,""name"":""盐"",""unit"":""""}]","[""中文"",""亚洲"",""禽肉"",""鸡肉"",""高蛋白"",""健康"",""家常菜聚餐"",""工作日夜晚"",""少于30分钟"",""炉灶顶"",""简单"",""鸡胸肉""]"
600170,鸡胸肉炒彩椒,433.64,62.51,14.65,13.39,1.98,3.77,6.08,660.36,175,2,dinner,"[{""amount"":250,""name"":""鸡胸肉"",""unit"":""""},{""amount"":200,""name"":""彩椒"",""unit"":""""},{""amount"":8,""name"":""蒜"",""unit"":""""},{""amount"":8,""name"":""食用油"",""unit"":""""},{""amount"":1.2,""name"":""盐"",""unit"":""""}]","[""中文"",""亚洲"",""禽肉"",""鸡肉"",""高蛋白"",""健康"",""家常菜聚餐"",""工作日夜晚"",""少于30分钟"",""炉灶顶"",""简单"",""鸡胸肉""]"
600171,鸡胸肉炒芦笋,417.64,64.91,10.45,12.99,1.94,4.17,2.68,660.36,175,2,dinner,"[{""amount"":250,""name"":""鸡胸肉"",""unit"":""""},{""amount"":200,""name"":""芦笋"",""unit"":""""},{""amount"":8,""name"":""蒜"",""unit"":""""},{""amount"":8,""name"":""食用油"",""unit"":""""},{""amount"":1.2,""name"":""盐"",""unit"":""""}]","[""中文"",""亚洲"",""禽肉"",""鸡肉"",""高蛋白"",""健康"",""家常菜聚餐"",""工作日夜晚"",""少于30分钟"",""炉灶顶"",""简单"",""鸡胸肉""]"
600172,彩椒鸡丁,439.64,62.56,16.3,13.29,1.97,3.72,6.68,660.86,175,2,dinner,"[{""amount"":250,""name"":""鸡胸肉"",""unit"":""""},{""amount"":150,""name"":""彩椒"",""unit"":""""},{""amount"":50,""name"":""洋葱"",""unit"":""""},{""amount"":8,""name"":""蒜"",""unit"":""""},{""amount"":8,""name"":""食用油"",""unit"":""""},{""amount"":1.2,""name"":""盐"",""unit"":""""}]","[""中文"",""亚洲"",""禽肉"",""鸡肉"",""高蛋白"",""健康"",""家常菜聚餐"",""工作日夜晚"",""少于30分钟"",""炉灶顶"",""简单"",""鸡胸肉""]"
600173,芹菜炒鸡丁,409.64,61.91,8.65,12.99,1.94,3.37,3.28,814.36,175,2,dinner,"[{""amount"":250,""name"":""鸡胸肉"",""unit"":""""},{""amount"":200,""name"":""芹菜"",""unit"":""""},{""amount"":8,""name"":""蒜"",""unit"":""""},{""amount"":8,""name"":""食用油"",""unit"":""""},{""amount"":1.2,""name"":""盐"",""unit"":""""}]","[""中文"",""亚洲"",""禽肉"",""鸡肉"",""高蛋白"",""健康"",""家常菜聚餐"",""工作日夜晚"",""少于30分钟"",""炉灶顶"",""简单"",""鸡胸肉""]"
600174,玉米鸡肉汤,428.5,54.54,39.89,5.74,1.33,5.1,6.93,772.15,140,3,dinner,"[{""amount"":200,""name"":""鸡胸肉"",""unit"":""""},{""amount"":150,""name"":""熟玉米"",""unit"":""""},{""amount"":50,""name"":""胡萝卜"",""unit"":""""},{""amount"":5,""name"":""姜"",""unit"":""""},{""amount"":1.5,""name"":""盐"",""unit"":""""}]","[""中文"",""亚洲"",""禽肉"",""鸡肉"",""高蛋白"",""健康"",""家常菜聚餐"",""工作日夜晚"",""少于30分钟"",""炉灶顶"",""简单"",""汤""]"
600175,孜然鸡胸,455.39,73.4,4.86,14.86,2.22,0.69,0.08,621.76,210,2,dinner,"[{""amount"":300,""name"":""鸡胸肉"",""unit"":""""},{""amount"":5,""name"":""孜然"",""unit"":""""},{""amount"":8,""name"":""蒜"",""unit"":""""},{""amount"":8,""name"":""食用油"",""unit"":""""},{""amount"":1,""name"":""盐"",""unit"":""""}]","[""中文"",""亚洲"",""禽肉"",""鸡肉"",""高蛋白"",""健康"",""家常菜聚餐"",""工作日夜晚"",""少于30分钟"",""炉灶顶"",""简单"",""鸡胸肉"",""辣味""]"
600176,青椒炒肉丝,418.94,43.07,15.05,20.85,5.31,3.77,5.38,933.36,140,2,dinner,"[{""amount"":200,""name"":""猪里脊"",""unit"":""""},{""amount"":200,""name"":""青椒"",""unit"":""""},{""amount"":8,""name"":""蒜"",""unit"":""""},{""amount"":8,""name"":""食用油"",""unit"":""""},{""amount"":10,""name"":""酱油"",""unit"":""""},{""amount"":0.8,""name"":""盐"",""unit"":""""}]","[""中文"",""亚洲"",""肉"",""高蛋白"",""家常菜聚餐"",""工作日夜晚"",""少于30分钟"",""炉灶顶"",""简单"",""猪肉""]"
600177,芹菜炒肉丝,400.64,41.91,10.05,20.64,5.29,3.37,3.28,665.36,140,2,dinner,"[{""amount"":200,""name"":""猪里脊"",""unit"":""""},{""amount"":200,""name"":""芹菜"",""unit"":""""},{""amount"":8,""name"":""蒜"",""unit"":""""},{""amount"":8,""name"":""食用油"",""unit"":""""},{""amount"":1,""name"":""盐"",""unit"":""""}]","[""中文"",""亚洲"",""肉"",""高蛋白"",""家常菜聚餐"",""工作日夜晚"",""少于30分钟"",""炉灶顶"",""简单"",""猪肉""]"
600178,木耳炒肉,378.74,38.87,12.11,19.45,4.84,3.29,1.38,921.96,126,2,dinner,"[{""amount"":180,""name"":""猪里脊"",""unit"":""""},{""amount"":120,""name"":""泡发木耳"",""unit"":""""},{""amount"":8,""name"":""蒜"",""unit"":""""},{""amount"":8,""name"":""食用油"",""unit"":""""},{""amount"":10,""name"":""酱油"",""unit"":""""},{""amount"":0.8,""name"":""盐"",""unit"":""""}]","[""中文"",""亚洲"",""肉"",""高蛋白"",""家常菜聚餐"",""工作日夜晚"",""少于30分钟"",""炉灶顶"",""简单"",""猪肉""]"
600179,洋葱炒牛肉,418.94,43.27,22.25,17.25,4.31,3.57,8.58,941.36,120,2,dinner,"[{""amount"":200,""name"":""瘦牛肉"",""unit"":""""},{""amount"":200,""name"":""洋葱"",""unit"":""""},{""amount"":8,""name"":""蒜"",""unit"":""""},{""amount"":8,""name"":""食用油"",""unit"":""""},{""amount"":10,""name"":""酱油"",""unit"":""""},{""amount"":0.8,""name"":""盐"",""unit"":""""}]","[""中文"",""亚洲"",""肉"",""高蛋白"",""家常菜聚餐"",""工作日夜晚"",""少于30分钟"",""炉灶顶"",""简单"",""牛肉""]"
600180,番茄牛肉,383.42,42.95,12.42,17.57,4.33,3.16,6.74,1023.54,120,2,dinner,"[{""amount"":200,""name"":""瘦牛肉"",""unit"":""""},{""amount"":250,""name"":""番茄"",""unit"":""""},{""amount"":8,""name"":""姜"",""unit"":""""},{""amount"":8,""name"":""食用油"",""unit"":""""},{""amount"":10,""name"":""酱油"",""unit"":""""},{""amount"":1,""name"":""盐"",""unit"":""""}]","[""中文"",""亚洲"",""肉"",""高蛋白"",""家常菜聚餐"",""工作日夜晚"",""少于30分钟"",""炉灶顶"",""简单"",""牛肉""]"
600181,萝卜炖牛腩(去油),486.56,66.12,14.73,16.91,6.68,5.18,6.29,1262.2,195,3,dinner,"[{""amount"":300,""name"":""牛腱子"",""unit"":""""},{""amount"":300,""name"":""白萝卜"",""unit"":""""},{""amount"":10,""name"":""姜"",""unit"":""""},{""amount"":10,""name"":""葱"",""unit"":""""},{""amount"":12,""name"":""酱油"",""unit"":""""},{""amount"":1,""name"":""盐"",""unit"":""""}]","[""中文"",""亚洲"",""肉"",""高蛋白"",""家常菜聚餐"",""工作日夜晚"",""少于30分钟"",""炉灶顶"",""简单"",""牛肉"",""炖"",""少于4小时""]"
600182,冬瓜肉丸汤,254.5,31.29,9.74,9.94,3.55,2.2,3.99,680.15,105,3,dinner,"[{""amount"":150,""name"":""猪里脊"",""unit"":""""},{""amount"":300,""name"":""冬瓜"",""unit"":""""},{""amount"":5,""name"":""姜"",""unit"":""""},{""amount"":1.5,""name"":""盐"",""unit"":""""}]","[""中文"",""亚洲"",""肉"",""高蛋白"",""家常菜聚餐"",""工作日夜晚"",""少于30分钟"",""炉灶顶"",""简单"",""猪肉"",""汤""]"
600183,丝瓜肉片汤,268.5,32.59,12.44,9.84,3.56,1.6,5.08,683.65,105,3,dinner,"[{""amount"":150,""name"":""猪里脊"",""unit"":""""},{""amount"":250,""name"":""丝瓜"",""unit"":""""},{""amount"":5,""name"":""姜"",""unit"":""""},{""amount"":1.5,""name"":""盐"",""unit"":""""}]","[""中文"",""亚洲"",""肉"",""高蛋白"",""家常菜聚餐"",""工作日夜晚"",""少于30分钟"",""炉灶顶"",""简单"",""猪肉"",""汤""]"
600184,清蒸狮子头(瘦肉),451.6,63.53,3.85,18.72,6.91,0.28,0.59,612.35,210,2,dinner,"[{""amount"":300,""name"":""猪里脊"",""unit"":""""},{""amount"":30,""name"":""蛋清"",""unit"":""""},{""amount"":5,""name"":""姜"",""unit"":""""},{""amount"":10,""name"":""葱"",""unit"":""""},{""amount"":1,""name"":""盐"",""unit"":""""}]","[""中文"",""亚洲"",""肉"",""高蛋白"",""家常菜聚餐"",""工作日夜晚"",""少于30分钟"",""炉灶顶"",""简单"",""猪肉"",""蒸汽""]"
600185,红烧牛肉(去油),564.17,65.09,16.53,24.81,7.3,3.18,8.32,1033.23,195,3,dinner,"[{""amount"":300,""name"":""牛腱子"",""unit"":""""},{""amount"":100,""name"":""胡萝卜"",""unit"":""""},{""amount"":10,""name"":""姜"",""unit"":""""},{""amount"":10,""name"":""葱"",""unit"":""""},{""amount"":15,""name"":""酱油"",""unit"":""""},{""amount"":3,""name"":""白糖"",""unit"":""""},{""amount"":8,""name"":""食用油"",""unit"":""""}]","[""中文"",""亚洲"",""肉"",""高蛋白"",""家常菜聚餐"",""工作日夜晚"",""少于30分钟"",""炉灶顶"",""简单"",""牛肉"",""少于4小时""]"
600186,土豆炖牛肉(少油),594.96,58.04,44.3,19.19,5.99,6.8,5.62,1232.84,162.5,3,dinner,"[{""amount"":250,""name"":""牛腱子"",""unit"":""""},{""amount"":200,""name"":""土豆"",""unit"":""""},{""amount"":80,""name"":""胡萝卜"",""unit"":""""},{""amount"":8,""name"":""姜"",""unit"":""""},{""amount"":12,""name"":""酱油"",""unit"":""""},{""amount"":5,""name"":""食用油"",""unit"":""""},{""amount"":1,""name"":""盐"",""unit"":""""}]","[""中文"",""亚洲"",""肉"",""高蛋白"",""家常菜聚餐"",""工作日夜晚"",""少于30分钟"",""炉灶顶"",""简单"",""牛肉"",""炖""]"
600187,胡萝卜炖牛肉,510.66,55.57,26.62,19.33,6.02,7.16,12.01,1343.54,162.5,3,dinner,"[{""amount"":250,""name"":""牛腱子"",""unit"":""""},{""amount"":250,""name"":""胡萝卜"",""unit"":""""},{""amount"":8,""name"":""姜"",""unit"":""""},{""amount"":12,""name"":""酱油"",""unit"":""""},{""amount"":5,""name"":""食用油"",""unit"":""""},{""amount"":1,""name"":""盐"",""unit"":""""}]","[""中文"",""亚洲"",""肉"",""高蛋白"",""家常菜聚餐"",""工作日夜晚"",""少于30分钟"",""炉灶顶"",""简单"",""牛肉"",""炖""]"
600188,山药排骨汤(去油),620.4,48.94,27.47,35.46,12.62,1.76,1.34,781.04,225,3,dinner,"[{""amount"":250,""name"":""猪排骨"",""unit"":""""},{""amount"":200,""name"":""山药"",""unit"":""""},{""amount"":8,""name"":""姜"",""unit"":""""},{""amount"":1.5,""name"":""盐"",""unit"":""""}]","[""中文"",""亚洲"",""肉"",""高蛋白"",""家常菜聚餐"",""工作日夜晚"",""少于30分钟"",""炉灶顶"",""简单"",""猪肉"",""汤"",""炖""]"
600189,莲藕排骨汤(去油),688.9,49.89,43.67,35.56,12.59,5.66,5.14,786.04,225,3,dinner,"[{""amount"":250,""name"":""猪排骨"",""unit"":""""},{""amount"":250,""name"":""莲藕"",""unit"":""""},{""amount"":8,""name"":""姜"",""unit"":""""},{""amount"":1.5,""name"":""盐"",""unit"":""""}]","[""中文"",""亚洲"",""肉"",""高蛋白"",""家常菜聚餐"",""工作日夜晚"",""少于30分钟"",""炉灶顶"",""简单"",""猪肉"",""汤"",""炖""]"
600190,玉米排骨汤(去油),694.9,51.59,41.67,36.96,12.84,5.16,6.99,799.54,225,3,dinner,"[{""amount"":250,""name"":""猪排骨"",""unit"":""""},{""amount"":150,""name"":""熟玉米"",""unit"":""""},{""amount"":50,""name"":""胡萝卜"",""unit"":""""},{""amount"":8,""name"":""姜"",""unit"":""""},{""amount"":1.5,""name"":""盐"",""unit"":""""}]","[""中文"",""亚洲"",""肉"",""高蛋白"",""家常菜聚餐"",""工作日夜晚"",""少于30分钟"",""炉灶顶"",""简单"",""猪肉"",""汤"",""炖""]"
600191,番茄蛋汤,228.2,15.1,10.8,14.9,3.56,2.4,5.5,735,373,2,dinner,"[{""amount"":200,""name"":""番茄"",""unit"":""""},{""amount"":100,""name"":""鸡蛋"",""unit"":""""},{""amount"":5,""name"":""食用油"",""unit"":""""},{""amount"":1.5,""name"":""盐"",""unit"":""""}]","[""中文"",""亚洲"",""汤"",""清汤"",""健康"",""家常菜聚餐"",""少于30分钟"",""炉灶顶"",""简单"",""便宜"",""鸡蛋""]"
600192,紫菜蛋花汤,182.61,15,4.19,12.6,3.55,0.65,0.32,837.74,385.84,2,dinner,"[{""amount"":3,""name"":""干紫菜"",""unit"":""""},{""amount"":100,""name"":""鸡蛋"",""unit"":""""},{""amount"":3,""name"":""虾皮"",""unit"":""""},{""amount"":3,""name"":""香油"",""unit"":""""},{""amount"":1.2,""name"":""盐"",""unit"":""""}]","[""中文"",""亚洲"",""汤"",""清汤"",""健康"",""家常菜聚餐"",""少于30分钟"",""炉灶顶"",""简单"",""便宜"",""鸡蛋""]"
600193,冬瓜虾皮汤,91.85,2.83,8.82,5.75,0.53,2.2,3.99,730.55,21.4,2,dinner,"[{""amount"":300,""name"":""冬瓜"",""unit"":""""},{""amount"":5,""name"":""虾皮"",""unit"":""""},{""amount"":5,""name"":""姜"",""unit"":""""},{""amount"":5,""name"":""食用油"",""unit"":""""},{""amount"":1.2,""name"":""盐"",""unit"":""""}]","[""中文"",""亚洲"",""汤"",""清汤"",""健康"",""家常菜聚餐"",""少于30分钟"",""炉灶顶"",""简单"",""便宜"",""海鲜""]"
600194,白萝卜丝汤,88.2,1.84,10.14,5.29,0.46,4.1,4.83,518.65,0,2,dinner,"[{""amount"":250,""name"":""白萝卜"",""unit"":""""},{""amount"":5,""name"":""姜"",""unit"":""""},{""amount"":5,""name"":""食用油"",""unit"":""""},{""amount"":1.2,""name"":""盐"",""unit"":""""}]","[""中文"",""亚洲"",""汤"",""清汤"",""健康"",""家常菜聚餐"",""少于30分钟"",""炉灶顶"",""简单"",""便宜""]"
600195,银耳莲子汤(无糖),112.9,4.88,22.7,0.62,0.12,4.44,3.25,21,0,2,dinner,"[{""amount"":150,""name"":""泡发银耳"",""unit"":""""},{""amount"":20,""name"":""干莲子"",""unit"":""""},{""amount"":5,""name"":""枸杞"",""unit"":""""}]","[""中文"",""亚洲"",""汤"",""清汤"",""健康"",""家常菜聚餐"",""少于30分钟"",""炉灶顶"",""简单"",""便宜"",""甜味""]"
600196,绿豆汤(无糖),157.5,10.5,28.5,0.75,0.15,9,3,3,0,2,dinner,"[{""amount"":150,""name"":""熟绿豆"",""unit"":""""}]","[""中文"",""亚洲"",""汤"",""清汤"",""健康"",""家常菜聚餐"",""少于30分钟"",""炉灶顶"",""简单"",""便宜"",""夏季""]"
600197,冬瓜薏米汤,94,3.09,18.89,0.74,0.14,2.85,3.83,399.15,0,3,dinner,"[{""amount"":250,""name"":""冬瓜"",""unit"":""""},{""amount"":100,""name"":""熟薏米"",""unit"":""""},{""amount"":5,""name"":""姜"",""unit"":""""},{""amount"":1,""name"":""盐"",""unit"":""""}]","[""中文"",""亚洲"",""汤"",""清汤"",""健康"",""家常菜聚餐"",""少于30分钟"",""炉灶顶"",""简单"",""便宜""]"
600198,番茄菌菇汤,113.2,4.1,14,5.75,0.52,4.75,6.7,600,0,2,dinner,"[{""amount"":200,""name"":""番茄"",""unit"":""""},{""amount"":50,""name"":""香菇"",""unit"":""""},{""amount"":50,""name"":""金针菇"",""unit"":""""},{""amount"":5,""name"":""食用油"",""unit"":""""},{""amount"":1.5,""name"":""盐"",""unit"":""""}]","[""中文"",""亚洲"",""汤"",""清汤"",""健康"",""家常菜聚餐"",""少于30分钟"",""炉灶顶"",""简单"",""便宜""]"
600199,丝瓜蛋汤,228.2,15.3,11.2,14.9,3.58,1.2,4.3,735,373,2,dinner,"[{""amount"":200,""name"":""丝瓜"",""unit"":""""},{""amount"":100,""name"":""鸡蛋"",""unit"":""""},{""amount"":5,""name"":""食用油"",""unit"":""""},{""amount"":1.5,""name"":""盐"",""unit"":""""}]","[""中文"",""亚洲"",""汤"",""清汤"",""健康"",""家常菜聚餐"",""少于30分钟"",""炉灶顶"",""简单"",""便宜"",""鸡蛋""]"
600200,苦瓜排骨汤(去油),450.4,38.14,12.22,28.46,10.12,2.96,2.94,742.04,180,3,dinner,"[{""amount"":200,""name"":""猪排骨"",""unit"":""""},{""amount"":200,""name"":""苦瓜"",""unit"":""""},{""amount"":8,""name"":""姜"",""unit"":""""},{""amount"":1.5,""name"":""盐"",""unit"":""""}]","[""中文"",""亚洲"",""汤"",""清汤"",""健康"",""家常菜聚餐"",""少于30分钟"",""炉灶顶"",""简单"",""便宜"",""猪肉"",""炖""]"
600201,胡萝卜玉米汤,233.5,7.44,49.49,2.14,0.37,7.9,11.64,500.15,0,3,dinner,"[{""amount"":150,""name"":""胡萝卜"",""unit"":""""},{""amount"":150,""name"":""熟玉米"",""unit"":""""},{""amount"":5,""name"":""姜"",""unit"":""""},{""amount"":1,""name"":""盐"",""unit"":""""}]","[""中文"",""亚洲"",""汤"",""清汤"",""健康"",""家常菜聚餐"",""少于30分钟"",""炉灶顶"",""简单"",""便宜""]"
600202,冬瓜海带汤,88.6,2.05,9.07,5.62,0.51,2.25,3.58,561.75,0,3,dinner,"[{""amount"":250,""name"":""冬瓜"",""unit"":""""},{""amount"":80,""name"":""海带"",""unit"":""""},{""amount"":5,""name"":""姜"",""unit"":""""},{""amount"":5,""name"":""食用油"",""unit"":""""},{""amount"":1.2,""name"":""盐"",""unit"":""""}]","[""中文"",""亚洲"",""汤"",""清汤"",""健康"",""家常菜聚餐"",""少于30分钟"",""炉灶顶"",""简单"",""便宜""]"
600203,山药羹,98.4,3.54,20.96,0.38,0.09,2.04,1.5,417.5,0,2,dinner,"[{""amount"":150,""name"":""山药"",""unit"":""""},{""amount"":5,""name"":""枸杞"",""unit"":""""},{""amount"":1,""name"":""盐"",""unit"":""""}]","[""中文"",""亚洲"",""汤"",""清汤"",""健康"",""家常菜聚餐"",""少于30分钟"",""炉灶顶"",""简单"",""便宜""]"
600204,紫菜豆腐汤,177.02,16.95,5.97,10.05,1.43,1.83,1.31,562.9,0,2,dinner,"[{""amount"":3,""name"":""干紫菜"",""unit"":""""},{""amount"":200,""name"":""豆腐"",""unit"":""""},{""amount"":10,""name"":""葱"",""unit"":""""},{""amount"":3,""name"":""香油"",""unit"":""""},{""amount"":1.2,""name"":""盐"",""unit"":""""}]","[""中文"",""亚洲"",""汤"",""清汤"",""健康"",""家常菜聚餐"",""少于30分钟"",""炉灶顶"",""简单"",""便宜""]"
600205,菌菇蔬菜汤,106.4,4.55,9,5.8,0.53,4.15,2.7,650,0,3,dinner,"[{""amount"":50,""name"":""香菇"",""unit"":""""},{""amount"":50,""name"":""金针菇"",""unit"":""""},{""amount"":150,""name"":""娃娃菜"",""unit"":""""},{""amount"":5,""name"":""食用油"",""unit"":""""},{""amount"":1.5,""name"":""盐"",""unit"":""""}]","[""中文"",""亚洲"",""汤"",""清汤"",""健康"",""家常菜聚餐"",""少于30分钟"",""炉灶顶"",""简单"",""便宜""]"
600206,白菜豆腐汤,210.7,18.34,8.94,12.49,1.48,3.5,2.58,595.65,0,2,dinner,"[{""amount"":150,""name"":""小白菜"",""unit"":""""},{""amount"":200,""name"":""豆腐"",""unit"":""""},{""amount"":5,""name"":""姜"",""unit"":""""},{""amount"":5,""name"":""食用油"",""unit"":""""},{""amount"":1.2,""name"":""盐"",""unit"":""""}]","[""中文"",""亚洲"",""汤"",""清汤"",""健康"",""家常菜聚餐"",""少于30分钟"",""炉灶顶"",""简单"",""便宜""]"
600207,蛋花玉米羹,356.2,19.3,37,16.3,3.8,3.6,4.8,533,373,2,dinner,"[{""amount"":150,""name"":""熟玉米"",""unit"":""""},{""amount"":100,""name"":""鸡蛋"",""unit"":""""},{""amount"":5,""name"":""食用油"",""unit"":""""},{""amount"":1,""name"":""盐"",""unit"":""""}]","[""中文"",""亚洲"",""汤"",""清汤"",""健康"",""家常菜聚餐"",""少于30分钟"",""炉灶顶"",""简单"",""便宜"",""鸡蛋""]"
600208,菠菜蛋汤,230.2,17.65,8.2,15.1,3.6,3.3,0.9,735.5,373,2,dinner,"[{""amount"":150,""name"":""菠菜"",""unit"":""""},{""amount"":100,""name"":""鸡蛋"",""unit"":""""},{""amount"":5,""name"":""食用油"",""unit"":""""},{""amount"":1.2,""name"":""盐"",""unit"":""""}]","[""中文"",""亚洲"",""汤"",""清汤"",""健康"",""家常菜聚餐"",""少于30分钟"",""炉灶顶"",""简单"",""便宜"",""鸡蛋""]"
600209,菠菜鸡肉汤,164,28.44,6.29,2.54,0.61,3.4,0.69,670.15,70,2,dinner,"[{""amount"":150,""name"":""菠菜"",""unit"":""""},{""amount"":100,""name"":""鸡胸肉"",""unit"":""""},{""amount"":5,""name"":""姜"",""unit"":""""},{""amount"":1.2,""name"":""盐"",""unit"":""""}]","[""中文"",""亚洲"",""汤"",""清汤"",""健康"",""家常菜聚餐"",""少于30分钟"",""炉灶顶"",""简单"",""便宜"",""禽肉"",""鸡肉""]"
600210,小米粥,115,3.5,21,0.75,0.12,1.25,0.5,5,0,1,breakfast,"[{""amount"":250,""name"":""熟小米"",""unit"":""""}]","[""中文"",""亚洲"",""早餐"",""谷物"",""健康"",""少于30分钟"",""炉灶顶"",""简单"",""便宜""]"
600211,皮蛋瘦肉粥(少),335,21.09,42.34,8.94,2.63,0.55,0.24,619.65,339,1,breakfast,"[{""amount"":150,""name"":""熟米饭"",""unit"":""""},{""amount"":50,""name"":""猪里脊"",""unit"":""""},{""amount"":50,""name"":""皮蛋"",""unit"":""""},{""amount"":5,""name"":""姜"",""unit"":""""},{""amount"":0.8,""name"":""盐"",""unit"":""""}]","[""中文"",""亚洲"",""早餐"",""谷物"",""健康"",""少于30分钟"",""炉灶顶"",""简单"",""便宜"",""猪肉""]"
600212,鸡肉粥,237,15.99,39.74,1.44,0.34,0.55,0.24,357.15,35,1,breakfast,"[{""amount"":150,""name"":""熟米饭"",""unit"":""""},{""amount"":50,""name"":""鸡胸肉"",""unit"":""""},{""amount"":5,""name"":""姜"",""unit"":""""},{""amount"":0.8,""name"":""盐"",""unit"":""""}]","[""中文"",""亚洲"",""早餐"",""谷物"",""健康"",""少于30分钟"",""炉灶顶"",""简单"",""便宜"",""禽肉"",""鸡肉""]"
600213,香菇鸡肉粥,244.8,16.65,41.54,1.53,0.35,1.15,0.68,358.65,35,1,breakfast,"[{""amount"":150,""name"":""熟米饭"",""unit"":""""},{""amount"":50,""name"":""鸡胸肉"",""unit"":""""},{""amount"":30,""name"":""香菇"",""unit"":""""},{""amount"":5,""name"":""姜"",""unit"":""""},{""amount"":0.8,""name"":""盐"",""unit"":""""}]","[""中文"",""亚洲"",""早餐"",""谷物"",""健康"",""少于30分钟"",""炉灶顶"",""简单"",""便宜"",""禽肉"",""鸡肉""]"
600214,南瓜小米粥,95,3.1,19.1,0.55,0.11,1.55,3.1,7,0,1,breakfast,"[{""amount"":150,""name"":""熟小米"",""unit"":""""},{""amount"":100,""name"":""南瓜"",""unit"":""""}]","[""中文"",""亚洲"",""早餐"",""谷物"",""健康"",""少于30分钟"",""炉灶顶"",""简单"",""便宜""]"
600215,山药粥,231,5.8,51.25,0.65,0.12,1.25,0.75,17.5,0,1,breakfast,"[{""amount"":150,""name"":""熟米饭"",""unit"":""""},{""amount"":100,""name"":""山药"",""unit"":""""}]","[""中文"",""亚洲"",""早餐"",""谷物"",""健康"",""少于30分钟"",""炉灶顶"",""简单"",""便宜""]"
600216,红豆薏米粥(无糖),188,9.5,35.5,0.7,0.15,8,2.5,3,0,1,breakfast,"[{""amount"":100,""name"":""熟红豆"",""unit"":""""},{""amount"":100,""name"":""熟薏米"",""unit"":""""}]","[""中文"",""亚洲"",""早餐"",""谷物"",""健康"",""少于30分钟"",""炉灶顶"",""简单"",""便宜""]"
600217,绿豆百合粥,244,9.9,51.35,0.7,0.14,7,7.05,7.5,0,1,breakfast,"[{""amount"":100,""name"":""熟绿豆"",""unit"":""""},{""amount"":50,""name"":""百合"",""unit"":""""},{""amount"":50,""name"":""熟米饭"",""unit"":""""}]","[""中文"",""亚洲"",""早餐"",""谷物"",""健康"",""少于30分钟"",""炉灶顶"",""简单"",""便宜""]"
600218,紫薯粥,256,5.2,58.85,0.65,0.12,3.45,4.15,37.5,0,1,breakfast,"[{""amount"":150,""name"":""熟米饭"",""unit"":""""},{""amount"":100,""name"":""紫薯"",""unit"":""""}]","[""中文"",""亚洲"",""早餐"",""谷物"",""健康"",""少于30分钟"",""炉灶顶"",""简单"",""便宜""]"
600219,蔬菜瘦肉粥,259.5,15.35,41,3.75,1.26,1.55,0.35,390.5,35,1,breakfast,"[{""amount"":150,""name"":""熟米饭"",""unit"":""""},{""amount"":50,""name"":""猪里脊"",""unit"":""""},{""amount"":50,""name"":""菠菜"",""unit"":""""},{""amount"":0.8,""name"":""盐"",""unit"":""""}]","[""中文"",""亚洲"",""早餐"",""谷物"",""健康"",""少于30分钟"",""炉灶顶"",""简单"",""便宜"",""猪肉""]"
600220,鱼片粥,283,22.59,39.74,3.89,0.89,0.55,0.24,464.15,86,1,breakfast,"[{""amount"":150,""name"":""熟米饭"",""unit"":""""},{""amount"":100,""name"":""鲈鱼"",""unit"":""""},{""amount"":5,""name"":""姜"",""unit"":""""},{""amount"":0.8,""name"":""盐"",""unit"":""""}]","[""中文"",""亚洲"",""早餐"",""谷物"",""健康"",""少于30分钟"",""炉灶顶"",""简单"",""便宜"",""海鲜""]"
600221,虾仁粥,237.4,18.39,39.86,0.67,0.15,0.55,0.24,419.15,117,1,breakfast,"[{""amount"":150,""name"":""熟米饭"",""unit"":""""},{""amount"":60,""name"":""虾仁"",""unit"":""""},{""amount"":5,""name"":""姜"",""unit"":""""},{""amount"":0.8,""name"":""盐"",""unit"":""""}]","[""中文"",""亚洲"",""早餐"",""谷物"",""健康"",""少于30分钟"",""炉灶顶"",""简单"",""便宜"",""海鲜""]"
600222,杂粮粥,259.6,7.04,52.8,1.76,0.44,4.4,1.1,8.8,0,1,breakfast,"[{""amount"":220,""name"":""熟杂粮饭"",""unit"":""""}]","[""中文"",""亚洲"",""早餐"",""谷物"",""健康"",""少于30分钟"",""炉灶顶"",""简单"",""便宜""]"
600223,燕麦粥,270.5,11.1,40.65,8.05,3.45,5.3,8,63,22.5,1,breakfast,"[{""amount"":50,""name"":""干燕麦片"",""unit"":""""},{""amount"":150,""name"":""牛奶"",""unit"":""""}]","[""中文"",""亚洲"",""早餐"",""谷物"",""健康"",""少于30分钟"",""炉灶顶"",""简单"",""便宜""]"
600224,玉米粥,260.8,8.08,54.92,2.04,0.34,3.84,4.58,7,0,1,breakfast,"[{""amount"":150,""name"":""熟玉米"",""unit"":""""},{""amount"":80,""name"":""熟米饭"",""unit"":""""}]","[""中文"",""亚洲"",""早餐"",""谷物"",""健康"",""少于30分钟"",""炉灶顶"",""简单"",""便宜""]"
600225,红薯粥,260,5.5,58.95,0.65,0.12,3.45,4.35,37.5,0,1,breakfast,"[{""amount"":150,""name"":""熟米饭"",""unit"":""""},{""amount"":100,""name"":""红薯"",""unit"":""""}]","[""中文"",""亚洲"",""早餐"",""谷物"",""健康"",""少于30分钟"",""炉灶顶"",""简单"",""便宜""]"
600226,杂粮饭,295,8,60,2,0.5,5,1.25,10,0,1,breakfast,"[{""amount"":250,""name"":""熟杂粮饭"",""unit"":""""}]","[""中文"",""亚洲"",""谷物"",""健康"",""少于30分钟"",""蒸汽"",""简单"",""便宜"",""午餐/零食""]"
600227,糙米饭,277.5,6.5,57.5,2.25,0.5,4.5,1,12.5,0,1,breakfast,"[{""amount"":250,""name"":""熟糙米饭"",""unit"":""""}]","[""中文"",""亚洲"",""谷物"",""健康"",""少于30分钟"",""蒸汽"",""简单"",""便宜"",""午餐/零食""]"
600228,藜麦饭,300,11,53.25,4.75,0.5,7,2.25,12.5,0,1,breakfast,"[{""amount"":250,""name"":""熟藜麦"",""unit"":""""}]","[""中文"",""亚洲"",""谷物"",""健康"",""少于30分钟"",""蒸汽"",""简单"",""便宜"",""午餐/零食""]"
600229,玉米饭,286,7.9,61.65,1.65,0.28,2.85,3.15,9.5,0,1,breakfast,"[{""amount"":150,""name"":""熟米饭"",""unit"":""""},{""amount"":100,""name"":""熟玉米"",""unit"":""""}]","[""中文"",""亚洲"",""谷物"",""健康"",""少于30分钟"",""蒸汽"",""简单"",""便宜"",""午餐/零食""]"
600230,蒸红薯,172,3.2,40.2,0.4,0.08,6,8.4,60,0,1,breakfast,"[{""amount"":200,""name"":""红薯"",""unit"":""""}]","[""中文"",""亚洲"",""谷物"",""健康"",""少于30分钟"",""蒸汽"",""简单"",""便宜"",""午餐/零食""]"
600231,蒸南瓜,77.25,2.5,16.25,0.25,0.07,2,7,10,0,1,breakfast,"[{""amount"":250,""name"":""南瓜"",""unit"":""""}]","[""中文"",""亚洲"",""谷物"",""健康"",""少于30分钟"",""蒸汽"",""简单"",""便宜"",""午餐/零食""]"
600232,蒸玉米,224,8,45.6,2.4,0.4,4.8,6,4,0,1,breakfast,"[{""amount"":200,""name"":""熟玉米"",""unit"":""""}]","[""中文"",""亚洲"",""谷物"",""健康"",""少于30分钟"",""蒸汽"",""简单"",""便宜"",""午餐/零食""]"
600233,蒸山药,114,3.8,24.8,0.4,0.1,1.6,1.2,20,0,1,breakfast,"[{""amount"":200,""name"":""山药"",""unit"":""""}]","[""中文"",""亚洲"",""谷物"",""健康"",""少于30分钟"",""蒸汽"",""简单"",""便宜"",""午餐/零食""]"
600234,全麦馒头,340,13.2,72,2.5,0.4,10.7,1,3,0,1,breakfast,"[{""amount"":100,""name"":""全麦面粉"",""unit"":""""}]","[""中文"",""亚洲"",""谷物"",""健康"",""少于30分钟"",""蒸汽"",""简单"",""便宜"",""午餐/零食""]"
600235,荞麦清汤面,220.04,12.27,46.05,0.43,0.08,5.28,0.98,975.4,0,1,breakfast,"[{""amount"":200,""name"":""熟荞麦面"",""unit"":""""},{""amount"":50,""name"":""菠菜"",""unit"":""""},{""amount"":10,""name"":""葱"",""unit"":""""},{""amount"":8,""name"":""酱油"",""unit"":""""},{""amount"":0.8,""name"":""盐"",""unit"":""""}]","[""中文"",""亚洲"",""谷物"",""健康"",""少于30分钟"",""蒸汽"",""简单"",""便宜"",""午餐/零食""]"
600236,全麦蔬菜面,252.34,9.22,50.38,1.37,0.26,4.84,3.09,1047.3,0,1,breakfast,"[{""amount"":200,""name"":""熟面条"",""unit"":""""},{""amount"":100,""name"":""小白菜"",""unit"":""""},{""amount"":30,""name"":""胡萝卜"",""unit"":""""},{""amount"":8,""name"":""酱油"",""unit"":""""},{""amount"":0.8,""name"":""盐"",""unit"":""""}]","[""中文"",""亚洲"",""谷物"",""健康"",""少于30分钟"",""蒸汽"",""简单"",""便宜"",""午餐/零食""]"
600237,蔬菜蒸饺(少油),363,18.8,62.59,7.09,1.93,10.26,2.04,459.05,186.5,1,breakfast,"[{""amount"":80,""name"":""全麦面粉"",""unit"":""""},{""amount"":100,""name"":""小白菜"",""unit"":""""},{""amount"":50,""name"":""鸡蛋"",""unit"":""""},{""amount"":5,""name"":""姜"",""unit"":""""},{""amount"":0.8,""name"":""盐"",""unit"":""""}]","[""中文"",""亚洲"",""谷物"",""健康"",""少于30分钟"",""蒸汽"",""简单"",""便宜"",""午餐/零食""]"
600238,醋拌海带丝,86.28,2.99,7.6,5.21,0.75,0.92,0.95,957.06,0,2,snack,"[{""amount"":150,""name"":""海带"",""unit"":""""},{""amount"":8,""name"":""蒜"",""unit"":""""},{""amount"":12,""name"":""酱油"",""unit"":""""},{""amount"":10,""name"":""米醋"",""unit"":""""},{""amount"":5,""name"":""香油"",""unit"":""""},{""amount"":0.5,""name"":""盐"",""unit"":""""}]","[""中文"",""亚洲"",""蔬菜"",""纯素"",""无蛋"",""低胆固醇"",""健康"",""免煮"",""少于15分钟"",""简单"",""便宜"",""午餐/零食"",""海鲜""]"
600239,绿豆汤,217.2,12.96,42.16,0.48,0.06,3.84,7.37,1.3,0,2,dinner,"[{""amount"":60,""name"":""干绿豆"",""unit"":""""},{""amount"":1000,""name"":""水"",""unit"":""""},{""amount"":5,""name"":""冰糖"",""unit"":""""}]","[""中文"",""亚洲"",""汤"",""清汤"",""健康"",""家常菜聚餐"",""少于30分钟"",""炉灶顶"",""简单"",""便宜"",""甜味"",""素食""]"
600240,薏米冬瓜汤,141.1,4.93,28.72,1.53,0.29,2.45,3.48,398.45,0,2,dinner,"[{""amount"":250,""name"":""冬瓜"",""unit"":""""},{""amount"":30,""name"":""干薏米"",""unit"":""""},{""amount"":5,""name"":""姜"",""unit"":""""},{""amount"":1,""name"":""盐"",""unit"":""""}]","[""中文"",""亚洲"",""汤"",""清汤"",""健康"",""家常菜聚餐"",""少于30分钟"",""炉灶顶"",""简单"",""便宜"",""汤""]"
600241,鸡胸肉蔬菜沙拉,174.1,30.77,6.62,2.59,0.63,2.14,2.99,117.7,84,1,lunch,"[{""amount"":80,""name"":""生菜"",""unit"":""""},{""amount"":50,""name"":""小番茄"",""unit"":""""},{""amount"":50,""name"":""黄瓜"",""unit"":""""},{""amount"":120,""name"":""鸡胸肉"",""unit"":""""}]","[""轻食"",""沙拉"",""健康"",""低胆固醇"",""少于15分钟"",""简单"",""午餐/零食"",""高蛋白""]"
600242,藜麦牛油果沙拉,208.5,6.49,27.91,9.18,1.24,7.73,4.06,36.4,0,1,lunch,"[{""amount"":80,""name"":""生菜"",""unit"":""""},{""amount"":50,""name"":""小番茄"",""unit"":""""},{""amount"":50,""name"":""黄瓜"",""unit"":""""},{""amount"":80,""name"":""熟藜麦"",""unit"":""""},{""amount"":50,""name"":""牛油果"",""unit"":""""}]","[""轻食"",""沙拉"",""健康"",""低胆固醇"",""少于15分钟"",""简单"",""午餐/零食"",""纯素"",""无蛋"",""无乳糖"",""高纤维"",""牛油果"",""谷物""]"
600243,金枪鱼蔬菜沙拉,148.5,27.97,6.62,1.31,0.33,2.14,2.99,348.9,30,1,lunch,"[{""amount"":80,""name"":""生菜"",""unit"":""""},{""amount"":50,""name"":""小番茄"",""unit"":""""},{""amount"":50,""name"":""黄瓜"",""unit"":""""},{""amount"":100,""name"":""金枪鱼"",""unit"":""""}]","[""轻食"",""沙拉"",""健康"",""低胆固醇"",""少于15分钟"",""简单"",""午餐/零食"",""高蛋白"",""金枪鱼"",""海鲜""]"
600244,虾仁蔬菜沙拉,131.5,25.97,6.82,0.61,0.13,2.14,2.99,193.9,195,1,lunch,"[{""amount"":80,""name"":""生菜"",""unit"":""""},{""amount"":50,""name"":""小番茄"",""unit"":""""},{""amount"":50,""name"":""黄瓜"",""unit"":""""},{""amount"":100,""name"":""虾仁"",""unit"":""""}]","[""轻食"",""沙拉"",""健康"",""低胆固醇"",""少于15分钟"",""简单"",""午餐/零食"",""高蛋白"",""海鲜""]"
600245,鸡蛋蔬菜沙拉,176.5,15.27,9.42,9.81,3.13,2.14,3.29,168.9,373,1,lunch,"[{""amount"":80,""name"":""生菜"",""unit"":""""},{""amount"":50,""name"":""小番茄"",""unit"":""""},{""amount"":50,""name"":""黄瓜"",""unit"":""""},{""amount"":100,""name"":""鸡蛋"",""unit"":""""}]","[""轻食"",""沙拉"",""健康"",""低胆固醇"",""少于15分钟"",""简单"",""午餐/零食"",""高蛋白"",""鸡蛋""]"
600246,豆腐藜麦沙拉,188.5,14.21,21.8,5.65,0.75,4.42,4.13,41.5,0,1,lunch,"[{""amount"":80,""name"":""生菜"",""unit"":""""},{""amount"":50,""name"":""小番茄"",""unit"":""""},{""amount"":50,""name"":""黄瓜"",""unit"":""""},{""amount"":120,""name"":""豆腐"",""unit"":""""},{""amount"":60,""name"":""熟藜麦"",""unit"":""""}]","[""轻食"",""沙拉"",""健康"",""低胆固醇"",""少于15分钟"",""简单"",""午餐/零食"",""纯素"",""无蛋"",""无乳糖"",""高纤维"",""大豆/豆腐"",""谷物""]"
600247,鹰嘴豆蔬菜沙拉,196.5,10.87,34.02,2.91,0.33,9.74,7.79,35.9,0,1,lunch,"[{""amount"":80,""name"":""生菜"",""unit"":""""},{""amount"":50,""name"":""小番茄"",""unit"":""""},{""amount"":50,""name"":""黄瓜"",""unit"":""""},{""amount"":100,""name"":""熟鹰嘴豆"",""unit"":""""}]","[""轻食"",""沙拉"",""健康"",""低胆固醇"",""少于15分钟"",""简单"",""午餐/零食"",""纯素"",""无蛋"",""无乳糖"",""高纤维"",""豆类""]"
600248,牛油果鸡蛋沙拉,256.5,16.27,13.67,17.16,4.18,5.49,3.64,172.4,373,1,lunch,"[{""amount"":80,""name"":""生菜"",""unit"":""""},{""amount"":50,""name"":""小番茄"",""unit"":""""},{""amount"":50,""name"":""黄瓜"",""unit"":""""},{""amount"":50,""name"":""牛油果"",""unit"":""""},{""amount"":100,""name"":""鸡蛋"",""unit"":""""}]","[""轻食"",""沙拉"",""健康"",""低胆固醇"",""少于15分钟"",""简单"",""午餐/零食"",""高蛋白"",""牛油果"",""鸡蛋""]"
600249,三文鱼牛油果沙拉,304.5,23.17,10.02,19.59,3.87,4.82,3.27,90.7,55,1,lunch,"[{""amount"":80,""name"":""生菜"",""unit"":""""},{""amount"":50,""name"":""小番茄"",""unit"":""""},{""amount"":50,""name"":""黄瓜"",""unit"":""""},{""amount"":100,""name"":""三文鱼"",""unit"":""""},{""amount"":40,""name"":""牛油果"",""unit"":""""}]","[""轻食"",""沙拉"",""健康"",""低胆固醇"",""少于15分钟"",""简单"",""午餐/零食"",""高蛋白"",""牛油果"",""海鲜"",""高含量...""]"
600250,蟹柳蔬菜沙拉,108.5,9.97,14.62,1.11,0.19,2.54,4.59,412.9,16,1,lunch,"[{""amount"":80,""name"":""生菜"",""unit"":""""},{""amount"":50,""name"":""小番茄"",""unit"":""""},{""amount"":50,""name"":""黄瓜"",""unit"":""""},{""amount"":80,""name"":""蟹柳"",""unit"":""""}]","[""轻食"",""沙拉"",""健康"",""低胆固醇"",""少于15分钟"",""简单"",""午餐/零食"",""高蛋白"",""海鲜""]"
600251,鸡胸肉凯撒沙拉(低卡),297.6,37.27,27.12,4.69,1.08,5.14,5.49,317.7,84,1,lunch,"[{""amount"":80,""name"":""生菜"",""unit"":""""},{""amount"":50,""name"":""小番茄"",""unit"":""""},{""amount"":50,""name"":""黄瓜"",""unit"":""""},{""amount"":120,""name"":""鸡胸肉"",""unit"":""""},{""amount"":50,""name"":""全麦吐司"",""unit"":""""}]","[""轻食"",""沙拉"",""健康"",""低胆固醇"",""少于15分钟"",""简单"",""午餐/零食"",""高蛋白""]"
600252,藜麦彩虹沙拉,322.6,26.44,35.21,9.45,1.5,8.34,5.59,122.3,56,1,lunch,"[{""amount"":60,""name"":""生菜"",""unit"":""""},{""amount"":40,""name"":""胡萝卜"",""unit"":""""},{""amount"":40,""name"":""紫甘蓝"",""unit"":""""},{""amount"":40,""name"":""熟玉米"",""unit"":""""},{""amount"":70,""name"":""熟藜麦"",""unit"":""""},{""amount"":40,""name"":""牛油果"",""unit"":""""},{""amount"":80,""name"":""鸡胸肉"",""unit"":""""}]","[""轻食"",""沙拉"",""健康"",""低胆固醇"",""少于15分钟"",""简单"",""午餐/零食"",""高蛋白"",""谷物"",""牛油果""]"
600253,紫甘蓝苹果沙拉,136.9,2.44,22.65,5.37,0.76,5.57,14.8,158.6,0,1,lunch,"[{""amount"":150,""name"":""紫甘蓝"",""unit"":""""},{""amount"":100,""name"":""苹果"",""unit"":""""},{""amount"":10,""name"":""柠檬汁"",""unit"":""""},{""amount"":5,""name"":""橄榄油"",""unit"":""""},{""amount"":0.3,""name"":""盐"",""unit"":""""}]","[""轻食"",""沙拉"",""健康"",""低胆固醇"",""少于15分钟"",""简单"",""午餐/零食"",""纯素"",""无蛋"",""无乳糖"",""高纤维"",""水果""]"
600254,菠菜草莓沙拉,179.4,6.45,13.53,12.36,1.43,5.59,4.98,128.6,0,1,lunch,"[{""amount"":150,""name"":""菠菜"",""unit"":""""},{""amount"":80,""name"":""草莓"",""unit"":""""},{""amount"":10,""name"":""核桃"",""unit"":""""},{""amount"":5,""name"":""橄榄油"",""unit"":""""},{""amount"":10,""name"":""柠檬汁"",""unit"":""""}]","[""轻食"",""沙拉"",""健康"",""低胆固醇"",""少于15分钟"",""简单"",""午餐/零食"",""纯素"",""无蛋"",""无乳糖"",""高纤维"",""浆果"",""坚果"",""水果""]"
600255,南瓜藜麦沙拉,228.6,6.42,24.52,13.05,1.5,4.21,4.17,24.5,0,1,lunch,"[{""amount"":100,""name"":""南瓜"",""unit"":""""},{""amount"":70,""name"":""熟藜麦"",""unit"":""""},{""amount"":60,""name"":""生菜"",""unit"":""""},{""amount"":10,""name"":""核桃"",""unit"":""""},{""amount"":5,""name"":""橄榄油"",""unit"":""""}]","[""轻食"",""沙拉"",""健康"",""低胆固醇"",""少于15分钟"",""简单"",""午餐/零食"",""纯素"",""无蛋"",""无乳糖"",""高纤维"",""谷物"",""坚果""]"
600256,番茄牛油果沙拉,177.24,2.72,13.64,13.7,1.95,5.68,5.71,12.3,0,1,lunch,"[{""amount"":150,""name"":""番茄"",""unit"":""""},{""amount"":50,""name"":""牛油果"",""unit"":""""},{""amount"":30,""name"":""洋葱"",""unit"":""""},{""amount"":6,""name"":""橄榄油"",""unit"":""""},{""amount"":10,""name"":""柠檬汁"",""unit"":""""}]","[""轻食"",""沙拉"",""健康"",""低胆固醇"",""少于15分钟"",""简单"",""午餐/零食"",""纯素"",""无蛋"",""无乳糖"",""高纤维"",""牛油果""]"
600257,黄瓜酸奶沙拉,97.05,3.96,19.58,1.26,0.69,1.5,13.85,242.65,6.4,1,lunch,"[{""amount"":200,""name"":""黄瓜"",""unit"":""""},{""amount"":80,""name"":""原味酸奶"",""unit"":""""},{""amount"":5,""name"":""蒜"",""unit"":""""},{""amount"":0.5,""name"":""盐"",""unit"":""""}]","[""轻食"",""沙拉"",""健康"",""低胆固醇"",""少于15分钟"",""简单"",""午餐/零食"",""高蛋白"",""乳制品""]"
600258,西兰花鸡蛋沙拉,267.24,18.94,16.6,16.32,4.14,5.22,3.9,401.1,373,1,lunch,"[{""amount"":200,""name"":""西兰花"",""unit"":""""},{""amount"":100,""name"":""鸡蛋"",""unit"":""""},{""amount"":6,""name"":""橄榄油"",""unit"":""""},{""amount"":10,""name"":""柠檬汁"",""unit"":""""},{""amount"":0.5,""name"":""盐"",""unit"":""""}]","[""轻食"",""沙拉"",""健康"",""低胆固醇"",""少于15分钟"",""简单"",""午餐/零食"",""高蛋白"",""鸡蛋""]"
600259,芦笋牛油果沙拉,159.24,5.24,11.8,12.1,1.72,6.7,3.08,203.9,0,1,lunch,"[{""amount"":200,""name"":""芦笋"",""unit"":""""},{""amount"":40,""name"":""牛油果"",""unit"":""""},{""amount"":6,""name"":""橄榄油"",""unit"":""""},{""amount"":10,""name"":""柠檬汁"",""unit"":""""},{""amount"":0.5,""name"":""盐"",""unit"":""""}]","[""轻食"",""沙拉"",""健康"",""低胆固醇"",""少于15分钟"",""简单"",""午餐/零食"",""纯素"",""无蛋"",""无乳糖"",""高纤维"",""牛油果""]"
600260,芒果虾仁沙拉,159.7,21.81,18.78,0.87,0.19,3.42,13.95,161.7,156,1,lunch,"[{""amount"":80,""name"":""生菜"",""unit"":""""},{""amount"":50,""name"":""小番茄"",""unit"":""""},{""amount"":50,""name"":""黄瓜"",""unit"":""""},{""amount"":80,""name"":""虾仁"",""unit"":""""},{""amount"":80,""name"":""芒果"",""unit"":""""}]","[""轻食"",""沙拉"",""健康"",""低胆固醇"",""少于15分钟"",""简单"",""午餐/零食"",""高蛋白"",""海鲜"",""热带水果"",""水果""]"
600261,木瓜鸡肉沙拉,174.5,26.45,12.86,2.29,0.56,3.5,6.99,105.3,70,1,lunch,"[{""amount"":80,""name"":""生菜"",""unit"":""""},{""amount"":50,""name"":""小番茄"",""unit"":""""},{""amount"":50,""name"":""黄瓜"",""unit"":""""},{""amount"":100,""name"":""鸡胸肉"",""unit"":""""},{""amount"":80,""name"":""木瓜"",""unit"":""""}]","[""轻食"",""沙拉"",""健康"",""低胆固醇"",""少于15分钟"",""简单"",""午餐/零食"",""高蛋白"",""水果""]"
600262,玉米蔬菜沙拉,122.1,5.17,24.86,1.27,0.19,4.06,5.39,30.5,0,1,lunch,"[{""amount"":80,""name"":""生菜"",""unit"":""""},{""amount"":50,""name"":""小番茄"",""unit"":""""},{""amount"":50,""name"":""黄瓜"",""unit"":""""},{""amount"":80,""name"":""熟玉米"",""unit"":""""}]","[""轻食"",""沙拉"",""健康"",""低胆固醇"",""少于15分钟"",""简单"",""午餐/零食"",""纯素"",""无蛋"",""无乳糖"",""高纤维"",""谷物""]"
600263,土豆鸡蛋沙拉(轻),274.7,15.39,36.24,8.45,2.92,3.65,8.79,340,302.4,1,lunch,"[{""amount"":150,""name"":""土豆"",""unit"":""""},{""amount"":80,""name"":""鸡蛋"",""unit"":""""},{""amount"":50,""name"":""黄瓜"",""unit"":""""},{""amount"":50,""name"":""原味酸奶"",""unit"":""""},{""amount"":0.5,""name"":""盐"",""unit"":""""}]","[""轻食"",""沙拉"",""健康"",""低胆固醇"",""少于15分钟"",""简单"",""午餐/零食"",""高蛋白"",""鸡蛋"",""土豆""]"
600264,海藻沙拉,100.15,3.06,6.1,7.66,1.09,1.45,1.26,610.05,0,1,lunch,"[{""amount"":100,""name"":""海带"",""unit"":""""},{""amount"":50,""name"":""黄瓜"",""unit"":""""},{""amount"":5,""name"":""香油"",""unit"":""""},{""amount"":10,""name"":""酱油"",""unit"":""""},{""amount"":5,""name"":""白芝麻"",""unit"":""""}]","[""轻食"",""沙拉"",""健康"",""低胆固醇"",""少于15分钟"",""简单"",""午餐/零食"",""纯素"",""无蛋"",""无乳糖"",""高纤维"",""海鲜""]"
600265,荞麦面沙拉(日式),254.94,15.69,40.82,5.05,1.61,4.47,3.54,866.06,186.5,1,lunch,"[{""amount"":150,""name"":""熟荞麦面"",""unit"":""""},{""amount"":50,""name"":""黄瓜"",""unit"":""""},{""amount"":40,""name"":""胡萝卜"",""unit"":""""},{""amount"":50,""name"":""鸡蛋"",""unit"":""""},{""amount"":12,""name"":""酱油"",""unit"":""""},{""amount"":8,""name"":""米醋"",""unit"":""""}]","[""轻食"",""沙拉"",""健康"",""低胆固醇"",""少于15分钟"",""简单"",""午餐/零食"",""高蛋白"",""鸡蛋"",""谷物"",""日语""]"
600266,魔芋蔬菜沙拉,90.06,1.67,12.64,4.34,0.63,5.87,3.23,540.9,0,1,lunch,"[{""amount"":200,""name"":""魔芋"",""unit"":""""},{""amount"":50,""name"":""黄瓜"",""unit"":""""},{""amount"":40,""name"":""胡萝卜"",""unit"":""""},{""amount"":4,""name"":""香油"",""unit"":""""},{""amount"":10,""name"":""酱油"",""unit"":""""}]","[""轻食"",""沙拉"",""健康"",""低胆固醇"",""少于15分钟"",""简单"",""午餐/零食"",""纯素"",""无蛋"",""无乳糖"",""高纤维""]"
600267,鸡丝凉拌荞麦面,260.94,27.88,35.58,1.74,0.44,3.35,1.51,826.86,56,1,lunch,"[{""amount"":150,""name"":""熟荞麦面"",""unit"":""""},{""amount"":80,""name"":""鸡胸肉"",""unit"":""""},{""amount"":50,""name"":""黄瓜"",""unit"":""""},{""amount"":12,""name"":""酱油"",""unit"":""""},{""amount"":8,""name"":""米醋"",""unit"":""""}]","[""轻食"",""沙拉"",""健康"",""低胆固醇"",""少于15分钟"",""简单"",""午餐/零食"",""高蛋白"",""谷物""]"
600268,虾仁芦笋沙拉,193.24,28.18,8.39,6.59,0.99,3.8,2.63,186.4,195,1,lunch,"[{""amount"":150,""name"":""芦笋"",""unit"":""""},{""amount"":100,""name"":""虾仁"",""unit"":""""},{""amount"":60,""name"":""生菜"",""unit"":""""},{""amount"":6,""name"":""橄榄油"",""unit"":""""},{""amount"":10,""name"":""柠檬汁"",""unit"":""""}]","[""轻食"",""沙拉"",""健康"",""低胆固醇"",""少于15分钟"",""简单"",""午餐/零食"",""高蛋白"",""海鲜""]"
600269,三色藜麦蔬果沙拉,187.2,4.52,28.24,6.77,0.89,4.54,8.27,11,0,1,lunch,"[{""amount"":80,""name"":""熟藜麦"",""unit"":""""},{""amount"":50,""name"":""苹果"",""unit"":""""},{""amount"":50,""name"":""黄瓜"",""unit"":""""},{""amount"":50,""name"":""小番茄"",""unit"":""""},{""amount"":5,""name"":""橄榄油"",""unit"":""""}]","[""轻食"",""沙拉"",""健康"",""低胆固醇"",""少于15分钟"",""简单"",""午餐/零食"",""纯素"",""无蛋"",""无乳糖"",""高纤维"",""谷物"",""水果""]"
600270,蔬菜水果沙拉,132.3,2.62,20.76,5.54,0.77,4.93,14.18,33.2,0,1,lunch,"[{""amount"":100,""name"":""生菜"",""unit"":""""},{""amount"":60,""name"":""苹果"",""unit"":""""},{""amount"":60,""name"":""橙子"",""unit"":""""},{""amount"":50,""name"":""小番茄"",""unit"":""""},{""amount"":5,""name"":""橄榄油"",""unit"":""""}]","[""轻食"",""沙拉"",""健康"",""低胆固醇"",""少于15分钟"",""简单"",""午餐/零食"",""纯素"",""无蛋"",""无乳糖"",""高纤维"",""水果"",""柑橘""]"
600271,酸奶水果沙拉,130.5,3.4,28.34,1.6,0.83,2.76,23.71,47.2,8,1,lunch,"[{""amount"":100,""name"":""原味酸奶"",""unit"":""""},{""amount"":60,""name"":""苹果"",""unit"":""""},{""amount"":30,""name"":""蓝莓"",""unit"":""""},{""amount"":30,""name"":""草莓"",""unit"":""""}]","[""轻食"",""沙拉"",""健康"",""低胆固醇"",""少于15分钟"",""简单"",""午餐/零食"",""高蛋白"",""乳制品"",""浆果"",""水果""]"
600272,全麦通心粉沙拉(轻),272.24,8.39,42.4,7.82,1.15,3.82,3.45,14.1,0,1,lunch,"[{""amount"":150,""name"":""熟通心粉"",""unit"":""""},{""amount"":50,""name"":""黄瓜"",""unit"":""""},{""amount"":50,""name"":""小番茄"",""unit"":""""},{""amount"":6,""name"":""橄榄油"",""unit"":""""},{""amount"":10,""name"":""柠檬汁"",""unit"":""""}]","[""轻食"",""沙拉"",""健康"",""低胆固醇"",""少于15分钟"",""简单"",""午餐/零食"",""纯素"",""无蛋"",""无乳糖"",""高纤维"",""谷物""]"
600273,鸡肉蔬菜杯,150.5,25.97,6.62,2.21,0.53,2.14,2.99,102.9,70,1,lunch,"[{""amount"":100,""name"":""鸡胸肉"",""unit"":""""},{""amount"":80,""name"":""生菜"",""unit"":""""},{""amount"":50,""name"":""小番茄"",""unit"":""""},{""amount"":50,""name"":""黄瓜"",""unit"":""""}]","[""轻食"",""沙拉"",""健康"",""低胆固醇"",""少于15分钟"",""简单"",""午餐/零食"",""高蛋白""]"
600274,虾仁牛油果沙拉,175.7,21.97,10.18,6.43,0.95,4.82,3.27,163.7,156,1,lunch,"[{""amount"":80,""name"":""生菜"",""unit"":""""},{""amount"":50,""name"":""小番茄"",""unit"":""""},{""amount"":50,""name"":""黄瓜"",""unit"":""""},{""amount"":80,""name"":""虾仁"",""unit"":""""},{""amount"":40,""name"":""牛油果"",""unit"":""""}]","[""轻食"",""沙拉"",""健康"",""低胆固醇"",""少于15分钟"",""简单"",""午餐/零食"",""高蛋白"",""海鲜"",""牛油果""]"
600275,鹰嘴豆藜麦能量沙拉,289.74,11.54,41.07,9.63,1.24,9.57,6.45,29.9,0,1,lunch,"[{""amount"":80,""name"":""熟鹰嘴豆"",""unit"":""""},{""amount"":70,""name"":""熟藜麦"",""unit"":""""},{""amount"":60,""name"":""生菜"",""unit"":""""},{""amount"":50,""name"":""小番茄"",""unit"":""""},{""amount"":6,""name"":""橄榄油"",""unit"":""""}]","[""轻食"",""沙拉"",""健康"",""低胆固醇"",""少于15分钟"",""简单"",""午餐/零食"",""纯素"",""无蛋"",""无乳糖"",""高纤维"",""豆类"",""谷物""]"
600276,牛肉藜麦沙拉,283.54,24.42,19.15,12.05,2.8,3.49,2.61,84.3,60,1,lunch,"[{""amount"":100,""name"":""瘦牛肉"",""unit"":""""},{""amount"":70,""name"":""熟藜麦"",""unit"":""""},{""amount"":60,""name"":""生菜"",""unit"":""""},{""amount"":50,""name"":""小番茄"",""unit"":""""},{""amount"":6,""name"":""橄榄油"",""unit"":""""}]","[""轻食"",""沙拉"",""健康"",""低胆固醇"",""少于15分钟"",""简单"",""午餐/零食"",""高蛋白"",""谷物""]"
600277,金枪鱼牛油果沙拉,189.3,23.57,10.02,6.99,1.11,4.82,3.27,287.7,24,1,lunch,"[{""amount"":80,""name"":""生菜"",""unit"":""""},{""amount"":50,""name"":""小番茄"",""unit"":""""},{""amount"":50,""name"":""黄瓜"",""unit"":""""},{""amount"":80,""name"":""金枪鱼"",""unit"":""""},{""amount"":40,""name"":""牛油果"",""unit"":""""}]","[""轻食"",""沙拉"",""健康"",""低胆固醇"",""少于15分钟"",""简单"",""午餐/零食"",""高蛋白"",""金枪鱼"",""海鲜"",""牛油果""]"
600278,豆腐牛油果沙拉,243.54,14.14,10.64,17.35,2.45,4.96,3.01,35.6,0,1,lunch,"[{""amount"":150,""name"":""豆腐"",""unit"":""""},{""amount"":40,""name"":""牛油果"",""unit"":""""},{""amount"":60,""name"":""生菜"",""unit"":""""},{""amount"":50,""name"":""小番茄"",""unit"":""""},{""amount"":6,""name"":""橄榄油"",""unit"":""""}]","[""轻食"",""沙拉"",""健康"",""低胆固醇"",""少于15分钟"",""简单"",""午餐/零食"",""纯素"",""无蛋"",""无乳糖"",""高纤维"",""大豆/豆腐"",""牛油果""]"
600279,蛋清蔬菜沙拉,163.54,18.32,7.67,6.61,0.87,2.14,4.04,277.9,0,1,lunch,"[{""amount"":150,""name"":""蛋清"",""unit"":""""},{""amount"":80,""name"":""生菜"",""unit"":""""},{""amount"":50,""name"":""小番茄"",""unit"":""""},{""amount"":50,""name"":""黄瓜"",""unit"":""""},{""amount"":6,""name"":""橄榄油"",""unit"":""""}]","[""轻食"",""沙拉"",""健康"",""低胆固醇"",""少于15分钟"",""简单"",""午餐/零食"",""高蛋白"",""鸡蛋""]"
600280,鸡肉葡萄沙拉,222.54,25.86,10.82,8.28,1.39,2.15,7.54,101.6,70,1,lunch,"[{""amount"":100,""name"":""鸡胸肉"",""unit"":""""},{""amount"":60,""name"":""葡萄"",""unit"":""""},{""amount"":80,""name"":""生菜"",""unit"":""""},{""amount"":50,""name"":""小番茄"",""unit"":""""},{""amount"":6,""name"":""橄榄油"",""unit"":""""}]","[""轻食"",""沙拉"",""健康"",""低胆固醇"",""少于15分钟"",""简单"",""午餐/零食"",""高蛋白"",""水果""]"
600281,鸡胸杂粮能量碗,342.7,31.49,46.08,3.52,0.9,6.48,4.46,141.9,70,1,lunch,"[{""amount"":150,""name"":""熟杂粮饭"",""unit"":""""},{""amount"":100,""name"":""鸡胸肉"",""unit"":""""},{""amount"":80,""name"":""西兰花"",""unit"":""""},{""amount"":50,""name"":""胡萝卜"",""unit"":""""}]","[""轻食"",""健康"",""高纤维"",""午餐/零食"",""鸡胸肉"",""谷物""]"
600282,藜麦鹰嘴豆能量碗,336.9,13.5,50.93,9.54,1.2,10.69,6.52,28.8,0,1,lunch,"[{""amount"":120,""name"":""熟藜麦"",""unit"":""""},{""amount"":80,""name"":""熟鹰嘴豆"",""unit"":""""},{""amount"":50,""name"":""生菜"",""unit"":""""},{""amount"":40,""name"":""小番茄"",""unit"":""""},{""amount"":5,""name"":""橄榄油"",""unit"":""""}]","[""轻食"",""健康"",""高纤维"",""午餐/零食"",""纯素"",""无蛋"",""无乳糖"",""豆类"",""谷物""]"
600283,牛肉糙米碗,339.2,26.59,44.58,6.27,2.2,6.18,4.31,129.4,60,1,lunch,"[{""amount"":150,""name"":""熟糙米饭"",""unit"":""""},{""amount"":100,""name"":""瘦牛肉"",""unit"":""""},{""amount"":80,""name"":""西兰花"",""unit"":""""},{""amount"":50,""name"":""胡萝卜"",""unit"":""""}]","[""轻食"",""健康"",""高纤维"",""午餐/零食"",""谷物""]"
600284,三文鱼藜麦碗,370.2,27.48,29.28,15.78,3.26,4.98,2.32,67.5,55,1,lunch,"[{""amount"":120,""name"":""熟藜麦"",""unit"":""""},{""amount"":100,""name"":""三文鱼"",""unit"":""""},{""amount"":80,""name"":""芦笋"",""unit"":""""},{""amount"":10,""name"":""柠檬汁"",""unit"":""""}]","[""轻食"",""健康"",""高纤维"",""午餐/零食"",""海鲜"",""谷物"",""高含量...""]"
600285,虾仁藜麦碗,265.8,30.24,30.64,2.74,0.36,4.52,3.64,178.2,195,1,lunch,"[{""amount"":120,""name"":""熟藜麦"",""unit"":""""},{""amount"":100,""name"":""虾仁"",""unit"":""""},{""amount"":80,""name"":""黄瓜"",""unit"":""""},{""amount"":40,""name"":""小番茄"",""unit"":""""}]","[""轻食"",""健康"",""高纤维"",""午餐/零食"",""海鲜"",""谷物""]"
600286,韩式拌饭(低卡),301.7,14.67,50.14,5.64,1.7,4.37,4.23,1002.4,186.5,1,lunch,"[{""amount"":150,""name"":""熟米饭"",""unit"":""""},{""amount"":50,""name"":""菠菜"",""unit"":""""},{""amount"":50,""name"":""绿豆芽"",""unit"":""""},{""amount"":40,""name"":""胡萝卜"",""unit"":""""},{""amount"":50,""name"":""鸡蛋"",""unit"":""""},{""amount"":50,""name"":""泡菜"",""unit"":""""},{""amount"":10,""name"":""酱油"",""unit"":""""}]","[""轻食"",""健康"",""高纤维"",""午餐/零食"",""韩式"",""鸡蛋"",""谷物""]"
600287,日式鸡肉饭(轻),324.24,30.59,44.93,2.68,0.66,2.53,1.59,507.9,70,1,lunch,"[{""amount"":150,""name"":""熟米饭"",""unit"":""""},{""amount"":100,""name"":""鸡胸肉"",""unit"":""""},{""amount"":80,""name"":""西兰花"",""unit"":""""},{""amount"":8,""name"":""酱油"",""unit"":""""}]","[""轻食"",""健康"",""高纤维"",""午餐/零食"",""日语"",""鸡胸肉"",""谷物""]"
600288,泰式鸡肉饭(轻),315.55,28.86,43.78,2.62,0.61,1.97,2.57,84.1,70,1,lunch,"[{""amount"":150,""name"":""熟米饭"",""unit"":""""},{""amount"":100,""name"":""鸡胸肉"",""unit"":""""},{""amount"":80,""name"":""彩椒"",""unit"":""""},{""amount"":5,""name"":""罗勒"",""unit"":""""}]","[""轻食"",""健康"",""高纤维"",""午餐/零食"",""泰国"",""鸡胸肉"",""谷物""]"
600289,蔬菜寿司碗,270.28,6.82,51.76,5.1,0.76,5.5,4.34,179.26,0,1,lunch,"[{""amount"":150,""name"":""熟米饭"",""unit"":""""},{""amount"":80,""name"":""黄瓜"",""unit"":""""},{""amount"":50,""name"":""胡萝卜"",""unit"":""""},{""amount"":30,""name"":""牛油果"",""unit"":""""},{""amount"":5,""name"":""海苔"",""unit"":""""},{""amount"":8,""name"":""米醋"",""unit"":""""}]","[""轻食"",""健康"",""高纤维"",""午餐/零食"",""纯素"",""无蛋"",""无乳糖"",""牛油果"",""谷物""]"
600290,鸡肉蔬菜碗,337.8,31.28,44.76,3.58,0.89,6,4.17,102.2,70,1,lunch,"[{""amount"":150,""name"":""熟杂粮饭"",""unit"":""""},{""amount"":100,""name"":""鸡胸肉"",""unit"":""""},{""amount"":80,""name"":""彩椒"",""unit"":""""},{""amount"":60,""name"":""西兰花"",""unit"":""""}]","[""轻食"",""健康"",""高纤维"",""午餐/零食"",""鸡胸肉"",""谷物""]"
600291,豆腐蔬菜碗,308.94,17.62,46.88,5.83,0.98,6.76,4.1,519.1,0,1,lunch,"[{""amount"":150,""name"":""熟杂粮饭"",""unit"":""""},{""amount"":120,""name"":""豆腐"",""unit"":""""},{""amount"":80,""name"":""菠菜"",""unit"":""""},{""amount"":50,""name"":""胡萝卜"",""unit"":""""},{""amount"":8,""name"":""酱油"",""unit"":""""}]","[""轻食"",""健康"",""高纤维"",""午餐/零食"",""纯素"",""无蛋"",""无乳糖"",""大豆/豆腐"",""谷物""]"
600292,金枪鱼藜麦碗,300.3,28.78,38.41,3.78,0.59,5.21,2.98,277,24,1,lunch,"[{""amount"":120,""name"":""熟藜麦"",""unit"":""""},{""amount"":80,""name"":""金枪鱼"",""unit"":""""},{""amount"":50,""name"":""熟玉米"",""unit"":""""},{""amount"":50,""name"":""生菜"",""unit"":""""}]","[""轻食"",""健康"",""高纤维"",""午餐/零食"",""金枪鱼"",""海鲜"",""谷物""]"
600293,玉米鸡胸碗,369.6,32.72,51,4.06,0.96,5.88,4.02,100.2,70,1,lunch,"[{""amount"":120,""name"":""熟杂粮饭"",""unit"":""""},{""amount"":100,""name"":""鸡胸肉"",""unit"":""""},{""amount"":80,""name"":""熟玉米"",""unit"":""""},{""amount"":60,""name"":""西兰花"",""unit"":""""}]","[""轻食"",""健康"",""高纤维"",""午餐/零食"",""鸡胸肉"",""谷物""]"
600294,紫薯鸡胸碗,278.2,28.59,37.28,2.6,0.64,7.18,8.56,148.6,70,1,lunch,"[{""amount"":150,""name"":""紫薯"",""unit"":""""},{""amount"":100,""name"":""鸡胸肉"",""unit"":""""},{""amount"":80,""name"":""西兰花"",""unit"":""""},{""amount"":40,""name"":""小番茄"",""unit"":""""}]","[""轻食"",""健康"",""高纤维"",""午餐/零食"",""鸡胸肉""]"
600295,荞麦面能量碗,304.9,29.72,45.52,1.85,0.46,5.14,3.36,788.6,56,1,lunch,"[{""amount"":180,""name"":""熟荞麦面"",""unit"":""""},{""amount"":80,""name"":""鸡胸肉"",""unit"":""""},{""amount"":60,""name"":""黄瓜"",""unit"":""""},{""amount"":40,""name"":""胡萝卜"",""unit"":""""},{""amount"":10,""name"":""酱油"",""unit"":""""}]","[""轻食"",""健康"",""高纤维"",""午餐/零食"",""鸡胸肉"",""谷物""]"
600296,全麦鸡胸卷饼,446.85,33.31,74.45,4.11,0.82,11.3,1.8,322.1,56,1,lunch,"[{""amount"":100,""name"":""全麦面粉"",""unit"":""""},{""amount"":80,""name"":""鸡胸肉"",""unit"":""""},{""amount"":30,""name"":""生菜"",""unit"":""""},{""amount"":30,""name"":""黄瓜"",""unit"":""""},{""amount"":5,""name"":""酱油"",""unit"":""""}]","[""轻食"",""健康"",""高纤维"",""午餐/零食"",""鸡胸肉"",""谷物""]"
600297,蔬菜全麦卷,373.45,14.82,79.23,2.73,0.44,12.75,4.01,297.4,0,1,lunch,"[{""amount"":100,""name"":""全麦面粉"",""unit"":""""},{""amount"":50,""name"":""生菜"",""unit"":""""},{""amount"":40,""name"":""胡萝卜"",""unit"":""""},{""amount"":40,""name"":""黄瓜"",""unit"":""""},{""amount"":5,""name"":""酱油"",""unit"":""""}]","[""轻食"",""健康"",""高纤维"",""午餐/零食"",""纯素"",""无蛋"",""无乳糖"",""谷物""]"
600298,金枪鱼全麦卷,436.75,32.52,75.1,3.33,0.63,11.5,2.05,490.2,21,1,lunch,"[{""amount"":100,""name"":""全麦面粉"",""unit"":""""},{""amount"":70,""name"":""金枪鱼"",""unit"":""""},{""amount"":40,""name"":""生菜"",""unit"":""""},{""amount"":40,""name"":""黄瓜"",""unit"":""""},{""amount"":5,""name"":""酱油"",""unit"":""""}]","[""轻食"",""健康"",""高纤维"",""午餐/零食"",""金枪鱼"",""海鲜"",""谷物""]"
600299,虾仁全麦卷,434.75,33.52,75.26,2.87,0.5,11.5,2.05,398.2,156,1,lunch,"[{""amount"":100,""name"":""全麦面粉"",""unit"":""""},{""amount"":80,""name"":""虾仁"",""unit"":""""},{""amount"":40,""name"":""生菜"",""unit"":""""},{""amount"":40,""name"":""黄瓜"",""unit"":""""},{""amount"":5,""name"":""酱油"",""unit"":""""}]","[""轻食"",""健康"",""高纤维"",""午餐/零食"",""海鲜"",""谷物""]"
600300,豆腐蔬菜卷,435.55,22.4,79.5,6.17,0.93,12.84,3.75,300.6,0,1,lunch,"[{""amount"":100,""name"":""全麦面粉"",""unit"":""""},{""amount"":100,""name"":""豆腐"",""unit"":""""},{""amount"":40,""name"":""生菜"",""unit"":""""},{""amount"":40,""name"":""胡萝卜"",""unit"":""""},{""amount"":5,""name"":""酱油"",""unit"":""""}]","[""轻食"",""健康"",""高纤维"",""午餐/零食"",""纯素"",""无蛋"",""无乳糖"",""大豆/豆腐"",""谷物""]"
600301,牛油果鸡肉卷,479.75,31.44,76.21,8.32,1.39,13.23,1.58,318.1,49,1,lunch,"[{""amount"":100,""name"":""全麦面粉"",""unit"":""""},{""amount"":70,""name"":""鸡胸肉"",""unit"":""""},{""amount"":30,""name"":""牛油果"",""unit"":""""},{""amount"":40,""name"":""生菜"",""unit"":""""},{""amount"":5,""name"":""酱油"",""unit"":""""}]","[""轻食"",""健康"",""高纤维"",""午餐/零食"",""鸡胸肉"",""牛油果"",""谷物""]"
600302,鸡胸蔬菜卷,449.95,33.52,75.1,4.14,0.82,11.5,2.05,325.4,56,1,lunch,"[{""amount"":100,""name"":""全麦面粉"",""unit"":""""},{""amount"":80,""name"":""鸡胸肉"",""unit"":""""},{""amount"":40,""name"":""生菜"",""unit"":""""},{""amount"":40,""name"":""黄瓜"",""unit"":""""},{""amount"":5,""name"":""酱油"",""unit"":""""}]","[""轻食"",""健康"",""高纤维"",""午餐/零食"",""鸡胸肉"",""谷物""]"
600303,三文鱼全麦卷,501.15,28.6,75.1,12,2.52,11.5,2.05,307.5,38.5,1,lunch,"[{""amount"":100,""name"":""全麦面粉"",""unit"":""""},{""amount"":70,""name"":""三文鱼"",""unit"":""""},{""amount"":40,""name"":""生菜"",""unit"":""""},{""amount"":40,""name"":""黄瓜"",""unit"":""""},{""amount"":5,""name"":""酱油"",""unit"":""""}]","[""轻食"",""健康"",""高纤维"",""午餐/零食"",""海鲜"",""谷物"",""高含量...""]"
600304,鹰嘴豆全麦卷,496.75,21.52,99.42,4.75,0.67,18.42,7.09,298.2,0,1,lunch,"[{""amount"":100,""name"":""全麦面粉"",""unit"":""""},{""amount"":80,""name"":""熟鹰嘴豆"",""unit"":""""},{""amount"":40,""name"":""生菜"",""unit"":""""},{""amount"":40,""name"":""胡萝卜"",""unit"":""""},{""amount"":5,""name"":""酱油"",""unit"":""""}]","[""轻食"",""健康"",""高纤维"",""午餐/零食"",""纯素"",""无蛋"",""无乳糖"",""豆类"",""谷物""]"
600305,蔬菜糙米卷,181,5.76,37.83,1.31,0.29,5.69,4.46,179.9,0,1,lunch,"[{""amount"":120,""name"":""熟糙米饭"",""unit"":""""},{""amount"":50,""name"":""紫甘蓝"",""unit"":""""},{""amount"":40,""name"":""胡萝卜"",""unit"":""""},{""amount"":40,""name"":""黄瓜"",""unit"":""""},{""amount"":5,""name"":""海苔"",""unit"":""""}]","[""轻食"",""健康"",""高纤维"",""午餐/零食"",""纯素"",""无蛋"",""无乳糖"",""谷物""]"
600306,烤鸡胸蔬菜碗,292.4,29.6,36.76,3.3,0.82,4.36,3.74,103,70,1,lunch,"[{""amount"":120,""name"":""熟糙米饭"",""unit"":""""},{""amount"":100,""name"":""鸡胸肉"",""unit"":""""},{""amount"":80,""name"":""南瓜"",""unit"":""""},{""amount"":60,""name"":""西兰花"",""unit"":""""}]","[""轻食"",""健康"",""高纤维"",""午餐/零食"",""鸡胸肉"",""谷物""]"
600307,虾仁蔬菜碗,275.8,29.72,36.92,1.78,0.44,5.36,3.72,225.8,195,1,lunch,"[{""amount"":120,""name"":""熟糙米饭"",""unit"":""""},{""amount"":100,""name"":""虾仁"",""unit"":""""},{""amount"":80,""name"":""西兰花"",""unit"":""""},{""amount"":40,""name"":""胡萝卜"",""unit"":""""}]","[""轻食"",""健康"",""高纤维"",""午餐/零食"",""海鲜"",""谷物""]"
600308,牛肉蔬菜碗,288.5,23.6,36.36,5.61,1.95,5.16,3.9,82.2,54,1,lunch,"[{""amount"":120,""name"":""熟糙米饭"",""unit"":""""},{""amount"":90,""name"":""瘦牛肉"",""unit"":""""},{""amount"":80,""name"":""彩椒"",""unit"":""""},{""amount"":60,""name"":""西兰花"",""unit"":""""}]","[""轻食"",""健康"",""高纤维"",""午餐/零食"",""谷物""]"
600309,南瓜鸡胸碗,194.2,28.14,17.03,2.45,0.62,3.88,6.76,109.6,70,1,lunch,"[{""amount"":150,""name"":""南瓜"",""unit"":""""},{""amount"":100,""name"":""鸡胸肉"",""unit"":""""},{""amount"":80,""name"":""西兰花"",""unit"":""""},{""amount"":40,""name"":""小番茄"",""unit"":""""}]","[""轻食"",""健康"",""高纤维"",""午餐/零食"",""鸡胸肉""]"
600310,彩椒鸡肉碗,305.2,29.37,38.79,3.25,0.8,5.07,5.46,83.6,70,1,lunch,"[{""amount"":120,""name"":""熟杂粮饭"",""unit"":""""},{""amount"":100,""name"":""鸡胸肉"",""unit"":""""},{""amount"":120,""name"":""彩椒"",""unit"":""""},{""amount"":30,""name"":""洋葱"",""unit"":""""}]","[""轻食"",""健康"",""高纤维"",""午餐/零食"",""鸡胸肉"",""谷物""]"
600311,燕麦牛奶粥,303.7,12.99,43.37,10.69,5.24,4.96,15.9,102.7,37.5,1,breakfast,"[{""amount"":40,""name"":""干燕麦片"",""unit"":""""},{""amount"":250,""name"":""牛奶"",""unit"":""""},{""amount"":30,""name"":""蓝莓"",""unit"":""""}]","[""轻食"",""早餐"",""健康"",""少于15分钟"",""简单"",""谷物"",""乳制品"",""浆果""]"
600312,香蕉燕麦粥,310,13.2,54.76,4.76,1.94,6.32,20.16,91.2,12,1,breakfast,"[{""amount"":40,""name"":""干燕麦片"",""unit"":""""},{""amount"":200,""name"":""低脂牛奶"",""unit"":""""},{""amount"":80,""name"":""香蕉"",""unit"":""""}]","[""轻食"",""早餐"",""健康"",""少于15分钟"",""简单"",""谷物"",""乳制品"",""水果""]"
600313,蓝莓燕麦碗,288.1,9.83,53.87,4.7,1.7,5.44,24.9,71.9,12,1,breakfast,"[{""amount"":40,""name"":""干燕麦片"",""unit"":""""},{""amount"":150,""name"":""原味酸奶"",""unit"":""""},{""amount"":50,""name"":""蓝莓"",""unit"":""""}]","[""轻食"",""早餐"",""健康"",""少于15分钟"",""简单"",""谷物"",""乳制品"",""浆果""]"
600314,苹果肉桂燕麦粥,278,12.32,47.56,4.76,1.9,6.16,18.72,91.2,12,1,breakfast,"[{""amount"":40,""name"":""干燕麦片"",""unit"":""""},{""amount"":200,""name"":""低脂牛奶"",""unit"":""""},{""amount"":80,""name"":""苹果"",""unit"":""""}]","[""轻食"",""早餐"",""健康"",""少于15分钟"",""简单"",""谷物"",""乳制品"",""水果""]"
600315,南瓜燕麦粥,219.6,9.68,38.02,3.7,1.21,5.04,8.2,50.4,6,1,breakfast,"[{""amount"":40,""name"":""干燕麦片"",""unit"":""""},{""amount"":100,""name"":""南瓜"",""unit"":""""},{""amount"":100,""name"":""低脂牛奶"",""unit"":""""}]","[""轻食"",""早餐"",""健康"",""少于15分钟"",""简单"",""谷物"",""乳制品""]"
600316,牛奶麦片,256.6,13.78,39.02,5.1,2.23,4.24,12.9,112.4,15,1,breakfast,"[{""amount"":40,""name"":""干燕麦片"",""unit"":""""},{""amount"":250,""name"":""低脂牛奶"",""unit"":""""}]","[""轻食"",""早餐"",""健康"",""少于15分钟"",""简单"",""谷物"",""乳制品""]"
600317,豆浆燕麦粥,229.1,12.78,30.27,6.6,0.98,5.24,2.9,9.9,0,1,breakfast,"[{""amount"":40,""name"":""干燕麦片"",""unit"":""""},{""amount"":250,""name"":""豆浆"",""unit"":""""}]","[""轻食"",""早餐"",""健康"",""少于15分钟"",""简单"",""谷物"",""大豆/豆腐""]"
600318,奇亚籽酸奶杯,173.7,6.06,28.65,5.11,1.54,4.16,22.5,70.9,12,1,breakfast,"[{""amount"":150,""name"":""原味酸奶"",""unit"":""""},{""amount"":10,""name"":""奇亚籽"",""unit"":""""},{""amount"":30,""name"":""蓝莓"",""unit"":""""}]","[""轻食"",""早餐"",""健康"",""少于15分钟"",""简单"",""乳制品"",""浆果""]"
600319,希腊酸奶水果杯,162.8,15.58,19.06,3.09,1.52,1.81,15.97,55,9,1,breakfast,"[{""amount"":150,""name"":""希腊酸奶"",""unit"":""""},{""amount"":50,""name"":""蓝莓"",""unit"":""""},{""amount"":30,""name"":""草莓"",""unit"":""""},{""amount"":5,""name"":""蜂蜜"",""unit"":""""}]","[""轻食"",""早餐"",""健康"",""少于15分钟"",""简单"",""乳制品"",""浆果"",""水果""]"
600320,希腊酸奶蓝莓杯,152.82,15.43,16.56,3.03,1.52,1.45,13.86,54.72,9,1,breakfast,"[{""amount"":150,""name"":""希腊酸奶"",""unit"":""""},{""amount"":60,""name"":""蓝莓"",""unit"":""""},{""amount"":3,""name"":""蜂蜜"",""unit"":""""}]","[""轻食"",""早餐"",""健康"",""少于15分钟"",""简单"",""乳制品"",""浆果""]"
600321,草莓酸奶杯,133.6,4.76,26.26,2.19,1.22,1.6,23.42,69.8,12,1,breakfast,"[{""amount"":150,""name"":""原味酸奶"",""unit"":""""},{""amount"":80,""name"":""草莓"",""unit"":""""}]","[""轻食"",""早餐"",""健康"",""少于15分钟"",""简单"",""乳制品"",""浆果""]"
600322,芒果酸奶杯,156,4.84,32.1,2.27,1.27,1.28,30.46,69.8,12,1,breakfast,"[{""amount"":150,""name"":""原味酸奶"",""unit"":""""},{""amount"":80,""name"":""芒果"",""unit"":""""}]","[""轻食"",""早餐"",""健康"",""少于15分钟"",""简单"",""乳制品"",""水果"",""热带水果""]"
600323,香蕉酸奶杯,182.4,5.32,38.34,2.11,1.26,2.08,29.26,69.8,12,1,breakfast,"[{""amount"":150,""name"":""原味酸奶"",""unit"":""""},{""amount"":80,""name"":""香蕉"",""unit"":""""}]","[""轻食"",""早餐"",""健康"",""少于15分钟"",""简单"",""乳制品"",""水果""]"
600324,无糖酸奶坚果杯,184.8,5.84,24.37,8.51,1.82,1.15,21.76,69.4,12,1,breakfast,"[{""amount"":150,""name"":""原味酸奶"",""unit"":""""},{""amount"":10,""name"":""核桃"",""unit"":""""},{""amount"":20,""name"":""蓝莓"",""unit"":""""}]","[""轻食"",""早餐"",""健康"",""少于15分钟"",""简单"",""乳制品"",""坚果"",""浆果""]"
600325,鸡蛋全麦吐司,292.2,21.1,27.4,12.02,3.64,3.6,3.3,497,373,1,breakfast,"[{""amount"":60,""name"":""全麦吐司"",""unit"":""""},{""amount"":100,""name"":""鸡蛋"",""unit"":""""},{""amount"":0.3,""name"":""盐"",""unit"":""""}]","[""轻食"",""早餐"",""健康"",""少于15分钟"",""简单"",""鸡蛋"",""谷物""]"
600326,水煮蛋牛油果,372.2,22.1,31.65,19.37,4.69,6.95,3.65,383.5,373,1,breakfast,"[{""amount"":100,""name"":""鸡蛋"",""unit"":""""},{""amount"":50,""name"":""牛油果"",""unit"":""""},{""amount"":60,""name"":""全麦吐司"",""unit"":""""}]","[""轻食"",""早餐"",""健康"",""少于15分钟"",""简单"",""鸡蛋"",""牛油果"",""谷物""]"
600327,蒸蛋羹(轻),166.72,13.75,3.6,11.51,3.38,0,0.38,657,373,1,breakfast,"[{""amount"":100,""name"":""鸡蛋"",""unit"":""""},{""amount"":8,""name"":""酱油"",""unit"":""""},{""amount"":2,""name"":""香油"",""unit"":""""},{""amount"":0.3,""name"":""盐"",""unit"":""""}]","[""轻食"",""早餐"",""健康"",""少于15分钟"",""简单"",""鸡蛋""]"
600328,豆腐蔬菜烘蛋,228,22.75,6.6,13.2,3.64,1.6,1,502.5,373,1,breakfast,"[{""amount"":100,""name"":""鸡蛋"",""unit"":""""},{""amount"":100,""name"":""豆腐"",""unit"":""""},{""amount"":50,""name"":""菠菜"",""unit"":""""},{""amount"":0.8,""name"":""盐"",""unit"":""""}]","[""轻食"",""早餐"",""健康"",""少于15分钟"",""简单"",""鸡蛋"",""大豆/豆腐""]"
600329,全麦鸡蛋三明治,352.1,24.39,37.67,12.98,3.84,5.55,5.32,469.9,373,1,breakfast,"[{""amount"":80,""name"":""全麦吐司"",""unit"":""""},{""amount"":100,""name"":""鸡蛋"",""unit"":""""},{""amount"":30,""name"":""生菜"",""unit"":""""},{""amount"":30,""name"":""番茄"",""unit"":""""}]","[""轻食"",""早餐"",""健康"",""少于15分钟"",""简单"",""鸡蛋"",""谷物""]"
600330,金枪鱼三明治,277.7,26.69,34.87,4.08,0.92,5.55,5.02,521.9,18,1,breakfast,"[{""amount"":80,""name"":""全麦吐司"",""unit"":""""},{""amount"":60,""name"":""金枪鱼"",""unit"":""""},{""amount"":30,""name"":""生菜"",""unit"":""""},{""amount"":30,""name"":""番茄"",""unit"":""""}]","[""轻食"",""早餐"",""健康"",""少于15分钟"",""简单"",""金枪鱼"",""海鲜"",""谷物""]"
600331,鸡胸全麦三明治,290.7,27.89,34.87,4.81,1.09,5.55,5.02,381.7,49,1,breakfast,"[{""amount"":80,""name"":""全麦吐司"",""unit"":""""},{""amount"":70,""name"":""鸡胸肉"",""unit"":""""},{""amount"":30,""name"":""生菜"",""unit"":""""},{""amount"":30,""name"":""番茄"",""unit"":""""}]","[""轻食"",""早餐"",""健康"",""少于15分钟"",""简单"",""鸡胸肉"",""谷物""]"
600332,蔬菜全麦三明治,218,11.6,37,3.56,0.75,6.08,6.04,335.2,0,1,breakfast,"[{""amount"":80,""name"":""全麦吐司"",""unit"":""""},{""amount"":40,""name"":""生菜"",""unit"":""""},{""amount"":40,""name"":""番茄"",""unit"":""""},{""amount"":40,""name"":""黄瓜"",""unit"":""""}]","[""轻食"",""早餐"",""健康"",""少于15分钟"",""简单"",""谷物""]"
600333,番茄蛋三明治,324.8,21.58,37.44,11.08,3.22,5.52,5.8,435,298.4,1,breakfast,"[{""amount"":80,""name"":""全麦吐司"",""unit"":""""},{""amount"":80,""name"":""鸡蛋"",""unit"":""""},{""amount"":60,""name"":""番茄"",""unit"":""""}]","[""轻食"",""早餐"",""健康"",""少于15分钟"",""简单"",""鸡蛋"",""谷物""]"
600334,牛油果全麦吐司,229.3,8.82,29.15,9.88,1.59,6.96,3.45,243.55,0,1,breakfast,"[{""amount"":60,""name"":""全麦吐司"",""unit"":""""},{""amount"":50,""name"":""牛油果"",""unit"":""""},{""amount"":5,""name"":""柠檬汁"",""unit"":""""}]","[""轻食"",""早餐"",""健康"",""少于15分钟"",""简单"",""牛油果"",""谷物""]"
600335,花生酱全麦吐司(少),207,10.3,26.6,7.52,1.54,4.2,3.9,241.7,0,1,breakfast,"[{""amount"":60,""name"":""全麦吐司"",""unit"":""""},{""amount"":10,""name"":""花生酱"",""unit"":""""}]","[""轻食"",""早餐"",""健康"",""少于15分钟"",""简单"",""坚果"",""谷物""]"
600336,豆腐海带清汤,94.8,10.49,4.31,4.28,0.62,1.08,1.08,464.7,0,1,breakfast,"[{""amount"":120,""name"":""豆腐"",""unit"":""""},{""amount"":60,""name"":""海带"",""unit"":""""},{""amount"":10,""name"":""葱"",""unit"":""""},{""amount"":1,""name"":""盐"",""unit"":""""}]","[""轻食"",""健康"",""饮料"",""少于15分钟"",""简单"",""大豆/豆腐""]"
600337,番茄蔬菜汤,124.2,3.39,17.29,5.53,0.49,5.25,9.86,416.4,0,1,breakfast,"[{""amount"":200,""name"":""番茄"",""unit"":""""},{""amount"":50,""name"":""洋葱"",""unit"":""""},{""amount"":80,""name"":""卷心菜"",""unit"":""""},{""amount"":5,""name"":""食用油"",""unit"":""""},{""amount"":1,""name"":""盐"",""unit"":""""}]","[""轻食"",""健康"",""饮料"",""少于15分钟"",""简单"",""蔬菜""]"
600338,冬瓜汤,45.68,1.29,8.69,0.64,0.1,2.2,3.99,399.65,0,1,breakfast,"[{""amount"":300,""name"":""冬瓜"",""unit"":""""},{""amount"":5,""name"":""姜"",""unit"":""""},{""amount"":1,""name"":""盐"",""unit"":""""}]","[""轻食"",""健康"",""饮料"",""少于15分钟"",""简单"",""蔬菜""]"
600339,紫菜蛋汤(轻),111.58,8.76,3,7.73,2.15,0.65,0.2,552,223.8,1,breakfast,"[{""amount"":3,""name"":""干紫菜"",""unit"":""""},{""amount"":60,""name"":""鸡蛋"",""unit"":""""},{""amount"":2,""name"":""香油"",""unit"":""""},{""amount"":1,""name"":""盐"",""unit"":""""}]","[""轻食"",""健康"",""饮料"",""少于15分钟"",""简单"",""鸡蛋""]"
600340,南瓜汤(低脂),107,5.9,21.25,1.25,0.77,2,12,249,6,1,breakfast,"[{""amount"":250,""name"":""南瓜"",""unit"":""""},{""amount"":100,""name"":""低脂牛奶"",""unit"":""""},{""amount"":0.5,""name"":""盐"",""unit"":""""}]","[""轻食"",""健康"",""饮料"",""少于15分钟"",""简单"",""乳制品""]"
600341,蔬菜浓汤(低脂),194,10.45,35.75,2.05,1.18,5.65,12.1,496,9,1,breakfast,"[{""amount"":100,""name"":""西兰花"",""unit"":""""},{""amount"":100,""name"":""土豆"",""unit"":""""},{""amount"":50,""name"":""洋葱"",""unit"":""""},{""amount"":150,""name"":""低脂牛奶"",""unit"":""""},{""amount"":1,""name"":""盐"",""unit"":""""}]","[""轻食"",""健康"",""饮料"",""少于15分钟"",""简单"",""乳制品"",""蔬菜""]"
600342,无糖豆浆,93,9,4.5,4.8,0.6,1.2,3,9,0,1,breakfast,"[{""amount"":300,""name"":""豆浆"",""unit"":""""}]","[""轻食"",""健康"",""饮料"",""少于15分钟"",""简单"",""大豆/豆腐""]"
600343,无糖酸奶,144,5.6,26.8,2.6,1.6,0,26,92,16,1,breakfast,"[{""amount"":200,""name"":""原味酸奶"",""unit"":""""}]","[""轻食"",""健康"",""饮料"",""少于15分钟"",""简单"",""乳制品""]"
600344,黄瓜汁,32,1.4,7.2,0.2,0.04,1.4,3.4,10,0,1,breakfast,"[{""amount"":200,""name"":""黄瓜"",""unit"":""""}]","[""轻食"",""健康"",""饮料"",""少于15分钟"",""简单"",""蔬菜""]"
600345,胡萝卜苹果汁,114.5,1.65,28.2,0.5,0.09,6.6,17.45,107.5,0,1,breakfast,"[{""amount"":150,""name"":""胡萝卜"",""unit"":""""},{""amount"":100,""name"":""苹果"",""unit"":""""}]","[""轻食"",""健康"",""饮料"",""少于15分钟"",""简单"",""水果""]"
600346,番茄汁,50,2.25,10,0.5,0.07,3,6.5,12.5,0,1,breakfast,"[{""amount"":250,""name"":""番茄"",""unit"":""""}]","[""轻食"",""健康"",""饮料"",""少于15分钟"",""简单"",""蔬菜""]"
600347,柠檬水,23.17,0.34,5.25,0.09,0.01,0.85,3.21,0.72,0,1,breakfast,"[{""amount"":30,""name"":""柠檬"",""unit"":""""},{""amount"":3,""name"":""蜂蜜"",""unit"":""""}]","[""轻食"",""健康"",""饮料"",""少于15分钟"",""简单"",""水果""]"
600348,红枣枸杞茶,39.3,1.02,9.14,0.12,0.03,1.47,5.6,13.2,0,1,breakfast,"[{""amount"":10,""name"":""红枣"",""unit"":""""},{""amount"":5,""name"":""枸杞"",""unit"":""""}]","[""轻食"",""健康"",""饮料"",""少于15分钟"",""简单"",""甜味""]"
600349,柠檬薄荷水,11.71,0.41,2.28,0.11,0.02,0.9,0.52,1.95,0,1,breakfast,"[{""amount"":20,""name"":""柠檬"",""unit"":""""},{""amount"":5,""name"":""薄荷"",""unit"":""""}]","[""轻食"",""健康"",""饮料"",""少于15分钟"",""简单"",""水果""]"
600350,鸡胸肉藜麦沙拉,222.5,28.61,19.4,3.35,0.65,3.82,3.53,105.9,70,1,lunch,"[{""amount"":80,""name"":""生菜"",""unit"":""""},{""amount"":50,""name"":""小番茄"",""unit"":""""},{""amount"":50,""name"":""黄瓜"",""unit"":""""},{""amount"":100,""name"":""鸡胸肉"",""unit"":""""},{""amount"":60,""name"":""熟藜麦"",""unit"":""""}]","[""轻食"",""沙拉"",""健康"",""低胆固醇"",""少于15分钟"",""简单"",""午餐/零食"",""高蛋白"",""鸡胸肉"",""谷物""]"
600351,燕麦香蕉杯,298,9.2,58.16,4.06,1.34,6.32,23.16,49.2,8,1,breakfast,"[{""amount"":40,""name"":""干燕麦片"",""unit"":""""},{""amount"":100,""name"":""原味酸奶"",""unit"":""""},{""amount"":80,""name"":""香蕉"",""unit"":""""}]","[""轻食"",""早餐"",""健康"",""少于15分钟"",""简单"",""谷物"",""乳制品"",""水果""]"
600352,苹果胡萝卜汁,104.6,1.26,26.16,0.44,0.08,5.68,17.18,72.2,0,1,breakfast,"[{""amount"":120,""name"":""苹果"",""unit"":""""},{""amount"":100,""name"":""胡萝卜"",""unit"":""""}]","[""轻食"",""健康"",""饮料"",""少于15分钟"",""简单"",""水果""]"
600353,味噌汤,116.7,10.93,8.48,4.75,0.71,1.63,1.29,781,0,1,dinner,"[{""amount"":20,""name"":""味噌"",""unit"":""""},{""amount"":100,""name"":""豆腐"",""unit"":""""},{""amount"":30,""name"":""海带"",""unit"":""""},{""amount"":10,""name"":""葱"",""unit"":""""}]","[""日语"",""亚洲"",""汤"",""清汤"",""蔬菜"",""健康"",""少于15分钟"",""炉灶顶"",""简单"",""便宜"",""大豆/豆腐""]"
600354,茶碗蒸(日式蒸蛋),184.65,21.44,5.16,9.69,3.15,0.6,0.8,558,431.5,1,breakfast,"[{""amount"":100,""name"":""鸡蛋"",""unit"":""""},{""amount"":30,""name"":""香菇"",""unit"":""""},{""amount"":30,""name"":""虾仁"",""unit"":""""},{""amount"":5,""name"":""酱油"",""unit"":""""},{""amount"":0.3,""name"":""盐"",""unit"":""""}]","[""日语"",""亚洲"",""鸡蛋"",""高蛋白"",""健康"",""蒸汽"",""少于30分钟"",""简单"",""早餐"",""海鲜""]"
600355,亲子丼(轻),379.84,32.08,45.98,7.73,2.35,1.3,2.51,552.7,279.8,1,lunch,"[{""amount"":150,""name"":""熟米饭"",""unit"":""""},{""amount"":80,""name"":""鸡胸肉"",""unit"":""""},{""amount"":60,""name"":""鸡蛋"",""unit"":""""},{""amount"":50,""name"":""洋葱"",""unit"":""""},{""amount"":8,""name"":""酱油"",""unit"":""""}]","[""日语"",""亚洲"",""鸡胸肉"",""禽肉"",""鸡蛋"",""谷物"",""高蛋白"",""健康"",""少于30分钟"",""炉灶顶"",""简单""]"
600356,牛丼(轻),320.3,21.34,49.29,4.14,1.54,1.81,5.61,558.72,48,1,lunch,"[{""amount"":150,""name"":""熟米饭"",""unit"":""""},{""amount"":80,""name"":""瘦牛肉"",""unit"":""""},{""amount"":80,""name"":""洋葱"",""unit"":""""},{""amount"":10,""name"":""酱油"",""unit"":""""},{""amount"":2,""name"":""白糖"",""unit"":""""}]","[""日语"",""亚洲"",""肉"",""谷物"",""高蛋白"",""少于30分钟"",""炉灶顶"",""简单""]"
600357,照烧鸡腿(低糖),326.7,40.45,4.5,15.07,3.42,0.04,3,430,200,1,lunch,"[{""amount"":200,""name"":""鸡腿肉"",""unit"":""""},{""amount"":15,""name"":""照烧汁"",""unit"":""""},{""amount"":5,""name"":""食用油"",""unit"":""""}]","[""日语"",""亚洲"",""鸡肉"",""禽肉"",""高蛋白"",""健康"",""少于30分钟"",""炉灶顶"",""简单"",""甜味"",""咸味""]"
600358,盐烤秋刀鱼,382.2,40.04,1,24.02,5.6,0.02,0.2,650.1,120,1,lunch,"[{""amount"":200,""name"":""秋刀鱼"",""unit"":""""},{""amount"":1,""name"":""盐"",""unit"":""""},{""amount"":10,""name"":""柠檬汁"",""unit"":""""}]","[""日语"",""亚洲"",""海鲜"",""高蛋白"",""高含量..."",""健康"",""少于30分钟"",""烤箱"",""简单""]"
600359,日式冷奴(凉拌豆腐),197.06,21.71,9.06,8.85,1.27,2.18,1.77,699.55,0,1,snack,"[{""amount"":250,""name"":""豆腐"",""unit"":""""},{""amount"":10,""name"":""葱"",""unit"":""""},{""amount"":12,""name"":""酱油"",""unit"":""""},{""amount"":5,""name"":""姜"",""unit"":""""},{""amount"":3,""name"":""海苔"",""unit"":""""}]","[""日语"",""亚洲"",""大豆/豆腐"",""豆类"",""纯素"",""免煮"",""少于15分钟"",""简单"",""蔬菜""]"
600360,日式蔬菜煮,133.3,4.48,19.18,5.52,0.5,6.14,7.91,584.3,0,1,dinner,"[{""amount"":80,""name"":""胡萝卜"",""unit"":""""},{""amount"":100,""name"":""白萝卜"",""unit"":""""},{""amount"":50,""name"":""香菇"",""unit"":""""},{""amount"":50,""name"":""荷兰豆"",""unit"":""""},{""amount"":10,""name"":""酱油"",""unit"":""""},{""amount"":5,""name"":""食用油"",""unit"":""""}]","[""日语"",""亚洲"",""蔬菜"",""纯素"",""低胆固醇"",""健康"",""少于30分钟"",""炉灶顶"",""简单""]"
600361,关东煮(蔬菜),132.54,12.2,13.4,4.86,0.77,4.45,4.33,494,0,1,snack,"[{""amount"":150,""name"":""白萝卜"",""unit"":""""},{""amount"":50,""name"":""海带"",""unit"":""""},{""amount"":100,""name"":""豆腐"",""unit"":""""},{""amount"":50,""name"":""香菇"",""unit"":""""},{""amount"":8,""name"":""酱油"",""unit"":""""}]","[""日语"",""亚洲"",""蔬菜"",""大豆/豆腐"",""纯素"",""健康"",""少于30分钟"",""炉灶顶"",""简单""]"
600362,三文鱼刺身,323.56,31.36,2.09,20.15,4.51,0.1,0.21,689.15,82.5,1,lunch,"[{""amount"":150,""name"":""三文鱼"",""unit"":""""},{""amount"":12,""name"":""酱油"",""unit"":""""},{""amount"":5,""name"":""姜"",""unit"":""""}]","[""日语"",""亚洲"",""海鲜"",""三文鱼"",""高蛋白"",""高含量..."",""免煮"",""少于15分钟"",""简单""]"
600363,金枪鱼刺身,185.56,39.76,2.09,1.55,0.46,0.1,0.21,1080.65,45,1,lunch,"[{""amount"":150,""name"":""金枪鱼"",""unit"":""""},{""amount"":12,""name"":""酱油"",""unit"":""""},{""amount"":5,""name"":""姜"",""unit"":""""}]","[""日语"",""亚洲"",""海鲜"",""金枪鱼"",""高蛋白"",""免煮"",""少于15分钟"",""简单""]"
600364,蔬菜寿司卷,214.98,5.99,47.53,0.65,0.12,3.07,3.31,169.06,0,1,snack,"[{""amount"":150,""name"":""熟米饭"",""unit"":""""},{""amount"":60,""name"":""黄瓜"",""unit"":""""},{""amount"":40,""name"":""胡萝卜"",""unit"":""""},{""amount"":5,""name"":""海苔"",""unit"":""""},{""amount"":8,""name"":""米醋"",""unit"":""""}]","[""日语"",""亚洲"",""蔬菜"",""谷物"",""纯素"",""健康"",""少于30分钟"",""简单""]"
600365,黄瓜寿司卷,201.78,5.77,44.41,0.59,0.11,2.09,1.78,141.66,0,1,snack,"[{""amount"":150,""name"":""熟米饭"",""unit"":""""},{""amount"":80,""name"":""黄瓜"",""unit"":""""},{""amount"":5,""name"":""海苔"",""unit"":""""},{""amount"":8,""name"":""米醋"",""unit"":""""}]","[""日语"",""亚洲"",""蔬菜"",""谷物"",""纯素"",""少于30分钟"",""简单""]"
600366,玉子烧,275.35,20.23,7.7,19.26,5.05,0,3.5,460.03,559.5,1,breakfast,"[{""amount"":150,""name"":""鸡蛋"",""unit"":""""},{""amount"":5,""name"":""酱油"",""unit"":""""},{""amount"":3,""name"":""白糖"",""unit"":""""},{""amount"":5,""name"":""食用油"",""unit"":""""}]","[""日语"",""亚洲"",""鸡蛋"",""高蛋白"",""早餐"",""少于15分钟"",""炉灶顶"",""简单""]"
600367,日式炒时蔬,142.76,3.85,15.8,8.31,0.7,5.85,8.23,466.5,0,1,dinner,"[{""amount"":150,""name"":""卷心菜"",""unit"":""""},{""amount"":50,""name"":""胡萝卜"",""unit"":""""},{""amount"":50,""name"":""绿豆芽"",""unit"":""""},{""amount"":8,""name"":""食用油"",""unit"":""""},{""amount"":8,""name"":""酱油"",""unit"":""""}]","[""日语"",""亚洲"",""蔬菜"",""纯素"",""低胆固醇"",""健康"",""少于15分钟"",""炉灶顶"",""炒"",""简单""]"
600368,味噌烤茄子,131.55,4.55,18.15,6.4,0.65,8.1,7.8,562.5,0,1,dinner,"[{""amount"":250,""name"":""茄子"",""unit"":""""},{""amount"":15,""name"":""味噌"",""unit"":""""},{""amount"":5,""name"":""食用油"",""unit"":""""}]","[""日语"",""亚洲"",""蔬菜"",""纯素"",""健康"",""少于30分钟"",""烤箱"",""简单""]"
600369,日式荞麦面,200.63,10.98,42.47,0.26,0.05,4.43,1.06,1027.06,0,1,lunch,"[{""amount"":180,""name"":""熟荞麦面"",""unit"":""""},{""amount"":3,""name"":""海苔"",""unit"":""""},{""amount"":10,""name"":""葱"",""unit"":""""},{""amount"":15,""name"":""酱油"",""unit"":""""},{""amount"":8,""name"":""米醋"",""unit"":""""}]","[""日语"",""亚洲"",""谷物"",""蔬菜"",""健康"",""少于15分钟"",""炉灶顶"",""简单""]"
600370,乌冬面(清汤),228.6,8.03,46.04,1.31,0.25,4.12,2.91,1492.5,0,1,lunch,"[{""amount"":200,""name"":""熟乌冬面"",""unit"":""""},{""amount"":80,""name"":""小白菜"",""unit"":""""},{""amount"":30,""name"":""胡萝卜"",""unit"":""""},{""amount"":10,""name"":""酱油"",""unit"":""""},{""amount"":0.8,""name"":""盐"",""unit"":""""}]","[""日语"",""亚洲"",""谷物"",""蔬菜"",""健康"",""少于15分钟"",""炉灶顶"",""简单"",""清汤""]"
600371,日式茶泡饭,191.45,5.32,42.25,0.52,0.09,1.68,0.93,707.5,0,1,breakfast,"[{""amount"":150,""name"":""熟米饭"",""unit"":""""},{""amount"":5,""name"":""海苔"",""unit"":""""},{""amount"":15,""name"":""梅子"",""unit"":""""},{""amount"":0.5,""name"":""盐"",""unit"":""""}]","[""日语"",""亚洲"",""谷物"",""早餐"",""健康"",""少于15分钟"",""简单""]"
600372,纳豆拌饭(轻),288.04,13.52,46.8,5.98,0.88,3.13,3.03,411.9,0,1,breakfast,"[{""amount"":150,""name"":""熟米饭"",""unit"":""""},{""amount"":50,""name"":""纳豆"",""unit"":""""},{""amount"":8,""name"":""酱油"",""unit"":""""},{""amount"":10,""name"":""葱"",""unit"":""""}]","[""日语"",""亚洲"",""大豆/豆腐"",""豆类"",""谷物"",""高蛋白"",""早餐"",""少于15分钟"",""简单""]"
600373,梅子饭团,191.45,5.32,42.25,0.52,0.09,1.68,0.93,512.5,0,1,breakfast,"[{""amount"":150,""name"":""熟米饭"",""unit"":""""},{""amount"":15,""name"":""梅子"",""unit"":""""},{""amount"":5,""name"":""海苔"",""unit"":""""}]","[""日语"",""亚洲"",""谷物"",""早餐"",""少于15分钟"",""简单""]"
600374,三文鱼饭团,290.5,15.4,41.05,7.21,1.59,1.53,0.18,167,27.5,1,breakfast,"[{""amount"":150,""name"":""熟米饭"",""unit"":""""},{""amount"":50,""name"":""三文鱼"",""unit"":""""},{""amount"":5,""name"":""海苔"",""unit"":""""}]","[""日语"",""亚洲"",""谷物"",""海鲜"",""早餐"",""少于15分钟"",""简单""]"
600375,日式海带丝,56.93,3.32,5.83,2.67,0.4,1.35,0.8,661.21,0,1,snack,"[{""amount"":150,""name"":""海带"",""unit"":""""},{""amount"":10,""name"":""酱油"",""unit"":""""},{""amount"":8,""name"":""米醋"",""unit"":""""},{""amount"":5,""name"":""白芝麻"",""unit"":""""}]","[""日语"",""亚洲"",""蔬菜"",""纯素"",""免煮"",""少于15分钟"",""简单""]"
600376,日式萝卜煮,102.5,2.31,13.25,5.26,0.45,4,7.85,550.03,0,1,dinner,"[{""amount"":250,""name"":""白萝卜"",""unit"":""""},{""amount"":10,""name"":""酱油"",""unit"":""""},{""amount"":3,""name"":""白糖"",""unit"":""""},{""amount"":5,""name"":""食用油"",""unit"":""""}]","[""日语"",""亚洲"",""蔬菜"",""纯素"",""低胆固醇"",""少于30分钟"",""炉灶顶"",""简单""]"
600377,昆布豆皮卷,224.8,20.85,12.54,12.9,1.94,1.55,1.14,578.15,0,1,snack,"[{""amount"":80,""name"":""豆腐皮"",""unit"":""""},{""amount"":50,""name"":""海带"",""unit"":""""},{""amount"":10,""name"":""酱油"",""unit"":""""},{""amount"":5,""name"":""姜"",""unit"":""""}]","[""日语"",""亚洲"",""大豆/豆腐"",""蔬菜"",""纯素"",""少于15分钟"",""简单""]"
600378,日式涮菜锅,225,29.3,12,8.05,2.1,5.25,3.6,531,48,1,dinner,"[{""amount"":200,""name"":""娃娃菜"",""unit"":""""},{""amount"":100,""name"":""豆腐"",""unit"":""""},{""amount"":50,""name"":""香菇"",""unit"":""""},{""amount"":50,""name"":""金针菇"",""unit"":""""},{""amount"":80,""name"":""瘦牛肉"",""unit"":""""},{""amount"":1,""name"":""盐"",""unit"":""""}]","[""日语"",""亚洲"",""蔬菜"",""大豆/豆腐"",""肉"",""健康"",""少于30分钟"",""炉灶顶"",""简单""]"
600379,日式蒸西兰花,140.43,8.51,18.7,3.51,0.6,7.1,4.36,583.05,0,1,dinner,"[{""amount"":250,""name"":""西兰花"",""unit"":""""},{""amount"":10,""name"":""酱油"",""unit"":""""},{""amount"":5,""name"":""白芝麻"",""unit"":""""}]","[""日语"",""亚洲"",""蔬菜"",""纯素"",""低胆固醇"",""健康"",""蒸汽"",""少于15分钟"",""简单""]"
600380,和风沙拉,81.72,2.38,7.4,5.33,0.75,1.99,3.11,427.56,0,1,lunch,"[{""amount"":80,""name"":""生菜"",""unit"":""""},{""amount"":50,""name"":""黄瓜"",""unit"":""""},{""amount"":50,""name"":""番茄"",""unit"":""""},{""amount"":8,""name"":""酱油"",""unit"":""""},{""amount"":8,""name"":""米醋"",""unit"":""""},{""amount"":5,""name"":""橄榄油"",""unit"":""""}]","[""日语"",""亚洲"",""沙拉"",""蔬菜"",""纯素"",""健康"",""免煮"",""少于15分钟"",""简单""]"
600381,日式芝麻酱菠菜,132.04,7.95,11.8,6.61,0.94,4.9,3.08,574.02,0,1,dinner,"[{""amount"":200,""name"":""菠菜"",""unit"":""""},{""amount"":10,""name"":""芝麻酱"",""unit"":""""},{""amount"":8,""name"":""酱油"",""unit"":""""},{""amount"":2,""name"":""白糖"",""unit"":""""}]","[""日语"",""亚洲"",""蔬菜"",""纯素"",""高纤维"",""健康"",""少于15分钟"",""简单""]"
600382,日式凉拌秋葵,115.43,5.31,17,2.91,0.45,7,5.31,516.55,0,1,snack,"[{""amount"":200,""name"":""秋葵"",""unit"":""""},{""amount"":10,""name"":""酱油"",""unit"":""""},{""amount"":5,""name"":""白芝麻"",""unit"":""""}]","[""日语"",""亚洲"",""蔬菜"",""纯素"",""免煮"",""少于15分钟"",""简单""]"
600383,日式土豆沙拉(轻),198,5.75,42.5,0.9,0.45,4.75,8.95,347.5,4,1,snack,"[{""amount"":200,""name"":""土豆"",""unit"":""""},{""amount"":50,""name"":""黄瓜"",""unit"":""""},{""amount"":50,""name"":""原味酸奶"",""unit"":""""},{""amount"":0.8,""name"":""盐"",""unit"":""""}]","[""日语"",""亚洲"",""土豆"",""蔬菜"",""健康"",""少于30分钟"",""简单""]"
600384,日式咖喱蔬菜(低油),238.1,5.39,42.23,6.16,0.64,7.99,7.46,71.1,0,1,dinner,"[{""amount"":80,""name"":""胡萝卜"",""unit"":""""},{""amount"":150,""name"":""土豆"",""unit"":""""},{""amount"":50,""name"":""洋葱"",""unit"":""""},{""amount"":8,""name"":""咖喱粉"",""unit"":""""},{""amount"":5,""name"":""食用油"",""unit"":""""}]","[""日语"",""亚洲"",""蔬菜"",""纯素"",""咖喱"",""健康"",""少于30分钟"",""炉灶顶"",""简单""]"
600385,豆腐皮寿司,342.3,18.87,48.93,10.11,1.53,2.19,2.16,46.8,0,1,snack,"[{""amount"":60,""name"":""豆腐皮"",""unit"":""""},{""amount"":150,""name"":""熟米饭"",""unit"":""""},{""amount"":30,""name"":""胡萝卜"",""unit"":""""}]","[""日语"",""亚洲"",""大豆/豆腐"",""谷物"",""纯素"",""少于30分钟"",""简单""]"
600386,日式鸡蛋卷,271.35,20.23,6.7,19.26,5.05,0,2.5,460.02,559.5,1,breakfast,"[{""amount"":150,""name"":""鸡蛋"",""unit"":""""},{""amount"":5,""name"":""酱油"",""unit"":""""},{""amount"":2,""name"":""白糖"",""unit"":""""},{""amount"":5,""name"":""食用油"",""unit"":""""}]","[""日语"",""亚洲"",""鸡蛋"",""高蛋白"",""早餐"",""少于15分钟"",""炉灶顶"",""简单""]"
600387,日式烤青花鱼,256.2,35.44,6.8,9.82,2.4,0.02,0.2,690.1,152,1,lunch,"[{""amount"":200,""name"":""带鱼"",""unit"":""""},{""amount"":1,""name"":""盐"",""unit"":""""},{""amount"":10,""name"":""柠檬汁"",""unit"":""""}]","[""日语"",""亚洲"",""海鲜"",""高蛋白"",""高含量..."",""少于30分钟"",""烤箱"",""简单""]"
600388,日式酱油拉面(清汤),384.36,30.17,48.4,7.1,2.08,3.5,1.07,1308.9,228.5,1,lunch,"[{""amount"":200,""name"":""熟面条"",""unit"":""""},{""amount"":60,""name"":""鸡胸肉"",""unit"":""""},{""amount"":50,""name"":""鸡蛋"",""unit"":""""},{""amount"":50,""name"":""菠菜"",""unit"":""""},{""amount"":12,""name"":""酱油"",""unit"":""""},{""amount"":0.8,""name"":""盐"",""unit"":""""}]","[""日语"",""亚洲"",""谷物"",""鸡蛋"",""禽肉"",""高蛋白"",""少于30分钟"",""炉灶顶"",""简单""]"
600389,日式鸡肉丸子汤,205.54,38.79,4.69,3.35,0.83,1.9,1.37,883.65,105,1,dinner,"[{""amount"":150,""name"":""鸡胸肉"",""unit"":""""},{""amount"":150,""name"":""娃娃菜"",""unit"":""""},{""amount"":5,""name"":""姜"",""unit"":""""},{""amount"":8,""name"":""酱油"",""unit"":""""},{""amount"":0.8,""name"":""盐"",""unit"":""""}]","[""日语"",""亚洲"",""鸡肉"",""禽肉"",""汤"",""高蛋白"",""少于30分钟"",""炉灶顶"",""简单""]"
600390,日式蒸南瓜,113.41,3.9,18.25,2.76,0.43,2.6,7.09,410.55,0,1,dinner,"[{""amount"":250,""name"":""南瓜"",""unit"":""""},{""amount"":8,""name"":""酱油"",""unit"":""""},{""amount"":5,""name"":""白芝麻"",""unit"":""""}]","[""日语"",""亚洲"",""蔬菜"",""纯素"",""蒸汽"",""少于30分钟"",""简单""]"
600391,日式凉拌豆腐,194.06,21.54,8.41,8.83,1.27,2,1.47,698.65,0,1,snack,"[{""amount"":250,""name"":""豆腐"",""unit"":""""},{""amount"":5,""name"":""姜"",""unit"":""""},{""amount"":12,""name"":""酱油"",""unit"":""""},{""amount"":3,""name"":""海苔"",""unit"":""""}]","[""日语"",""亚洲"",""大豆/豆腐"",""纯素"",""免煮"",""少于15分钟"",""简单""]"
600392,日式海藻沙拉,63.88,2.01,5.18,4.17,0.6,0.85,1.47,509.66,0,1,snack,"[{""amount"":100,""name"":""海带"",""unit"":""""},{""amount"":50,""name"":""黄瓜"",""unit"":""""},{""amount"":8,""name"":""米醋"",""unit"":""""},{""amount"":8,""name"":""酱油"",""unit"":""""},{""amount"":4,""name"":""香油"",""unit"":""""}]","[""日语"",""亚洲"",""沙拉"",""蔬菜"",""纯素"",""免煮"",""少于15分钟"",""简单""]"
600393,日式蛋包饭(轻),372.2,17.65,43.65,15.05,3.59,1.05,1.75,462,373,1,lunch,"[{""amount"":150,""name"":""熟米饭"",""unit"":""""},{""amount"":100,""name"":""鸡蛋"",""unit"":""""},{""amount"":50,""name"":""番茄"",""unit"":""""},{""amount"":5,""name"":""食用油"",""unit"":""""},{""amount"":0.8,""name"":""盐"",""unit"":""""}]","[""日语"",""亚洲"",""谷物"",""鸡蛋"",""早餐"",""少于30分钟"",""炉灶顶"",""简单""]"
600394,日式鸡肉丸子,286.2,52.25,2.38,6.71,1.94,0.28,0.48,581.55,251.9,1,dinner,"[{""amount"":200,""name"":""鸡胸肉"",""unit"":""""},{""amount"":30,""name"":""鸡蛋"",""unit"":""""},{""amount"":10,""name"":""葱"",""unit"":""""},{""amount"":5,""name"":""姜"",""unit"":""""},{""amount"":1,""name"":""盐"",""unit"":""""}]","[""日语"",""亚洲"",""鸡肉"",""禽肉"",""高蛋白"",""少于30分钟"",""炉灶顶"",""简单""]"
600395,日式味噌烤豆腐,284.05,24.3,11.4,17.15,2.3,2.6,1.55,575,0,1,dinner,"[{""amount"":250,""name"":""豆腐"",""unit"":""""},{""amount"":15,""name"":""味噌"",""unit"":""""},{""amount"":5,""name"":""食用油"",""unit"":""""}]","[""日语"",""亚洲"",""大豆/豆腐"",""纯素"",""少于30分钟"",""烤箱"",""简单""]"
600396,日式凉拌山药,129.02,5.04,27.4,0.45,0.11,2.25,1.53,498.16,0,1,snack,"[{""amount"":200,""name"":""山药"",""unit"":""""},{""amount"":8,""name"":""酱油"",""unit"":""""},{""amount"":8,""name"":""米醋"",""unit"":""""},{""amount"":3,""name"":""海苔"",""unit"":""""}]","[""日语"",""亚洲"",""蔬菜"",""纯素"",""免煮"",""少于15分钟"",""简单""]"
600397,日式豆腐锅,193.54,21,13.8,7.81,1.13,5.15,3.78,793,0,1,dinner,"[{""amount"":200,""name"":""豆腐"",""unit"":""""},{""amount"":150,""name"":""娃娃菜"",""unit"":""""},{""amount"":50,""name"":""香菇"",""unit"":""""},{""amount"":50,""name"":""金针菇"",""unit"":""""},{""amount"":8,""name"":""酱油"",""unit"":""""},{""amount"":0.8,""name"":""盐"",""unit"":""""}]","[""日语"",""亚洲"",""大豆/豆腐"",""蔬菜"",""纯素"",""健康"",""少于30分钟"",""炉灶顶"",""简单""]"
600398,韩式蔬菜拌饭,314.84,15.89,50.22,6.59,2.01,4.37,4.24,916.4,223.8,1,lunch,"[{""amount"":150,""name"":""熟米饭"",""unit"":""""},{""amount"":50,""name"":""菠菜"",""unit"":""""},{""amount"":50,""name"":""绿豆芽"",""unit"":""""},{""amount"":40,""name"":""胡萝卜"",""unit"":""""},{""amount"":60,""name"":""鸡蛋"",""unit"":""""},{""amount"":50,""name"":""泡菜"",""unit"":""""},{""amount"":8,""name"":""酱油"",""unit"":""""}]","[""韩式"",""亚洲"",""谷物"",""蔬菜"",""鸡蛋"",""健康"",""少于30分钟"",""炉灶顶"",""简单""]"
600399,泡菜豆腐汤,216.2,18.4,9.8,12.36,1.45,3.95,2.95,890.5,0,1,dinner,"[{""amount"":80,""name"":""泡菜"",""unit"":""""},{""amount"":200,""name"":""豆腐"",""unit"":""""},{""amount"":50,""name"":""金针菇"",""unit"":""""},{""amount"":5,""name"":""食用油"",""unit"":""""},{""amount"":0.8,""name"":""盐"",""unit"":""""}]","[""韩式"",""亚洲"",""大豆/豆腐"",""蔬菜"",""汤"",""辣味"",""健康"",""少于30分钟"",""炉灶顶"",""简单""]"
600400,韩式豆腐锅,249.7,21.15,12.9,14.42,1.86,4.3,3.7,808,0,1,dinner,"[{""amount"":200,""name"":""豆腐"",""unit"":""""},{""amount"":150,""name"":""白菜"",""unit"":""""},{""amount"":60,""name"":""泡菜"",""unit"":""""},{""amount"":5,""name"":""食用油"",""unit"":""""},{""amount"":0.8,""name"":""盐"",""unit"":""""}]","[""韩式"",""亚洲"",""大豆/豆腐"",""蔬菜"",""汤"",""健康"",""少于30分钟"",""炉灶顶"",""简单""]"
600401,海带汤,139.64,12.29,6.21,7.41,1.64,0.71,0.48,538.7,30,1,dinner,"[{""amount"":100,""name"":""海带"",""unit"":""""},{""amount"":50,""name"":""瘦牛肉"",""unit"":""""},{""amount"":10,""name"":""蒜"",""unit"":""""},{""amount"":8,""name"":""酱油"",""unit"":""""},{""amount"":5,""name"":""香油"",""unit"":""""}]","[""韩式"",""亚洲"",""汤"",""海鲜"",""肉"",""健康"",""少于30分钟"",""炉灶顶"",""简单""]"
600402,韩式大酱汤,176,16.63,14.89,6.78,1.02,3.53,3.8,760.2,0,1,dinner,"[{""amount"":20,""name"":""味噌"",""unit"":""""},{""amount"":150,""name"":""豆腐"",""unit"":""""},{""amount"":80,""name"":""西葫芦"",""unit"":""""},{""amount"":50,""name"":""香菇"",""unit"":""""},{""amount"":10,""name"":""葱"",""unit"":""""}]","[""韩式"",""亚洲"",""大豆/豆腐"",""蔬菜"",""汤"",""纯素"",""健康"",""少于30分钟"",""炉灶顶"",""简单""]"
600403,泡菜汤(低脂),185.2,14.7,9.5,10.65,1.21,4.1,3,1026.5,0,1,dinner,"[{""amount"":100,""name"":""泡菜"",""unit"":""""},{""amount"":150,""name"":""豆腐"",""unit"":""""},{""amount"":50,""name"":""金针菇"",""unit"":""""},{""amount"":5,""name"":""食用油"",""unit"":""""},{""amount"":0.8,""name"":""盐"",""unit"":""""}]","[""韩式"",""亚洲"",""大豆/豆腐"",""汤"",""辣味"",""健康"",""少于30分钟"",""炉灶顶"",""简单""]"
600404,韩式凉拌菠菜,150.05,7.95,12.71,8.36,1.2,5.21,1.01,672.25,0,1,snack,"[{""amount"":200,""name"":""菠菜"",""unit"":""""},{""amount"":10,""name"":""蒜"",""unit"":""""},{""amount"":10,""name"":""酱油"",""unit"":""""},{""amount"":5,""name"":""香油"",""unit"":""""},{""amount"":5,""name"":""白芝麻"",""unit"":""""}]","[""韩式"",""亚洲"",""蔬菜"",""纯素"",""免煮"",""少于15分钟"",""简单""]"
600405,韩式凉拌豆芽,110.4,6.2,11.81,5.31,0.76,3.71,5.2,521.7,0,1,snack,"[{""amount"":250,""name"":""绿豆芽"",""unit"":""""},{""amount"":10,""name"":""蒜"",""unit"":""""},{""amount"":10,""name"":""酱油"",""unit"":""""},{""amount"":5,""name"":""香油"",""unit"":""""}]","[""韩式"",""亚洲"",""蔬菜"",""纯素"",""免煮"",""少于15分钟"",""简单""]"
600406,韩式蔬菜煎饼(少油),518.42,21.26,81.24,15.51,2.65,12.9,5.1,425.3,186.5,1,lunch,"[{""amount"":100,""name"":""全麦面粉"",""unit"":""""},{""amount"":80,""name"":""西葫芦"",""unit"":""""},{""amount"":50,""name"":""胡萝卜"",""unit"":""""},{""amount"":50,""name"":""鸡蛋"",""unit"":""""},{""amount"":8,""name"":""食用油"",""unit"":""""},{""amount"":0.8,""name"":""盐"",""unit"":""""}]","[""韩式"",""亚洲"",""蔬菜"",""谷物"",""鸡蛋"",""健康"",""少于30分钟"",""炉灶顶"",""简单""]"
600407,韩式烤鸡胸,329.46,61.4,7.4,4.85,1.27,0.31,2.3,787.37,175,1,lunch,"[{""amount"":250,""name"":""鸡胸肉"",""unit"":""""},{""amount"":12,""name"":""酱油"",""unit"":""""},{""amount"":10,""name"":""蒜"",""unit"":""""},{""amount"":5,""name"":""姜"",""unit"":""""},{""amount"":2,""name"":""白糖"",""unit"":""""}]","[""韩式"",""亚洲"",""鸡胸肉"",""禽肉"",""高蛋白"",""少于30分钟"",""烤箱"",""简单""]"
600408,韩式辣炒年糕(低卡),388.5,8.95,75.39,6.39,0.63,5,5.41,880.4,0,1,lunch,"[{""amount"":200,""name"":""年糕"",""unit"":""""},{""amount"":80,""name"":""卷心菜"",""unit"":""""},{""amount"":50,""name"":""泡菜"",""unit"":""""},{""amount"":10,""name"":""酱油"",""unit"":""""},{""amount"":5,""name"":""食用油"",""unit"":""""}]","[""韩式"",""亚洲"",""谷物"",""蔬菜"",""辣味"",""少于30分钟"",""炉灶顶"",""炒"",""简单""]"
600409,韩式蔬菜包饭,218.94,7.14,47.61,0.81,0.13,2.96,1.88,787.2,0,1,lunch,"[{""amount"":150,""name"":""熟米饭"",""unit"":""""},{""amount"":100,""name"":""生菜"",""unit"":""""},{""amount"":10,""name"":""蒜"",""unit"":""""},{""amount"":50,""name"":""泡菜"",""unit"":""""},{""amount"":8,""name"":""酱油"",""unit"":""""}]","[""韩式"",""亚洲"",""谷物"",""蔬菜"",""健康"",""少于15分钟"",""简单""]"
600410,紫菜包饭(蔬菜),214.98,5.99,47.53,0.65,0.12,3.07,3.31,169.06,0,1,snack,"[{""amount"":150,""name"":""熟米饭"",""unit"":""""},{""amount"":60,""name"":""黄瓜"",""unit"":""""},{""amount"":40,""name"":""胡萝卜"",""unit"":""""},{""amount"":5,""name"":""海苔"",""unit"":""""},{""amount"":8,""name"":""米醋"",""unit"":""""}]","[""韩式"",""亚洲"",""谷物"",""蔬菜"",""纯素"",""少于30分钟"",""简单""]"
600411,金枪鱼紫菜包饭,253.38,18.49,42.97,1.05,0.25,1.81,1.1,299.66,15,1,snack,"[{""amount"":150,""name"":""熟米饭"",""unit"":""""},{""amount"":50,""name"":""金枪鱼"",""unit"":""""},{""amount"":40,""name"":""黄瓜"",""unit"":""""},{""amount"":5,""name"":""海苔"",""unit"":""""},{""amount"":8,""name"":""米醋"",""unit"":""""}]","[""韩式"",""亚洲"",""谷物"",""金枪鱼"",""海鲜"",""少于30分钟"",""简单""]"
600412,韩式荞麦冷面,204.98,10.85,43.55,0.35,0.06,4.95,2.3,1245.66,0,1,lunch,"[{""amount"":180,""name"":""熟荞麦面"",""unit"":""""},{""amount"":50,""name"":""黄瓜"",""unit"":""""},{""amount"":50,""name"":""泡菜"",""unit"":""""},{""amount"":10,""name"":""酱油"",""unit"":""""},{""amount"":8,""name"":""米醋"",""unit"":""""},{""amount"":0.5,""name"":""盐"",""unit"":""""}]","[""韩式"",""亚洲"",""谷物"",""蔬菜"",""健康"",""夏季"",""少于15分钟"",""简单""]"
600413,韩式冷面(蔬菜),227.22,10.79,49.55,0.38,0.06,6.05,7.03,881.16,0,1,lunch,"[{""amount"":180,""name"":""熟荞麦面"",""unit"":""""},{""amount"":50,""name"":""梨"",""unit"":""""},{""amount"":50,""name"":""黄瓜"",""unit"":""""},{""amount"":40,""name"":""泡菜"",""unit"":""""},{""amount"":8,""name"":""酱油"",""unit"":""""},{""amount"":8,""name"":""米醋"",""unit"":""""}]","[""韩式"",""亚洲"",""谷物"",""蔬菜"",""水果"",""夏季"",""少于15分钟"",""简单""]"
600414,泡菜炒饭(少油),364.2,13.05,56,10.51,2.07,2.2,1.55,835,186.5,1,lunch,"[{""amount"":200,""name"":""熟米饭"",""unit"":""""},{""amount"":80,""name"":""泡菜"",""unit"":""""},{""amount"":50,""name"":""鸡蛋"",""unit"":""""},{""amount"":5,""name"":""食用油"",""unit"":""""},{""amount"":0.5,""name"":""盐"",""unit"":""""}]","[""韩式"",""亚洲"",""谷物"",""鸡蛋"",""辣味"",""少于15分钟"",""炉灶顶"",""炒"",""简单""]"
600415,大酱炒时蔬,127.05,4.05,15.35,6.3,0.64,3.35,5.9,564.5,0,1,dinner,"[{""amount"":100,""name"":""西葫芦"",""unit"":""""},{""amount"":50,""name"":""洋葱"",""unit"":""""},{""amount"":50,""name"":""彩椒"",""unit"":""""},{""amount"":15,""name"":""味噌"",""unit"":""""},{""amount"":5,""name"":""食用油"",""unit"":""""}]","[""韩式"",""亚洲"",""蔬菜"",""纯素"",""健康"",""少于15分钟"",""炉灶顶"",""炒"",""简单""]"
600416,韩式蒸蛋,219,20.12,4.85,14.27,4.65,0.18,0.75,522.9,559.5,1,breakfast,"[{""amount"":150,""name"":""鸡蛋"",""unit"":""""},{""amount"":10,""name"":""葱"",""unit"":""""},{""amount"":0.8,""name"":""盐"",""unit"":""""}]","[""韩式"",""亚洲"",""鸡蛋"",""高蛋白"",""早餐"",""蒸汽"",""少于15分钟"",""简单""]"
600417,海苔蛋卷,185.3,17.26,5.56,11.46,3.73,1.08,0.39,493,447.6,1,breakfast,"[{""amount"":120,""name"":""鸡蛋"",""unit"":""""},{""amount"":5,""name"":""海苔"",""unit"":""""},{""amount"":0.5,""name"":""盐"",""unit"":""""}]","[""韩式"",""亚洲"",""鸡蛋"",""早餐"",""少于15分钟"",""炉灶顶"",""简单""]"
600418,泡菜炖豆腐,285.1,24.34,13.61,16.46,2.18,3.81,2.55,776.7,0,1,dinner,"[{""amount"":80,""name"":""泡菜"",""unit"":""""},{""amount"":250,""name"":""豆腐"",""unit"":""""},{""amount"":10,""name"":""蒜"",""unit"":""""},{""amount"":5,""name"":""食用油"",""unit"":""""},{""amount"":0.5,""name"":""盐"",""unit"":""""}]","[""韩式"",""亚洲"",""大豆/豆腐"",""纯素"",""辣味"",""健康"",""少于30分钟"",""炉灶顶"",""简单""]"
600419,萝卜泡菜,49.5,1.81,11.55,0.27,0.05,4.08,6.9,830.27,0,1,snack,"[{""amount"":250,""name"":""白萝卜"",""unit"":""""},{""amount"":2,""name"":""盐"",""unit"":""""},{""amount"":5,""name"":""小米椒"",""unit"":""""},{""amount"":2,""name"":""白糖"",""unit"":""""}]","[""韩式"",""亚洲"",""蔬菜"",""纯素"",""免煮"",""少于15分钟"",""简单""]"
600420,黄瓜泡菜,56.4,2.46,12.61,0.32,0.06,2.04,4.5,794.45,0,1,snack,"[{""amount"":250,""name"":""黄瓜"",""unit"":""""},{""amount"":2,""name"":""盐"",""unit"":""""},{""amount"":10,""name"":""蒜"",""unit"":""""},{""amount"":5,""name"":""小米椒"",""unit"":""""}]","[""韩式"",""亚洲"",""蔬菜"",""纯素"",""免煮"",""少于15分钟"",""简单""]"
600421,韩式凉拌海带,84.9,3,7.46,5.21,0.76,0.96,0.65,662.2,0,1,snack,"[{""amount"":150,""name"":""海带"",""unit"":""""},{""amount"":10,""name"":""蒜"",""unit"":""""},{""amount"":10,""name"":""酱油"",""unit"":""""},{""amount"":5,""name"":""香油"",""unit"":""""}]","[""韩式"",""亚洲"",""蔬菜"",""纯素"",""免煮"",""少于15分钟"",""简单""]"
600422,韩式南瓜粥(少糖),123,3.8,29.2,0.4,0.1,2.15,7.05,129.5,0,1,breakfast,"[{""amount"":250,""name"":""南瓜"",""unit"":""""},{""amount"":50,""name"":""熟米饭"",""unit"":""""},{""amount"":0.3,""name"":""盐"",""unit"":""""}]","[""韩式"",""亚洲"",""谷物"",""早餐"",""健康"",""少于30分钟"",""炉灶顶"",""简单""]"
600423,韩式牛肉拌饭(轻),385.84,29.32,47.53,9.09,3.12,3.01,3.22,591.1,234.5,1,lunch,"[{""amount"":150,""name"":""熟米饭"",""unit"":""""},{""amount"":80,""name"":""瘦牛肉"",""unit"":""""},{""amount"":40,""name"":""菠菜"",""unit"":""""},{""amount"":40,""name"":""绿豆芽"",""unit"":""""},{""amount"":40,""name"":""胡萝卜"",""unit"":""""},{""amount"":50,""name"":""鸡蛋"",""unit"":""""},{""amount"":8,""name"":""酱油"",""unit"":""""}]","[""韩式"",""亚洲"",""谷物"",""肉"",""鸡蛋"",""健康"",""少于30分钟"",""炉灶顶"",""简单""]"
600424,韩式烤蘑菇,113.25,6.28,20.45,0.7,0.11,5.47,3.45,613.86,0,1,dinner,"[{""amount"":150,""name"":""香菇"",""unit"":""""},{""amount"":100,""name"":""杏鲍菇"",""unit"":""""},{""amount"":12,""name"":""酱油"",""unit"":""""},{""amount"":8,""name"":""蒜"",""unit"":""""}]","[""韩式"",""亚洲"",""蔬菜"",""菌菇"",""纯素"",""少于30分钟"",""烤箱"",""简单""]"
600425,参鸡汤(去皮),573.5,63.24,31.28,19.93,5.48,1.86,5.82,663.24,300,1,dinner,"[{""amount"":300,""name"":""整鸡"",""unit"":""""},{""amount"":80,""name"":""熟米饭"",""unit"":""""},{""amount"":10,""name"":""红枣"",""unit"":""""},{""amount"":5,""name"":""枸杞"",""unit"":""""},{""amount"":8,""name"":""姜"",""unit"":""""},{""amount"":1,""name"":""盐"",""unit"":""""}]","[""韩式"",""亚洲"",""禽肉"",""鸡肉"",""整鸡"",""汤"",""高蛋白"",""少于4小时"",""炖"",""简单""]"
600426,韩式拌杂菜(少油),267.9,3.33,41.44,10.49,1.19,3.5,2.82,578.9,0,1,dinner,"[{""amount"":120,""name"":""泡发粉丝"",""unit"":""""},{""amount"":50,""name"":""菠菜"",""unit"":""""},{""amount"":40,""name"":""胡萝卜"",""unit"":""""},{""amount"":40,""name"":""泡发木耳"",""unit"":""""},{""amount"":10,""name"":""酱油"",""unit"":""""},{""amount"":5,""name"":""香油"",""unit"":""""},{""amount"":5,""name"":""食用油"",""unit"":""""}]","[""韩式"",""亚洲"",""蔬菜"",""纯素"",""健康"",""少于30分钟"",""炉灶顶"",""炒"",""简单""]"
600427,韩式鸡蛋卷,231.3,20.39,7.73,14.33,4.67,1.02,2.16,544.2,559.5,1,breakfast,"[{""amount"":150,""name"":""鸡蛋"",""unit"":""""},{""amount"":30,""name"":""胡萝卜"",""unit"":""""},{""amount"":10,""name"":""葱"",""unit"":""""},{""amount"":0.8,""name"":""盐"",""unit"":""""}]","[""韩式"",""亚洲"",""鸡蛋"",""早餐"",""少于15分钟"",""炉灶顶"",""简单""]"
600428,韩式海带豆腐汤,165.12,13.68,7.71,9.36,1.34,1.22,1.09,477.56,0,1,dinner,"[{""amount"":60,""name"":""海带"",""unit"":""""},{""amount"":150,""name"":""豆腐"",""unit"":""""},{""amount"":8,""name"":""蒜"",""unit"":""""},{""amount"":8,""name"":""酱油"",""unit"":""""},{""amount"":4,""name"":""香油"",""unit"":""""}]","[""韩式"",""亚洲"",""大豆/豆腐"",""汤"",""纯素"",""健康"",""少于15分钟"",""炉灶顶"",""简单""]"
600429,韩式辣白菜炒饭(轻),360.2,12.75,55.3,10.47,2.07,1.8,1.25,695,186.5,1,lunch,"[{""amount"":200,""name"":""熟米饭"",""unit"":""""},{""amount"":60,""name"":""泡菜"",""unit"":""""},{""amount"":50,""name"":""鸡蛋"",""unit"":""""},{""amount"":5,""name"":""食用油"",""unit"":""""},{""amount"":0.5,""name"":""盐"",""unit"":""""}]","[""韩式"",""亚洲"",""谷物"",""鸡蛋"",""辣味"",""少于15分钟"",""炉灶顶"",""炒"",""简单""]"
600430,韩式南瓜粥,123,3.8,29.2,0.4,0.1,2.15,7.05,129.5,0,1,breakfast,"[{""amount"":250,""name"":""南瓜"",""unit"":""""},{""amount"":50,""name"":""熟米饭"",""unit"":""""},{""amount"":0.3,""name"":""盐"",""unit"":""""}]","[""韩式"",""亚洲"",""谷物"",""早餐"",""健康"",""少于30分钟"",""炉灶顶"",""简单""]"
600431,韩式煎蛋饼,275.5,20.39,7.73,19.33,5.07,1.02,2.16,544.2,559.5,1,breakfast,"[{""amount"":150,""name"":""鸡蛋"",""unit"":""""},{""amount"":30,""name"":""胡萝卜"",""unit"":""""},{""amount"":10,""name"":""葱"",""unit"":""""},{""amount"":5,""name"":""食用油"",""unit"":""""},{""amount"":0.8,""name"":""盐"",""unit"":""""}]","[""韩式"",""亚洲"",""鸡蛋"",""早餐"",""少于15分钟"",""炉灶顶"",""简单""]"
600432,韩式凉拌黄瓜,105.64,2.9,13.41,5.32,0.76,2.04,4.58,414.45,0,1,snack,"[{""amount"":250,""name"":""黄瓜"",""unit"":""""},{""amount"":10,""name"":""蒜"",""unit"":""""},{""amount"":8,""name"":""酱油"",""unit"":""""},{""amount"":5,""name"":""香油"",""unit"":""""},{""amount"":5,""name"":""小米椒"",""unit"":""""}]","[""韩式"",""亚洲"",""蔬菜"",""纯素"",""免煮"",""少于15分钟"",""简单""]"
600433,韩式豆腐锅(素),226.4,22.55,16.4,10.05,1.57,4.5,3.75,760.5,0,1,dinner,"[{""amount"":200,""name"":""豆腐"",""unit"":""""},{""amount"":150,""name"":""白菜"",""unit"":""""},{""amount"":50,""name"":""香菇"",""unit"":""""},{""amount"":10,""name"":""味噌"",""unit"":""""},{""amount"":0.8,""name"":""盐"",""unit"":""""}]","[""韩式"",""亚洲"",""大豆/豆腐"",""纯素"",""健康"",""少于30分钟"",""炉灶顶"",""简单""]"
600434,韩式泡菜蒸蛋,227.5,20.79,6.27,14.36,4.67,1.09,1.35,560.45,559.5,1,breakfast,"[{""amount"":150,""name"":""鸡蛋"",""unit"":""""},{""amount"":50,""name"":""泡菜"",""unit"":""""},{""amount"":5,""name"":""葱"",""unit"":""""}]","[""韩式"",""亚洲"",""鸡蛋"",""早餐"",""辣味"",""蒸汽"",""少于15分钟"",""简单""]"
600435,韩式烤蔬菜,107.33,5.47,19.45,0.85,0.15,4.97,6.68,515.36,0,1,dinner,"[{""amount"":100,""name"":""西葫芦"",""unit"":""""},{""amount"":100,""name"":""彩椒"",""unit"":""""},{""amount"":100,""name"":""香菇"",""unit"":""""},{""amount"":10,""name"":""酱油"",""unit"":""""},{""amount"":8,""name"":""蒜"",""unit"":""""}]","[""韩式"",""亚洲"",""蔬菜"",""纯素"",""少于30分钟"",""烤箱"",""简单""]"
600436,冬阴功汤(低脂),142.9,22.03,14,0.88,0.19,2.85,5.38,591.35,156,1,dinner,"[{""amount"":80,""name"":""虾仁"",""unit"":""""},{""amount"":60,""name"":""香菇"",""unit"":""""},{""amount"":100,""name"":""番茄"",""unit"":""""},{""amount"":15,""name"":""冬阴功酱"",""unit"":""""},{""amount"":10,""name"":""香茅"",""unit"":""""},{""amount"":10,""name"":""柠檬汁"",""unit"":""""},{""amount"":5,""name"":""姜"",""unit"":""""}]","[""泰国"",""亚洲"",""海鲜"",""汤"",""辣味"",""健康"",""少于30分钟"",""炉灶顶"",""简单""]"
600437,青木瓜沙拉,134.5,5.37,20.1,4.75,0.68,5.69,10.19,516.45,0,1,snack,"[{""amount"":200,""name"":""青木瓜"",""unit"":""""},{""amount"":40,""name"":""小番茄"",""unit"":""""},{""amount"":20,""name"":""青柠"",""unit"":""""},{""amount"":5,""name"":""小米椒"",""unit"":""""},{""amount"":10,""name"":""酱油"",""unit"":""""},{""amount"":10,""name"":""花生米"",""unit"":""""}]","[""泰国"",""亚洲"",""沙拉"",""蔬菜"",""纯素"",""辣味"",""免煮"",""少于15分钟"",""简单""]"
600438,泰式蔬菜春卷,420.7,13.2,82.04,7.28,0.78,12.76,6.81,58.8,0,1,lunch,"[{""amount"":80,""name"":""卷心菜"",""unit"":""""},{""amount"":50,""name"":""胡萝卜"",""unit"":""""},{""amount"":50,""name"":""绿豆芽"",""unit"":""""},{""amount"":50,""name"":""泡发粉丝"",""unit"":""""},{""amount"":80,""name"":""全麦面粉"",""unit"":""""},{""amount"":5,""name"":""食用油"",""unit"":""""}]","[""泰国"",""亚洲"",""蔬菜"",""纯素"",""健康"",""少于30分钟"",""简单""]"
600439,泰式炒时蔬,180.16,6.24,22.31,8.81,0.82,6.41,7.13,476.7,0,1,dinner,"[{""amount"":100,""name"":""西兰花"",""unit"":""""},{""amount"":50,""name"":""胡萝卜"",""unit"":""""},{""amount"":50,""name"":""荷兰豆"",""unit"":""""},{""amount"":50,""name"":""彩椒"",""unit"":""""},{""amount"":10,""name"":""蒜"",""unit"":""""},{""amount"":8,""name"":""食用油"",""unit"":""""},{""amount"":8,""name"":""酱油"",""unit"":""""}]","[""泰国"",""亚洲"",""蔬菜"",""纯素"",""健康"",""少于15分钟"",""炉灶顶"",""炒"",""简单""]"
600440,泰式鸡胸沙拉,218.24,38.52,8.32,3.2,0.79,2.24,3.42,540.25,105,1,lunch,"[{""amount"":150,""name"":""鸡胸肉"",""unit"":""""},{""amount"":80,""name"":""生菜"",""unit"":""""},{""amount"":50,""name"":""黄瓜"",""unit"":""""},{""amount"":50,""name"":""小番茄"",""unit"":""""},{""amount"":10,""name"":""柠檬汁"",""unit"":""""},{""amount"":8,""name"":""酱油"",""unit"":""""},{""amount"":5,""name"":""小米椒"",""unit"":""""}]","[""泰国"",""亚洲"",""沙拉"",""鸡胸肉"",""禽肉"",""高蛋白"",""免煮"",""少于15分钟"",""简单""]"
600441,泰式烤鱼饼,285.8,34.77,4.5,14.92,3.16,0.2,0.45,286.7,315.5,1,lunch,"[{""amount"":150,""name"":""鲈鱼"",""unit"":""""},{""amount"":10,""name"":""香茅"",""unit"":""""},{""amount"":10,""name"":""柠檬汁"",""unit"":""""},{""amount"":50,""name"":""鸡蛋"",""unit"":""""},{""amount"":5,""name"":""食用油"",""unit"":""""}]","[""泰国"",""亚洲"",""海鲜"",""高蛋白"",""少于30分钟"",""烤箱"",""简单""]"
600442,泰式虾沙拉,202.2,37.97,12.82,0.9,0.23,2.29,8.69,273.25,292.5,1,lunch,"[{""amount"":150,""name"":""虾仁"",""unit"":""""},{""amount"":80,""name"":""生菜"",""unit"":""""},{""amount"":50,""name"":""黄瓜"",""unit"":""""},{""amount"":50,""name"":""芒果"",""unit"":""""},{""amount"":10,""name"":""柠檬汁"",""unit"":""""},{""amount"":5,""name"":""小米椒"",""unit"":""""}]","[""泰国"",""亚洲"",""沙拉"",""海鲜"",""高蛋白"",""免煮"",""少于15分钟"",""简单""]"
600443,柠檬草烤鸡,351.06,51.04,5.72,12.65,3.78,0.36,0.56,801.74,250,1,lunch,"[{""amount"":250,""name"":""鸡腿肉"",""unit"":""""},{""amount"":10,""name"":""香茅"",""unit"":""""},{""amount"":8,""name"":""姜"",""unit"":""""},{""amount"":12,""name"":""酱油"",""unit"":""""},{""amount"":10,""name"":""柠檬汁"",""unit"":""""}]","[""泰国"",""亚洲"",""鸡肉"",""禽肉"",""高蛋白"",""少于30分钟"",""烤箱"",""简单""]"
600444,泰式蔬菜咖喱(椰奶少),302.1,6.19,46.23,10.56,4.24,8.79,9.06,79.1,0,1,dinner,"[{""amount"":80,""name"":""胡萝卜"",""unit"":""""},{""amount"":150,""name"":""土豆"",""unit"":""""},{""amount"":50,""name"":""洋葱"",""unit"":""""},{""amount"":80,""name"":""低脂椰奶"",""unit"":""""},{""amount"":8,""name"":""咖喱粉"",""unit"":""""},{""amount"":5,""name"":""食用油"",""unit"":""""}]","[""泰国"",""亚洲"",""蔬菜"",""纯素"",""咖喱"",""健康"",""少于30分钟"",""炉灶顶"",""简单""]"
600445,泰式绿咖喱鸡(轻),344.55,39.1,14.13,14.18,5.82,5.28,5.31,127.8,105,1,dinner,"[{""amount"":150,""name"":""鸡胸肉"",""unit"":""""},{""amount"":100,""name"":""低脂椰奶"",""unit"":""""},{""amount"":100,""name"":""茄子"",""unit"":""""},{""amount"":5,""name"":""罗勒"",""unit"":""""},{""amount"":6,""name"":""咖喱粉"",""unit"":""""},{""amount"":5,""name"":""食用油"",""unit"":""""}]","[""泰国"",""亚洲"",""鸡肉"",""禽肉"",""咖喱"",""健康"",""少于30分钟"",""炉灶顶"",""简单""]"
600446,泰式炒河粉(少油),401.72,14.06,53.86,14.49,2.64,2.46,2.3,834.8,223.8,1,lunch,"[{""amount"":200,""name"":""熟河粉"",""unit"":""""},{""amount"":60,""name"":""鸡蛋"",""unit"":""""},{""amount"":60,""name"":""绿豆芽"",""unit"":""""},{""amount"":30,""name"":""韭菜"",""unit"":""""},{""amount"":10,""name"":""酱油"",""unit"":""""},{""amount"":8,""name"":""食用油"",""unit"":""""}]","[""泰国"",""亚洲"",""谷物"",""鸡蛋"",""健康"",""少于15分钟"",""炉灶顶"",""炒"",""简单""]"
600447,泰式椰奶鸡汤(轻),282.1,38.32,11.1,8.57,5.29,2.2,3.05,436.2,105,1,dinner,"[{""amount"":150,""name"":""鸡胸肉"",""unit"":""""},{""amount"":100,""name"":""低脂椰奶"",""unit"":""""},{""amount"":50,""name"":""香菇"",""unit"":""""},{""amount"":10,""name"":""香茅"",""unit"":""""},{""amount"":10,""name"":""柠檬汁"",""unit"":""""},{""amount"":0.8,""name"":""盐"",""unit"":""""}]","[""泰国"",""亚洲"",""鸡肉"",""禽肉"",""汤"",""高蛋白"",""少于30分钟"",""炉灶顶"",""简单""]"
600448,泰式凉拌粉丝,232.5,13.46,44.3,0.4,0.09,0.75,1.6,592.85,97.5,1,snack,"[{""amount"":150,""name"":""泡发粉丝"",""unit"":""""},{""amount"":50,""name"":""虾仁"",""unit"":""""},{""amount"":50,""name"":""黄瓜"",""unit"":""""},{""amount"":5,""name"":""小米椒"",""unit"":""""},{""amount"":10,""name"":""柠檬汁"",""unit"":""""},{""amount"":10,""name"":""酱油"",""unit"":""""}]","[""泰国"",""亚洲"",""海鲜"",""辣味"",""免煮"",""少于15分钟"",""简单""]"
600449,泰式香茅蒸鱼,339.8,56.72,5.52,10.34,2.43,0.36,0.54,933.74,258,1,dinner,"[{""amount"":300,""name"":""鲈鱼"",""unit"":""""},{""amount"":10,""name"":""香茅"",""unit"":""""},{""amount"":8,""name"":""姜"",""unit"":""""},{""amount"":10,""name"":""柠檬汁"",""unit"":""""},{""amount"":10,""name"":""酱油"",""unit"":""""}]","[""泰国"",""亚洲"",""海鲜"",""高蛋白"",""蒸汽"",""少于30分钟"",""简单""]"
600450,泰式蔬菜浓汤,151.7,4.94,22.73,5.07,3.75,6.33,10.01,466.9,0,1,dinner,"[{""amount"":100,""name"":""番茄"",""unit"":""""},{""amount"":80,""name"":""西兰花"",""unit"":""""},{""amount"":50,""name"":""胡萝卜"",""unit"":""""},{""amount"":50,""name"":""洋葱"",""unit"":""""},{""amount"":80,""name"":""低脂椰奶"",""unit"":""""},{""amount"":1,""name"":""盐"",""unit"":""""}]","[""泰国"",""亚洲"",""蔬菜"",""汤"",""纯素"",""健康"",""少于30分钟"",""炉灶顶"",""简单""]"
600451,泰式芒果沙拉,113,2.56,27.54,0.82,0.17,4.03,22.28,21.35,0,1,snack,"[{""amount"":150,""name"":""芒果"",""unit"":""""},{""amount"":60,""name"":""生菜"",""unit"":""""},{""amount"":50,""name"":""黄瓜"",""unit"":""""},{""amount"":15,""name"":""青柠"",""unit"":""""},{""amount"":5,""name"":""小米椒"",""unit"":""""}]","[""泰国"",""亚洲"",""沙拉"",""水果"",""热带水果"",""纯素"",""免煮"",""少于15分钟"",""简单""]"
600452,泰式烤虾,269.6,46.18,13.66,3.57,1.01,0.23,0.3,723.8,300,1,lunch,"[{""amount"":250,""name"":""基围虾"",""unit"":""""},{""amount"":10,""name"":""柠檬汁"",""unit"":""""},{""amount"":10,""name"":""蒜"",""unit"":""""},{""amount"":0.8,""name"":""盐"",""unit"":""""}]","[""泰国"",""亚洲"",""海鲜"",""高蛋白"",""少于30分钟"",""烤箱"",""简单""]"
600453,泰式鸡丝沙拉,226.24,38.04,11.14,3.07,0.79,3.5,5.34,561.25,105,1,lunch,"[{""amount"":150,""name"":""鸡胸肉"",""unit"":""""},{""amount"":80,""name"":""卷心菜"",""unit"":""""},{""amount"":50,""name"":""胡萝卜"",""unit"":""""},{""amount"":10,""name"":""柠檬汁"",""unit"":""""},{""amount"":5,""name"":""小米椒"",""unit"":""""},{""amount"":8,""name"":""酱油"",""unit"":""""}]","[""泰国"",""亚洲"",""沙拉"",""鸡胸肉"",""高蛋白"",""免煮"",""少于15分钟"",""简单""]"
600454,芒果炒饭(轻),404.5,23.73,55.62,10.64,2.14,1.34,7.18,357,284,1,lunch,"[{""amount"":180,""name"":""熟米饭"",""unit"":""""},{""amount"":50,""name"":""芒果"",""unit"":""""},{""amount"":50,""name"":""鸡蛋"",""unit"":""""},{""amount"":50,""name"":""虾仁"",""unit"":""""},{""amount"":5,""name"":""食用油"",""unit"":""""},{""amount"":0.5,""name"":""盐"",""unit"":""""}]","[""泰国"",""亚洲"",""谷物"",""海鲜"",""热带水果"",""水果"",""健康"",""少于30分钟"",""炉灶顶"",""炒"",""简单""]"
600455,泰式茄子煲(少油),150.57,4.11,18.7,8.59,0.76,7.79,7.71,509.4,0,1,dinner,"[{""amount"":250,""name"":""茄子"",""unit"":""""},{""amount"":5,""name"":""罗勒"",""unit"":""""},{""amount"":10,""name"":""蒜"",""unit"":""""},{""amount"":10,""name"":""酱油"",""unit"":""""},{""amount"":8,""name"":""食用油"",""unit"":""""}]","[""泰国"",""亚洲"",""蔬菜"",""纯素"",""健康"",""少于30分钟"",""炉灶顶"",""简单""]"
600456,泰式豆腐汤,181.76,18.15,12.18,7.48,1.08,3.43,4.99,322.58,0,1,dinner,"[{""amount"":200,""name"":""豆腐"",""unit"":""""},{""amount"":10,""name"":""冬阴功酱"",""unit"":""""},{""amount"":50,""name"":""金针菇"",""unit"":""""},{""amount"":80,""name"":""番茄"",""unit"":""""},{""amount"":8,""name"":""柠檬汁"",""unit"":""""}]","[""泰国"",""亚洲"",""大豆/豆腐"",""汤"",""纯素"",""辣味"",""健康"",""少于30分钟"",""炉灶顶"",""简单""]"
600457,泰式罗勒炒鸡,392.88,61.74,5.26,12.9,1.91,0.49,0.49,787.5,175,1,dinner,"[{""amount"":250,""name"":""鸡胸肉"",""unit"":""""},{""amount"":10,""name"":""罗勒"",""unit"":""""},{""amount"":10,""name"":""蒜"",""unit"":""""},{""amount"":8,""name"":""小米椒"",""unit"":""""},{""amount"":12,""name"":""酱油"",""unit"":""""},{""amount"":8,""name"":""食用油"",""unit"":""""}]","[""泰国"",""亚洲"",""鸡肉"",""禽肉"",""高蛋白"",""辣味"",""少于15分钟"",""炉灶顶"",""炒"",""简单""]"
600458,泰式青柠蒸虾,274.9,46.34,14.96,3.6,1.02,0.84,0.59,724.35,300,1,lunch,"[{""amount"":250,""name"":""基围虾"",""unit"":""""},{""amount"":20,""name"":""青柠"",""unit"":""""},{""amount"":10,""name"":""蒜"",""unit"":""""},{""amount"":5,""name"":""小米椒"",""unit"":""""},{""amount"":0.8,""name"":""盐"",""unit"":""""}]","[""泰国"",""亚洲"",""海鲜"",""高蛋白"",""蒸汽"",""少于30分钟"",""简单""]"
600459,泰式椰子鸡汤(轻),325.1,39.22,19.5,9.02,5.36,2.4,3.8,434.7,105,1,dinner,"[{""amount"":150,""name"":""鸡胸肉"",""unit"":""""},{""amount"":100,""name"":""低脂椰奶"",""unit"":""""},{""amount"":50,""name"":""熟玉米"",""unit"":""""},{""amount"":10,""name"":""香茅"",""unit"":""""},{""amount"":10,""name"":""柠檬汁"",""unit"":""""},{""amount"":0.8,""name"":""盐"",""unit"":""""}]","[""泰国"",""亚洲"",""鸡肉"",""禽肉"",""汤"",""高蛋白"",""少于30分钟"",""炉灶顶"",""简单""]"
600460,泰式凉拌青木瓜,75.04,2.62,17.9,0.33,0.05,4.7,9.69,415.75,0,1,snack,"[{""amount"":200,""name"":""青木瓜"",""unit"":""""},{""amount"":40,""name"":""小番茄"",""unit"":""""},{""amount"":15,""name"":""青柠"",""unit"":""""},{""amount"":5,""name"":""小米椒"",""unit"":""""},{""amount"":8,""name"":""酱油"",""unit"":""""}]","[""泰国"",""亚洲"",""沙拉"",""蔬菜"",""纯素"",""免煮"",""少于15分钟"",""简单""]"
600461,泰式炒西蓝花,182.02,8.04,21.81,9.08,0.91,6.71,5.85,434.2,0,1,dinner,"[{""amount"":250,""name"":""西兰花"",""unit"":""""},{""amount"":10,""name"":""蒜"",""unit"":""""},{""amount"":10,""name"":""蚝油"",""unit"":""""},{""amount"":8,""name"":""食用油"",""unit"":""""}]","[""泰国"",""亚洲"",""蔬菜"",""纯素"",""健康"",""少于15分钟"",""炉灶顶"",""炒"",""简单""]"
600462,泰式鱼汤(清),242.1,38.32,7.1,7.07,1.64,1.4,2.9,683.7,172,1,dinner,"[{""amount"":200,""name"":""鲈鱼"",""unit"":""""},{""amount"":100,""name"":""番茄"",""unit"":""""},{""amount"":10,""name"":""香茅"",""unit"":""""},{""amount"":10,""name"":""柠檬汁"",""unit"":""""},{""amount"":1,""name"":""盐"",""unit"":""""}]","[""泰国"",""亚洲"",""海鲜"",""汤"",""高蛋白"",""少于30分钟"",""炉灶顶"",""简单""]"
600463,泰式香茅炒虾,247.08,37.23,6.41,8.55,0.81,0.35,0.26,649.68,292.5,1,dinner,"[{""amount"":150,""name"":""虾仁"",""unit"":""""},{""amount"":8,""name"":""香茅"",""unit"":""""},{""amount"":10,""name"":""蒜"",""unit"":""""},{""amount"":8,""name"":""食用油"",""unit"":""""},{""amount"":8,""name"":""酱油"",""unit"":""""}]","[""泰国"",""亚洲"",""海鲜"",""高蛋白"",""少于15分钟"",""炉灶顶"",""炒"",""简单""]"
600464,越南鲜虾春卷,216.85,22.56,30.97,0.73,0.18,2.86,3.35,681.45,156,1,lunch,"[{""amount"":80,""name"":""虾仁"",""unit"":""""},{""amount"":100,""name"":""熟米粉"",""unit"":""""},{""amount"":50,""name"":""生菜"",""unit"":""""},{""amount"":50,""name"":""黄瓜"",""unit"":""""},{""amount"":40,""name"":""胡萝卜"",""unit"":""""},{""amount"":5,""name"":""薄荷"",""unit"":""""},{""amount"":10,""name"":""酱油"",""unit"":""""}]","[""越南"",""亚洲"",""海鲜"",""高蛋白"",""健康"",""少于30分钟"",""简单""]"
600465,越南清汤米粉,307.9,23.47,48.2,2.09,0.53,2.33,1.9,474.1,56,1,lunch,"[{""amount"":200,""name"":""熟米粉"",""unit"":""""},{""amount"":80,""name"":""鸡胸肉"",""unit"":""""},{""amount"":50,""name"":""生菜"",""unit"":""""},{""amount"":50,""name"":""绿豆芽"",""unit"":""""},{""amount"":10,""name"":""葱"",""unit"":""""},{""amount"":1,""name"":""盐"",""unit"":""""}]","[""越南"",""亚洲"",""谷物"",""鸡胸肉"",""禽肉"",""清汤"",""健康"",""少于30分钟"",""炉灶顶"",""简单""]"
600466,越式鸡丝沙拉,231.24,38.3,12.3,3.09,0.79,4,5.98,564.85,105,1,lunch,"[{""amount"":150,""name"":""鸡胸肉"",""unit"":""""},{""amount"":100,""name"":""卷心菜"",""unit"":""""},{""amount"":50,""name"":""胡萝卜"",""unit"":""""},{""amount"":10,""name"":""柠檬汁"",""unit"":""""},{""amount"":5,""name"":""小米椒"",""unit"":""""},{""amount"":8,""name"":""酱油"",""unit"":""""}]","[""越南"",""亚洲"",""沙拉"",""鸡胸肉"",""高蛋白"",""免煮"",""少于15分钟"",""简单""]"
600467,越南牛肉粉(清),320.15,20.13,49.92,4.14,1.57,2.25,2.88,372.3,48,1,lunch,"[{""amount"":200,""name"":""熟米粉"",""unit"":""""},{""amount"":80,""name"":""瘦牛肉"",""unit"":""""},{""amount"":60,""name"":""绿豆芽"",""unit"":""""},{""amount"":30,""name"":""洋葱"",""unit"":""""},{""amount"":5,""name"":""罗勒"",""unit"":""""},{""amount"":10,""name"":""柠檬汁"",""unit"":""""},{""amount"":0.8,""name"":""盐"",""unit"":""""}]","[""越南"",""亚洲"",""谷物"",""肉"",""高蛋白"",""清汤"",""少于30分钟"",""炉灶顶"",""简单""]"
600468,越式蔬菜米纸卷,136.39,3.25,30.61,0.48,0.1,2.86,3.33,449.45,0,1,snack,"[{""amount"":100,""name"":""熟米粉"",""unit"":""""},{""amount"":50,""name"":""生菜"",""unit"":""""},{""amount"":50,""name"":""黄瓜"",""unit"":""""},{""amount"":40,""name"":""胡萝卜"",""unit"":""""},{""amount"":5,""name"":""薄荷"",""unit"":""""},{""amount"":8,""name"":""酱油"",""unit"":""""}]","[""越南"",""亚洲"",""蔬菜"",""纯素"",""健康"",""少于30分钟"",""简单""]"
600469,柠檬草鸡(越式),351.06,51.04,5.72,12.65,3.78,0.36,0.56,801.74,250,1,lunch,"[{""amount"":250,""name"":""鸡腿肉"",""unit"":""""},{""amount"":10,""name"":""香茅"",""unit"":""""},{""amount"":8,""name"":""姜"",""unit"":""""},{""amount"":10,""name"":""柠檬汁"",""unit"":""""},{""amount"":12,""name"":""酱油"",""unit"":""""}]","[""越南"",""亚洲"",""鸡肉"",""禽肉"",""高蛋白"",""少于30分钟"",""炉灶顶"",""简单""]"
600470,越南海鲜汤,176.2,30.7,10,1.59,0.42,1.89,4.16,1032.1,211,1,dinner,"[{""amount"":80,""name"":""虾仁"",""unit"":""""},{""amount"":100,""name"":""蛤蜊"",""unit"":""""},{""amount"":100,""name"":""番茄"",""unit"":""""},{""amount"":30,""name"":""洋葱"",""unit"":""""},{""amount"":1.2,""name"":""盐"",""unit"":""""},{""amount"":10,""name"":""葱"",""unit"":""""}]","[""越南"",""亚洲"",""海鲜"",""汤"",""高蛋白"",""少于30分钟"",""炉灶顶"",""简单""]"
600471,越式凉拌菜,58.94,2.21,13.28,0.32,0.06,3.44,6.09,459.95,0,1,snack,"[{""amount"":100,""name"":""黄瓜"",""unit"":""""},{""amount"":60,""name"":""胡萝卜"",""unit"":""""},{""amount"":60,""name"":""白萝卜"",""unit"":""""},{""amount"":10,""name"":""柠檬汁"",""unit"":""""},{""amount"":8,""name"":""酱油"",""unit"":""""},{""amount"":5,""name"":""小米椒"",""unit"":""""}]","[""越南"",""亚洲"",""蔬菜"",""纯素"",""免煮"",""少于15分钟"",""简单""]"
600472,越式蒸鱼,332.9,56.71,3.67,10.31,2.42,0.36,0.74,934.04,258,1,dinner,"[{""amount"":300,""name"":""鲈鱼"",""unit"":""""},{""amount"":8,""name"":""姜"",""unit"":""""},{""amount"":10,""name"":""葱"",""unit"":""""},{""amount"":10,""name"":""柠檬汁"",""unit"":""""},{""amount"":10,""name"":""酱油"",""unit"":""""}]","[""越南"",""亚洲"",""海鲜"",""高蛋白"",""蒸汽"",""少于30分钟"",""简单""]"
600473,越式豆腐米纸卷,180.54,11.99,23.93,4.51,0.66,1.85,1.84,428,0,1,snack,"[{""amount"":120,""name"":""豆腐"",""unit"":""""},{""amount"":80,""name"":""熟米粉"",""unit"":""""},{""amount"":50,""name"":""生菜"",""unit"":""""},{""amount"":40,""name"":""黄瓜"",""unit"":""""},{""amount"":8,""name"":""酱油"",""unit"":""""}]","[""越南"",""亚洲"",""大豆/豆腐"",""纯素"",""健康"",""少于30分钟"",""简单""]"
600474,越南酸汤,128.4,17.15,15.12,0.73,0.16,3.3,11.75,501,117,1,dinner,"[{""amount"":150,""name"":""番茄"",""unit"":""""},{""amount"":50,""name"":""芒果"",""unit"":""""},{""amount"":60,""name"":""虾仁"",""unit"":""""},{""amount"":50,""name"":""绿豆芽"",""unit"":""""},{""amount"":1,""name"":""盐"",""unit"":""""}]","[""越南"",""亚洲"",""海鲜"",""汤"",""健康"",""少于30分钟"",""炉灶顶"",""简单""]"
600475,越式炒时蔬,166.16,5.74,19.31,8.66,0.8,5.51,5.63,475.2,0,1,dinner,"[{""amount"":100,""name"":""西兰花"",""unit"":""""},{""amount"":50,""name"":""胡萝卜"",""unit"":""""},{""amount"":50,""name"":""荷兰豆"",""unit"":""""},{""amount"":10,""name"":""蒜"",""unit"":""""},{""amount"":8,""name"":""食用油"",""unit"":""""},{""amount"":8,""name"":""酱油"",""unit"":""""}]","[""越南"",""亚洲"",""蔬菜"",""纯素"",""健康"",""少于15分钟"",""炉灶顶"",""炒"",""简单""]"
600476,越式鸡肉沙拉,211.7,38.01,7.22,3.18,0.79,2.16,3.19,140,105,1,lunch,"[{""amount"":150,""name"":""鸡胸肉"",""unit"":""""},{""amount"":80,""name"":""生菜"",""unit"":""""},{""amount"":50,""name"":""黄瓜"",""unit"":""""},{""amount"":50,""name"":""小番茄"",""unit"":""""},{""amount"":10,""name"":""柠檬汁"",""unit"":""""}]","[""越南"",""亚洲"",""沙拉"",""鸡胸肉"",""高蛋白"",""免煮"",""少于15分钟"",""简单""]"
600477,越南蔬菜米粉,230.2,4.8,51.98,0.66,0.15,3.54,3.76,446,0,1,lunch,"[{""amount"":200,""name"":""熟米粉"",""unit"":""""},{""amount"":60,""name"":""生菜"",""unit"":""""},{""amount"":60,""name"":""绿豆芽"",""unit"":""""},{""amount"":40,""name"":""胡萝卜"",""unit"":""""},{""amount"":1,""name"":""盐"",""unit"":""""}]","[""越南"",""亚洲"",""谷物"",""蔬菜"",""纯素"",""清汤"",""健康"",""少于30分钟"",""炉灶顶"",""简单""]"
600478,越式虾米纸卷,165.84,19.19,21.67,0.52,0.13,1.25,1.24,533.9,136.5,1,snack,"[{""amount"":70,""name"":""虾仁"",""unit"":""""},{""amount"":80,""name"":""熟米粉"",""unit"":""""},{""amount"":50,""name"":""生菜"",""unit"":""""},{""amount"":40,""name"":""黄瓜"",""unit"":""""},{""amount"":8,""name"":""酱油"",""unit"":""""}]","[""越南"",""亚洲"",""海鲜"",""高蛋白"",""少于30分钟"",""简单""]"
600479,越式香茅鸡,329.56,61.53,7.61,4.88,1.27,0.41,0.52,787.4,175,1,dinner,"[{""amount"":250,""name"":""鸡胸肉"",""unit"":""""},{""amount"":10,""name"":""香茅"",""unit"":""""},{""amount"":10,""name"":""蒜"",""unit"":""""},{""amount"":10,""name"":""柠檬汁"",""unit"":""""},{""amount"":12,""name"":""酱油"",""unit"":""""}]","[""越南"",""亚洲"",""鸡胸肉"",""禽肉"",""高蛋白"",""少于30分钟"",""炉灶顶"",""简单""]"
600480,印度扁豆汤,233.7,11.76,34.32,6.61,0.73,10.76,3.54,398.84,0,1,dinner,"[{""amount"":150,""name"":""熟绿豆"",""unit"":""""},{""amount"":8,""name"":""咖喱粉"",""unit"":""""},{""amount"":8,""name"":""姜"",""unit"":""""},{""amount"":5,""name"":""食用油"",""unit"":""""},{""amount"":1,""name"":""盐"",""unit"":""""}]","[""印度"",""亚洲"",""汤"",""豆类"",""纯素"",""咖喱"",""健康"",""少于30分钟"",""炉灶顶"",""简单""]"
600481,蔬菜咖喱(低油),297.02,7.77,47.73,9.56,0.96,10.39,9.56,490.3,0,1,dinner,"[{""amount"":80,""name"":""胡萝卜"",""unit"":""""},{""amount"":150,""name"":""土豆"",""unit"":""""},{""amount"":50,""name"":""洋葱"",""unit"":""""},{""amount"":100,""name"":""花菜"",""unit"":""""},{""amount"":10,""name"":""咖喱粉"",""unit"":""""},{""amount"":8,""name"":""食用油"",""unit"":""""},{""amount"":1,""name"":""盐"",""unit"":""""}]","[""印度"",""亚洲"",""蔬菜"",""纯素"",""咖喱"",""健康"",""少于30分钟"",""炉灶顶"",""简单""]"
600482,鹰嘴豆咖喱,470.72,20.65,68.95,14.45,1.48,19.25,14.8,417,0,1,dinner,"[{""amount"":200,""name"":""熟鹰嘴豆"",""unit"":""""},{""amount"":50,""name"":""洋葱"",""unit"":""""},{""amount"":100,""name"":""番茄"",""unit"":""""},{""amount"":10,""name"":""咖喱粉"",""unit"":""""},{""amount"":8,""name"":""食用油"",""unit"":""""},{""amount"":1,""name"":""盐"",""unit"":""""}]","[""印度"",""亚洲"",""豆类"",""纯素"",""咖喱"",""高纤维"",""健康"",""少于30分钟"",""炉灶顶"",""简单""]"
600483,印度炖菠菜,229.92,16.09,14.3,13.1,1.44,7.2,1.8,614.1,0,1,dinner,"[{""amount"":250,""name"":""菠菜"",""unit"":""""},{""amount"":100,""name"":""豆腐"",""unit"":""""},{""amount"":6,""name"":""咖喱粉"",""unit"":""""},{""amount"":8,""name"":""食用油"",""unit"":""""},{""amount"":1,""name"":""盐"",""unit"":""""}]","[""印度"",""亚洲"",""蔬菜"",""大豆/豆腐"",""纯素"",""咖喱"",""高纤维"",""健康"",""少于30分钟"",""炉灶顶"",""简单""]"
600484,番茄豆腐咖喱,294.32,20.47,16.4,18.1,2.24,5,5.3,418.3,0,1,dinner,"[{""amount"":150,""name"":""番茄"",""unit"":""""},{""amount"":200,""name"":""豆腐"",""unit"":""""},{""amount"":8,""name"":""咖喱粉"",""unit"":""""},{""amount"":8,""name"":""食用油"",""unit"":""""},{""amount"":1,""name"":""盐"",""unit"":""""}]","[""印度"",""亚洲"",""大豆/豆腐"",""纯素"",""咖喱"",""健康"",""少于30分钟"",""炉灶顶"",""简单""]"
600485,印度豆泥,326.32,15.67,47.05,9.85,1.02,14.45,6.5,400.8,0,1,dinner,"[{""amount"":200,""name"":""熟绿豆"",""unit"":""""},{""amount"":50,""name"":""洋葱"",""unit"":""""},{""amount"":8,""name"":""咖喱粉"",""unit"":""""},{""amount"":8,""name"":""食用油"",""unit"":""""},{""amount"":1,""name"":""盐"",""unit"":""""}]","[""印度"",""亚洲"",""豆类"",""纯素"",""咖喱"",""高纤维"",""少于30分钟"",""炉灶顶"",""简单""]"
600486,蔬菜咖喱饭(轻),289.2,7.24,52.53,6.53,0.69,5.33,4.97,77.3,0,1,lunch,"[{""amount"":150,""name"":""熟米饭"",""unit"":""""},{""amount"":60,""name"":""胡萝卜"",""unit"":""""},{""amount"":80,""name"":""花菜"",""unit"":""""},{""amount"":8,""name"":""咖喱粉"",""unit"":""""},{""amount"":5,""name"":""食用油"",""unit"":""""}]","[""印度"",""亚洲"",""谷物"",""蔬菜"",""纯素"",""咖喱"",""健康"",""少于30分钟"",""炉灶顶"",""简单""]"
600487,坦都里烤鸡胸,365.2,62.84,12.8,6.42,1.85,2.02,7.2,604.1,179,1,lunch,"[{""amount"":250,""name"":""鸡胸肉"",""unit"":""""},{""amount"":50,""name"":""原味酸奶"",""unit"":""""},{""amount"":10,""name"":""咖喱粉"",""unit"":""""},{""amount"":10,""name"":""柠檬汁"",""unit"":""""},{""amount"":1,""name"":""盐"",""unit"":""""}]","[""印度"",""亚洲"",""鸡胸肉"",""禽肉"",""高蛋白"",""咖喱"",""少于30分钟"",""烤箱"",""简单""]"
600488,印度蔬菜香饭,317.8,7.46,59.48,6.36,0.66,4.72,4.7,60.2,0,1,lunch,"[{""amount"":180,""name"":""熟米饭"",""unit"":""""},{""amount"":60,""name"":""胡萝卜"",""unit"":""""},{""amount"":50,""name"":""荷兰豆"",""unit"":""""},{""amount"":6,""name"":""咖喱粉"",""unit"":""""},{""amount"":5,""name"":""食用油"",""unit"":""""}]","[""印度"",""亚洲"",""谷物"",""蔬菜"",""纯素"",""咖喱"",""健康"",""少于30分钟"",""炉灶顶"",""简单""]"
600489,咖喱蔬菜汤,137.5,4.71,18.48,6.42,0.69,6.28,6.71,461.7,0,1,dinner,"[{""amount"":100,""name"":""番茄"",""unit"":""""},{""amount"":80,""name"":""西兰花"",""unit"":""""},{""amount"":50,""name"":""胡萝卜"",""unit"":""""},{""amount"":8,""name"":""咖喱粉"",""unit"":""""},{""amount"":5,""name"":""食用油"",""unit"":""""},{""amount"":1,""name"":""盐"",""unit"":""""}]","[""印度"",""亚洲"",""蔬菜"",""汤"",""纯素"",""咖喱"",""健康"",""少于30分钟"",""炉灶顶"",""简单""]"
600490,印度炖豆角,178.32,6.02,22.4,9.4,0.93,7.6,6,415.8,0,1,dinner,"[{""amount"":200,""name"":""四季豆"",""unit"":""""},{""amount"":100,""name"":""番茄"",""unit"":""""},{""amount"":8,""name"":""咖喱粉"",""unit"":""""},{""amount"":8,""name"":""食用油"",""unit"":""""},{""amount"":1,""name"":""盐"",""unit"":""""}]","[""印度"",""亚洲"",""蔬菜"",""纯素"",""咖喱"",""少于30分钟"",""炉灶顶"",""简单""]"
600491,印度土豆咖喱(轻),308.82,6.67,51.55,9.1,0.86,7.95,4.5,409.3,0,1,dinner,"[{""amount"":250,""name"":""土豆"",""unit"":""""},{""amount"":50,""name"":""洋葱"",""unit"":""""},{""amount"":8,""name"":""咖喱粉"",""unit"":""""},{""amount"":8,""name"":""食用油"",""unit"":""""},{""amount"":1,""name"":""盐"",""unit"":""""}]","[""印度"",""亚洲"",""土豆"",""蔬菜"",""纯素"",""咖喱"",""少于30分钟"",""炉灶顶"",""简单""]"
600492,椰奶蔬菜咖喱(少),208.6,4.94,21.48,11.66,5.13,6.84,8.16,99.6,0,1,dinner,"[{""amount"":100,""name"":""花菜"",""unit"":""""},{""amount"":80,""name"":""胡萝卜"",""unit"":""""},{""amount"":100,""name"":""低脂椰奶"",""unit"":""""},{""amount"":8,""name"":""咖喱粉"",""unit"":""""},{""amount"":5,""name"":""食用油"",""unit"":""""}]","[""印度"",""亚洲"",""蔬菜"",""纯素"",""咖喱"",""健康"",""少于30分钟"",""炉灶顶"",""简单""]"
600493,印度酸奶黄瓜(Raita),96,3.85,18.8,1.45,0.83,1.05,15.55,248.5,8,1,snack,"[{""amount"":150,""name"":""黄瓜"",""unit"":""""},{""amount"":100,""name"":""原味酸奶"",""unit"":""""},{""amount"":0.5,""name"":""盐"",""unit"":""""}]","[""印度"",""亚洲"",""乳制品"",""蔬菜"",""健康"",""免煮"",""少于15分钟"",""简单""]"
600494,印度扁豆粥,266.3,13.28,51.97,1.49,0.29,10.24,3.33,322,0,1,breakfast,"[{""amount"":150,""name"":""熟绿豆"",""unit"":""""},{""amount"":80,""name"":""熟米饭"",""unit"":""""},{""amount"":5,""name"":""咖喱粉"",""unit"":""""},{""amount"":0.8,""name"":""盐"",""unit"":""""}]","[""印度"",""亚洲"",""豆类"",""谷物"",""早餐"",""咖喱"",""健康"",""少于30分钟"",""炉灶顶"",""简单""]"
600495,咖喱鹰嘴豆沙拉,244.5,13.11,42.27,3.91,0.49,12.02,9.04,34.8,0,1,lunch,"[{""amount"":120,""name"":""熟鹰嘴豆"",""unit"":""""},{""amount"":60,""name"":""生菜"",""unit"":""""},{""amount"":50,""name"":""黄瓜"",""unit"":""""},{""amount"":50,""name"":""小番茄"",""unit"":""""},{""amount"":5,""name"":""咖喱粉"",""unit"":""""},{""amount"":10,""name"":""柠檬汁"",""unit"":""""}]","[""印度"",""亚洲"",""沙拉"",""豆类"",""纯素"",""咖喱"",""高纤维"",""免煮"",""少于15分钟"",""简单""]"
600496,印度香料蔬菜,193.87,5.38,23.34,10.32,0.96,7.21,8.26,100,0,1,dinner,"[{""amount"":80,""name"":""胡萝卜"",""unit"":""""},{""amount"":100,""name"":""花菜"",""unit"":""""},{""amount"":50,""name"":""洋葱"",""unit"":""""},{""amount"":8,""name"":""咖喱粉"",""unit"":""""},{""amount"":5,""name"":""孜然"",""unit"":""""},{""amount"":8,""name"":""食用油"",""unit"":""""}]","[""印度"",""亚洲"",""蔬菜"",""纯素"",""咖喱"",""少于30分钟"",""炉灶顶"",""简单""]"
600497,印度豆腐咖喱,326.32,24.52,15.9,20.25,2.58,4.8,4.25,419.8,0,1,dinner,"[{""amount"":250,""name"":""豆腐"",""unit"":""""},{""amount"":100,""name"":""番茄"",""unit"":""""},{""amount"":8,""name"":""咖喱粉"",""unit"":""""},{""amount"":8,""name"":""食用油"",""unit"":""""},{""amount"":1,""name"":""盐"",""unit"":""""}]","[""印度"",""亚洲"",""大豆/豆腐"",""纯素"",""咖喱"",""健康"",""少于30分钟"",""炉灶顶"",""简单""]"
600498,印度绿豆汤,240.9,11.89,36.45,6.4,0.69,11.05,5.4,398.6,0,1,dinner,"[{""amount"":150,""name"":""熟绿豆"",""unit"":""""},{""amount"":50,""name"":""洋葱"",""unit"":""""},{""amount"":6,""name"":""咖喱粉"",""unit"":""""},{""amount"":5,""name"":""食用油"",""unit"":""""},{""amount"":1,""name"":""盐"",""unit"":""""}]","[""印度"",""亚洲"",""汤"",""豆类"",""纯素"",""咖喱"",""健康"",""少于30分钟"",""炉灶顶"",""简单""]"
600499,印度香草米饭,238.2,5.33,53.29,0.66,0.11,0.72,0.49,10.75,0,1,lunch,"[{""amount"":200,""name"":""熟米饭"",""unit"":""""},{""amount"":10,""name"":""柠檬汁"",""unit"":""""},{""amount"":5,""name"":""姜"",""unit"":""""}]","[""印度"",""亚洲"",""谷物"",""纯素"",""健康"",""少于15分钟"",""炉灶顶"",""简单""]"
600500,印度菠菜咖喱,186.32,8.92,18.05,9.85,0.99,7.95,3.5,609.3,0,1,dinner,"[{""amount"":250,""name"":""菠菜"",""unit"":""""},{""amount"":8,""name"":""咖喱粉"",""unit"":""""},{""amount"":50,""name"":""洋葱"",""unit"":""""},{""amount"":8,""name"":""食用油"",""unit"":""""},{""amount"":1,""name"":""盐"",""unit"":""""}]","[""印度"",""亚洲"",""蔬菜"",""纯素"",""咖喱"",""高纤维"",""少于30分钟"",""炉灶顶"",""简单""]"
600501,印度花椰菜咖喱,181.32,6.92,20.05,9.35,0.92,7.45,7.5,466.8,0,1,dinner,"[{""amount"":250,""name"":""花菜"",""unit"":""""},{""amount"":8,""name"":""咖喱粉"",""unit"":""""},{""amount"":50,""name"":""洋葱"",""unit"":""""},{""amount"":8,""name"":""食用油"",""unit"":""""},{""amount"":1,""name"":""盐"",""unit"":""""}]","[""印度"",""亚洲"",""蔬菜"",""纯素"",""咖喱"",""健康"",""少于30分钟"",""炉灶顶"",""简单""]"
600502,印度柠檬饭,215,4.81,48.11,0.6,0.1,0.66,0.47,204.75,0,1,lunch,"[{""amount"":180,""name"":""熟米饭"",""unit"":""""},{""amount"":10,""name"":""柠檬汁"",""unit"":""""},{""amount"":5,""name"":""姜"",""unit"":""""},{""amount"":0.5,""name"":""盐"",""unit"":""""}]","[""印度"",""亚洲"",""谷物"",""纯素"",""少于15分钟"",""炉灶顶"",""简单""]"
600503,印度咖喱花菜,181.32,6.92,20.05,9.35,0.92,7.45,7.5,466.8,0,1,dinner,"[{""amount"":250,""name"":""花菜"",""unit"":""""},{""amount"":8,""name"":""咖喱粉"",""unit"":""""},{""amount"":50,""name"":""洋葱"",""unit"":""""},{""amount"":8,""name"":""食用油"",""unit"":""""},{""amount"":1,""name"":""盐"",""unit"":""""}]","[""印度"",""亚洲"",""蔬菜"",""纯素"",""咖喱"",""少于30分钟"",""炉灶顶"",""简单""]"
600504,印度绿豆咖喱,273.82,12.52,36.9,9.75,0.98,11.8,6,402.8,0,1,dinner,"[{""amount"":150,""name"":""熟绿豆"",""unit"":""""},{""amount"":100,""name"":""番茄"",""unit"":""""},{""amount"":8,""name"":""咖喱粉"",""unit"":""""},{""amount"":8,""name"":""食用油"",""unit"":""""},{""amount"":1,""name"":""盐"",""unit"":""""}]","[""印度"",""亚洲"",""豆类"",""纯素"",""咖喱"",""少于30分钟"",""炉灶顶"",""简单""]"
600505,印度蔬菜丸子,269.12,8.28,34.44,11.7,1.74,5.9,3.94,400.6,111.9,1,dinner,"[{""amount"":150,""name"":""土豆"",""unit"":""""},{""amount"":50,""name"":""胡萝卜"",""unit"":""""},{""amount"":30,""name"":""鸡蛋"",""unit"":""""},{""amount"":6,""name"":""咖喱粉"",""unit"":""""},{""amount"":8,""name"":""食用油"",""unit"":""""},{""amount"":0.8,""name"":""盐"",""unit"":""""}]","[""印度"",""亚洲"",""蔬菜"",""土豆"",""咖喱"",""少于30分钟"",""炉灶顶"",""简单""]"
600506,印度南瓜咖喱,198.8,4.42,24.65,10.45,4.24,4.4,9,334.8,0,1,dinner,"[{""amount"":250,""name"":""南瓜"",""unit"":""""},{""amount"":8,""name"":""咖喱粉"",""unit"":""""},{""amount"":80,""name"":""低脂椰奶"",""unit"":""""},{""amount"":5,""name"":""食用油"",""unit"":""""},{""amount"":0.8,""name"":""盐"",""unit"":""""}]","[""印度"",""亚洲"",""蔬菜"",""纯素"",""咖喱"",""少于30分钟"",""炉灶顶"",""简单""]"
600507,印度菠菜豆腐,271.92,20.14,15,16.15,1.95,6.8,1.85,575.6,0,1,dinner,"[{""amount"":200,""name"":""菠菜"",""unit"":""""},{""amount"":150,""name"":""豆腐"",""unit"":""""},{""amount"":6,""name"":""咖喱粉"",""unit"":""""},{""amount"":8,""name"":""食用油"",""unit"":""""},{""amount"":1,""name"":""盐"",""unit"":""""}]","[""印度"",""亚洲"",""大豆/豆腐"",""蔬菜"",""纯素"",""咖喱"",""少于30分钟"",""炉灶顶"",""简单""]"
600508,印尼蔬菜咖喱(Gado-Gado),225.5,16.44,17,12.25,2.25,5.52,7.3,534.55,0,1,lunch,"[{""amount"":80,""name"":""绿豆芽"",""unit"":""""},{""amount"":80,""name"":""卷心菜"",""unit"":""""},{""amount"":60,""name"":""黄瓜"",""unit"":""""},{""amount"":100,""name"":""豆腐"",""unit"":""""},{""amount"":15,""name"":""花生酱"",""unit"":""""},{""amount"":10,""name"":""酱油"",""unit"":""""},{""amount"":10,""name"":""青柠"",""unit"":""""}]","[""印度尼西亚"",""亚洲"",""蔬菜"",""大豆/豆腐"",""纯素"",""沙拉"",""健康"",""少于30分钟"",""简单""]"
600509,马来叻沙(轻),368,19.92,55.62,6.93,4.83,4.1,3.6,513.8,117,1,dinner,"[{""amount"":200,""name"":""熟米粉"",""unit"":""""},{""amount"":60,""name"":""虾仁"",""unit"":""""},{""amount"":50,""name"":""绿豆芽"",""unit"":""""},{""amount"":100,""name"":""低脂椰奶"",""unit"":""""},{""amount"":8,""name"":""咖喱粉"",""unit"":""""},{""amount"":1,""name"":""盐"",""unit"":""""}]","[""亚洲"",""马来"",""海鲜"",""咖喱"",""汤"",""健康"",""少于30分钟"",""炉灶顶"",""简单""]"
600510,新加坡鸡肉饭(轻),332.64,33.59,42.34,2.83,0.7,0.9,1.17,499.45,84,1,lunch,"[{""amount"":150,""name"":""熟米饭"",""unit"":""""},{""amount"":120,""name"":""鸡胸肉"",""unit"":""""},{""amount"":50,""name"":""黄瓜"",""unit"":""""},{""amount"":8,""name"":""酱油"",""unit"":""""},{""amount"":5,""name"":""姜"",""unit"":""""}]","[""亚洲"",""新加坡"",""鸡胸肉"",""禽肉"",""谷物"",""健康"",""少于30分钟"",""炉灶顶"",""简单""]"
600511,菲律宾蔬菜汤,134.5,4.08,30.39,0.33,0.07,6.61,7.61,527.7,0,1,dinner,"[{""amount"":100,""name"":""卷心菜"",""unit"":""""},{""amount"":50,""name"":""胡萝卜"",""unit"":""""},{""amount"":100,""name"":""土豆"",""unit"":""""},{""amount"":30,""name"":""洋葱"",""unit"":""""},{""amount"":1.2,""name"":""盐"",""unit"":""""}]","[""菲律宾人"",""亚洲"",""蔬菜"",""汤"",""纯素"",""健康"",""少于30分钟"",""炉灶顶"",""简单""]"
600512,柬埔寨蔬菜咖喱,226.4,5.62,26.3,11.82,5.16,9.44,10.76,97,0,1,dinner,"[{""amount"":80,""name"":""胡萝卜"",""unit"":""""},{""amount"":100,""name"":""茄子"",""unit"":""""},{""amount"":80,""name"":""花菜"",""unit"":""""},{""amount"":100,""name"":""低脂椰奶"",""unit"":""""},{""amount"":8,""name"":""咖喱粉"",""unit"":""""},{""amount"":5,""name"":""食用油"",""unit"":""""}]","[""柬埔寨"",""亚洲"",""蔬菜"",""纯素"",""咖喱"",""健康"",""少于30分钟"",""炉灶顶"",""简单""]"
600513,印尼炒时蔬,145.16,3.84,16.21,8.31,0.7,4.81,6.73,459.2,0,1,dinner,"[{""amount"":100,""name"":""卷心菜"",""unit"":""""},{""amount"":50,""name"":""胡萝卜"",""unit"":""""},{""amount"":50,""name"":""绿豆芽"",""unit"":""""},{""amount"":10,""name"":""蒜"",""unit"":""""},{""amount"":8,""name"":""食用油"",""unit"":""""},{""amount"":8,""name"":""酱油"",""unit"":""""}]","[""印度尼西亚"",""亚洲"",""蔬菜"",""纯素"",""健康"",""少于15分钟"",""炉灶顶"",""炒"",""简单""]"
600514,马来蔬菜沙拉,105.26,5.01,9.62,6.33,1.24,2.88,4.27,31.04,0,1,snack,"[{""amount"":80,""name"":""生菜"",""unit"":""""},{""amount"":50,""name"":""黄瓜"",""unit"":""""},{""amount"":50,""name"":""小番茄"",""unit"":""""},{""amount"":12,""name"":""花生酱"",""unit"":""""},{""amount"":10,""name"":""柠檬汁"",""unit"":""""}]","[""亚洲"",""马来"",""沙拉"",""蔬菜"",""纯素"",""免煮"",""少于15分钟"",""简单""]"
600515,印尼鸡汤(清),213.5,36.87,8.48,3.02,0.79,2.01,3.7,616.35,105,1,dinner,"[{""amount"":150,""name"":""鸡胸肉"",""unit"":""""},{""amount"":50,""name"":""胡萝卜"",""unit"":""""},{""amount"":30,""name"":""洋葱"",""unit"":""""},{""amount"":5,""name"":""姜"",""unit"":""""},{""amount"":1.2,""name"":""盐"",""unit"":""""}]","[""印度尼西亚"",""亚洲"",""鸡肉"",""禽肉"",""汤"",""清汤"",""健康"",""少于30分钟"",""炉灶顶"",""简单""]"
600516,印尼豆腐沙拉,225.26,19.01,12.1,12.89,2.28,3.39,4.38,522.94,0,1,lunch,"[{""amount"":150,""name"":""豆腐"",""unit"":""""},{""amount"":80,""name"":""绿豆芽"",""unit"":""""},{""amount"":50,""name"":""黄瓜"",""unit"":""""},{""amount"":12,""name"":""花生酱"",""unit"":""""},{""amount"":10,""name"":""酱油"",""unit"":""""}]","[""印度尼西亚"",""亚洲"",""大豆/豆腐"",""沙拉"",""纯素"",""健康"",""少于15分钟"",""简单""]"
600517,马来咖喱蔬菜,298.1,5.84,42.58,11.61,5.12,8.14,7.36,79.1,0,1,dinner,"[{""amount"":150,""name"":""土豆"",""unit"":""""},{""amount"":80,""name"":""胡萝卜"",""unit"":""""},{""amount"":100,""name"":""低脂椰奶"",""unit"":""""},{""amount"":8,""name"":""咖喱粉"",""unit"":""""},{""amount"":5,""name"":""食用油"",""unit"":""""}]","[""亚洲"",""马来"",""蔬菜"",""纯素"",""咖喱"",""健康"",""少于30分钟"",""炉灶顶"",""简单""]"
600518,日式凉拌茄子,94.14,2.86,13.77,4.46,0.65,6.1,6.42,506.81,0,1,snack,"[{""amount"":200,""name"":""茄子"",""unit"":""""},{""amount"":10,""name"":""酱油"",""unit"":""""},{""amount"":8,""name"":""米醋"",""unit"":""""},{""amount"":5,""name"":""姜"",""unit"":""""},{""amount"":4,""name"":""香油"",""unit"":""""}]","[""日语"",""亚洲"",""蔬菜"",""纯素"",""免煮"",""少于15分钟"",""简单""]"
600519,泰式蒸蛋,222.54,20.48,5.32,14.27,4.65,0.09,0.68,610.45,559.5,1,breakfast,"[{""amount"":150,""name"":""鸡蛋"",""unit"":""""},{""amount"":8,""name"":""酱油"",""unit"":""""},{""amount"":5,""name"":""葱"",""unit"":""""}]","[""泰国"",""亚洲"",""鸡蛋"",""高蛋白"",""早餐"",""蒸汽"",""少于15分钟"",""简单""]"
600520,韩式绿豆芽汤,54.8,4.51,8.65,0.24,0.05,2.97,4.08,407.36,0,1,dinner,"[{""amount"":200,""name"":""绿豆芽"",""unit"":""""},{""amount"":8,""name"":""蒜"",""unit"":""""},{""amount"":1,""name"":""盐"",""unit"":""""}]","[""韩式"",""亚洲"",""蔬菜"",""汤"",""纯素"",""健康"",""少于15分钟"",""炉灶顶"",""简单""]"
